date,hospital_id,hospital_name,blood_group,component,weekday,is_weekend,is_emergency,requested_units,supplied_units,wasted_units
2026-04-01,HOSP-DEL-01,Safdarjung Hospital,A+,PRBC,2,0,1,43,37,0
2026-04-01,HOSP-DEL-01,Safdarjung Hospital,A-,PRBC,2,0,0,1,0,0
2026-04-01,HOSP-DEL-01,Safdarjung Hospital,B+,PRBC,2,0,0,22,18,0
2026-04-01,HOSP-DEL-01,Safdarjung Hospital,B-,PRBC,2,0,0,2,1,0
2026-04-01,HOSP-DEL-01,Safdarjung Hospital,AB+,PRBC,2,0,0,16,15,0
2026-04-01,HOSP-DEL-01,Safdarjung Hospital,AB-,PRBC,2,0,0,1,0,0
2026-04-01,HOSP-DEL-01,Safdarjung Hospital,O+,PRBC,2,0,0,42,40,0
2026-04-01,HOSP-DEL-01,Safdarjung Hospital,O-,PRBC,2,0,0,5,4,0
2026-04-01,HOSP-MAH-02,Lilavati Hospital & Research Centre,A+,PRBC,2,0,0,35,32,0
2026-04-01,HOSP-MAH-02,Lilavati Hospital & Research Centre,A-,PRBC,2,0,0,1,0,1
2026-04-01,HOSP-MAH-02,Lilavati Hospital & Research Centre,B+,PRBC,2,0,0,67,63,0
2026-04-01,HOSP-MAH-02,Lilavati Hospital & Research Centre,B-,PRBC,2,0,0,2,1,0
2026-04-01,HOSP-MAH-02,Lilavati Hospital & Research Centre,AB+,PRBC,2,0,0,7,6,0
2026-04-01,HOSP-MAH-02,Lilavati Hospital & Research Centre,AB-,PRBC,2,0,0,3,2,0
2026-04-01,HOSP-MAH-02,Lilavati Hospital & Research Centre,O+,PRBC,2,0,0,38,33,0
2026-04-01,HOSP-MAH-02,Lilavati Hospital & Research Centre,O-,PRBC,2,0,0,2,1,0
2026-04-01,HOSP-KAR-03,Manipal Hospital Old Airport Road,A+,PRBC,2,0,0,39,35,1
2026-04-01,HOSP-KAR-03,Manipal Hospital Old Airport Road,A-,PRBC,2,0,0,1,0,0
2026-04-01,HOSP-KAR-03,Manipal Hospital Old Airport Road,B+,PRBC,2,0,0,61,55,0
2026-04-01,HOSP-KAR-03,Manipal Hospital Old Airport Road,B-,PRBC,2,0,0,2,1,1
2026-04-01,HOSP-KAR-03,Manipal Hospital Old Airport Road,AB+,PRBC,2,0,0,9,8,0
2026-04-01,HOSP-KAR-03,Manipal Hospital Old Airport Road,AB-,PRBC,2,0,0,2,1,0
2026-04-01,HOSP-KAR-03,Manipal Hospital Old Airport Road,O+,PRBC,2,0,0,81,77,0
2026-04-01,HOSP-KAR-03,Manipal Hospital Old Airport Road,O-,PRBC,2,0,0,1,0,0
2026-04-01,HOSP-TN-04,Apollo Hospitals Greams Road,A+,PRBC,2,0,0,13,11,0
2026-04-01,HOSP-TN-04,Apollo Hospitals Greams Road,A-,PRBC,2,0,0,4,3,0
2026-04-01,HOSP-TN-04,Apollo Hospitals Greams Road,B+,PRBC,2,0,0,50,46,0
2026-04-01,HOSP-TN-04,Apollo Hospitals Greams Road,B-,PRBC,2,0,1,14,11,1
2026-04-01,HOSP-TN-04,Apollo Hospitals Greams Road,AB+,PRBC,2,0,0,18,15,0
2026-04-01,HOSP-TN-04,Apollo Hospitals Greams Road,AB-,PRBC,2,0,1,10,9,0
2026-04-01,HOSP-TN-04,Apollo Hospitals Greams Road,O+,PRBC,2,0,0,28,24,0
2026-04-01,HOSP-TN-04,Apollo Hospitals Greams Road,O-,PRBC,2,0,0,7,6,0
2026-04-01,HOSP-WB-05,SSKM Hospital & IPGMER,A+,PRBC,2,0,0,41,38,0
2026-04-01,HOSP-WB-05,SSKM Hospital & IPGMER,A-,PRBC,2,0,0,1,0,0
2026-04-01,HOSP-WB-05,SSKM Hospital & IPGMER,B+,PRBC,2,0,0,46,39,0
2026-04-01,HOSP-WB-05,SSKM Hospital & IPGMER,B-,PRBC,2,0,0,1,0,0
2026-04-01,HOSP-WB-05,SSKM Hospital & IPGMER,AB+,PRBC,2,0,0,13,12,1
2026-04-01,HOSP-WB-05,SSKM Hospital & IPGMER,AB-,PRBC,2,0,0,1,0,0
2026-04-01,HOSP-WB-05,SSKM Hospital & IPGMER,O+,PRBC,2,0,0,25,22,1
2026-04-01,HOSP-WB-05,SSKM Hospital & IPGMER,O-,PRBC,2,0,0,4,3,0
2026-04-02,HOSP-DEL-01,Safdarjung Hospital,A+,PRBC,3,0,0,22,19,0
2026-04-02,HOSP-DEL-01,Safdarjung Hospital,A-,PRBC,3,0,0,2,1,1
2026-04-02,HOSP-DEL-01,Safdarjung Hospital,B+,PRBC,3,0,0,43,37,0
2026-04-02,HOSP-DEL-01,Safdarjung Hospital,B-,PRBC,3,0,1,8,6,0
2026-04-02,HOSP-DEL-01,Safdarjung Hospital,AB+,PRBC,3,0,0,5,4,0
2026-04-02,HOSP-DEL-01,Safdarjung Hospital,AB-,PRBC,3,0,0,1,0,0
2026-04-02,HOSP-DEL-01,Safdarjung Hospital,O+,PRBC,3,0,0,71,68,0
2026-04-02,HOSP-DEL-01,Safdarjung Hospital,O-,PRBC,3,0,0,5,4,0
2026-04-02,HOSP-MAH-02,Lilavati Hospital & Research Centre,A+,PRBC,3,0,1,36,35,0
2026-04-02,HOSP-MAH-02,Lilavati Hospital & Research Centre,A-,PRBC,3,0,0,1,0,0
2026-04-02,HOSP-MAH-02,Lilavati Hospital & Research Centre,B+,PRBC,3,0,0,68,60,0
2026-04-02,HOSP-MAH-02,Lilavati Hospital & Research Centre,B-,PRBC,3,0,0,5,4,0
2026-04-02,HOSP-MAH-02,Lilavati Hospital & Research Centre,AB+,PRBC,3,0,0,8,7,0
2026-04-02,HOSP-MAH-02,Lilavati Hospital & Research Centre,AB-,PRBC,3,0,0,1,0,1
2026-04-02,HOSP-MAH-02,Lilavati Hospital & Research Centre,O+,PRBC,3,0,0,20,19,0
2026-04-02,HOSP-MAH-02,Lilavati Hospital & Research Centre,O-,PRBC,3,0,0,2,1,1
2026-04-02,HOSP-KAR-03,Manipal Hospital Old Airport Road,A+,PRBC,3,0,0,26,24,0
2026-04-02,HOSP-KAR-03,Manipal Hospital Old Airport Road,A-,PRBC,3,0,0,1,0,0
2026-04-02,HOSP-KAR-03,Manipal Hospital Old Airport Road,B+,PRBC,3,0,0,69,61,1
2026-04-02,HOSP-KAR-03,Manipal Hospital Old Airport Road,B-,PRBC,3,0,0,3,2,0
2026-04-02,HOSP-KAR-03,Manipal Hospital Old Airport Road,AB+,PRBC,3,0,0,7,6,0
2026-04-02,HOSP-KAR-03,Manipal Hospital Old Airport Road,AB-,PRBC,3,0,1,17,16,0
2026-04-02,HOSP-KAR-03,Manipal Hospital Old Airport Road,O+,PRBC,3,0,0,40,34,0
2026-04-02,HOSP-KAR-03,Manipal Hospital Old Airport Road,O-,PRBC,3,0,0,3,2,1
2026-04-02,HOSP-TN-04,Apollo Hospitals Greams Road,A+,PRBC,3,0,0,46,43,0
2026-04-02,HOSP-TN-04,Apollo Hospitals Greams Road,A-,PRBC,3,0,0,1,0,0
2026-04-02,HOSP-TN-04,Apollo Hospitals Greams Road,B+,PRBC,3,0,0,31,30,0
2026-04-02,HOSP-TN-04,Apollo Hospitals Greams Road,B-,PRBC,3,0,0,2,1,2
2026-04-02,HOSP-TN-04,Apollo Hospitals Greams Road,AB+,PRBC,3,0,0,14,12,1
2026-04-02,HOSP-TN-04,Apollo Hospitals Greams Road,AB-,PRBC,3,0,0,4,3,0
2026-04-02,HOSP-TN-04,Apollo Hospitals Greams Road,O+,PRBC,3,0,0,34,30,0
2026-04-02,HOSP-TN-04,Apollo Hospitals Greams Road,O-,PRBC,3,0,0,5,4,0
2026-04-02,HOSP-WB-05,SSKM Hospital & IPGMER,A+,PRBC,3,0,0,47,41,0
2026-04-02,HOSP-WB-05,SSKM Hospital & IPGMER,A-,PRBC,3,0,0,3,2,0
2026-04-02,HOSP-WB-05,SSKM Hospital & IPGMER,B+,PRBC,3,0,0,55,54,0
2026-04-02,HOSP-WB-05,SSKM Hospital & IPGMER,B-,PRBC,3,0,0,4,3,0
2026-04-02,HOSP-WB-05,SSKM Hospital & IPGMER,AB+,PRBC,3,0,0,10,9,0
2026-04-02,HOSP-WB-05,SSKM Hospital & IPGMER,AB-,PRBC,3,0,0,1,0,0
2026-04-02,HOSP-WB-05,SSKM Hospital & IPGMER,O+,PRBC,3,0,0,56,53,0
2026-04-02,HOSP-WB-05,SSKM Hospital & IPGMER,O-,PRBC,3,0,0,3,2,1
2026-04-03,HOSP-DEL-01,Safdarjung Hospital,A+,PRBC,4,0,0,32,30,0
2026-04-03,HOSP-DEL-01,Safdarjung Hospital,A-,PRBC,4,0,0,2,1,0
2026-04-03,HOSP-DEL-01,Safdarjung Hospital,B+,PRBC,4,0,0,27,25,1
2026-04-03,HOSP-DEL-01,Safdarjung Hospital,B-,PRBC,4,0,0,5,4,0
2026-04-03,HOSP-DEL-01,Safdarjung Hospital,AB+,PRBC,4,0,0,9,8,0
2026-04-03,HOSP-DEL-01,Safdarjung Hospital,AB-,PRBC,4,0,0,1,0,1
2026-04-03,HOSP-DEL-01,Safdarjung Hospital,O+,PRBC,4,0,0,69,63,0
2026-04-03,HOSP-DEL-01,Safdarjung Hospital,O-,PRBC,4,0,0,2,1,0
2026-04-03,HOSP-MAH-02,Lilavati Hospital & Research Centre,A+,PRBC,4,0,1,26,24,0
2026-04-03,HOSP-MAH-02,Lilavati Hospital & Research Centre,A-,PRBC,4,0,0,4,3,0
2026-04-03,HOSP-MAH-02,Lilavati Hospital & Research Centre,B+,PRBC,4,0,0,47,44,1
2026-04-03,HOSP-MAH-02,Lilavati Hospital & Research Centre,B-,PRBC,4,0,0,5,4,0
2026-04-03,HOSP-MAH-02,Lilavati Hospital & Research Centre,AB+,PRBC,4,0,0,17,15,0
2026-04-03,HOSP-MAH-02,Lilavati Hospital & Research Centre,AB-,PRBC,4,0,0,3,2,0
2026-04-03,HOSP-MAH-02,Lilavati Hospital & Research Centre,O+,PRBC,4,0,0,40,37,0
2026-04-03,HOSP-MAH-02,Lilavati Hospital & Research Centre,O-,PRBC,4,0,0,6,5,0
2026-04-03,HOSP-KAR-03,Manipal Hospital Old Airport Road,A+,PRBC,4,0,0,43,41,0
2026-04-03,HOSP-KAR-03,Manipal Hospital Old Airport Road,A-,PRBC,4,0,0,2,1,0
2026-04-03,HOSP-KAR-03,Manipal Hospital Old Airport Road,B+,PRBC,4,0,0,32,31,0
2026-04-03,HOSP-KAR-03,Manipal Hospital Old Airport Road,B-,PRBC,4,0,0,1,0,0
2026-04-03,HOSP-KAR-03,Manipal Hospital Old Airport Road,AB+,PRBC,4,0,0,11,9,0
2026-04-03,HOSP-KAR-03,Manipal Hospital Old Airport Road,AB-,PRBC,4,0,0,3,2,1
2026-04-03,HOSP-KAR-03,Manipal Hospital Old Airport Road,O+,PRBC,4,0,0,57,51,0
2026-04-03,HOSP-KAR-03,Manipal Hospital Old Airport Road,O-,PRBC,4,0,0,8,7,0
2026-04-03,HOSP-TN-04,Apollo Hospitals Greams Road,A+,PRBC,4,0,0,33,29,0
2026-04-03,HOSP-TN-04,Apollo Hospitals Greams Road,A-,PRBC,4,0,0,2,1,0
2026-04-03,HOSP-TN-04,Apollo Hospitals Greams Road,B+,PRBC,4,0,0,72,61,0
2026-04-03,HOSP-TN-04,Apollo Hospitals Greams Road,B-,PRBC,4,0,1,19,16,0
2026-04-03,HOSP-TN-04,Apollo Hospitals Greams Road,AB+,PRBC,4,0,0,3,2,0
2026-04-03,HOSP-TN-04,Apollo Hospitals Greams Road,AB-,PRBC,4,0,0,2,1,0
2026-04-03,HOSP-TN-04,Apollo Hospitals Greams Road,O+,PRBC,4,0,0,18,15,0
2026-04-03,HOSP-TN-04,Apollo Hospitals Greams Road,O-,PRBC,4,0,1,11,9,0
2026-04-03,HOSP-WB-05,SSKM Hospital & IPGMER,A+,PRBC,4,0,0,19,16,1
2026-04-03,HOSP-WB-05,SSKM Hospital & IPGMER,A-,PRBC,4,0,0,2,1,0
2026-04-03,HOSP-WB-05,SSKM Hospital & IPGMER,B+,PRBC,4,0,0,58,57,0
2026-04-03,HOSP-WB-05,SSKM Hospital & IPGMER,B-,PRBC,4,0,0,4,3,0
2026-04-03,HOSP-WB-05,SSKM Hospital & IPGMER,AB+,PRBC,4,0,0,21,20,0
2026-04-03,HOSP-WB-05,SSKM Hospital & IPGMER,AB-,PRBC,4,0,0,3,2,0
2026-04-03,HOSP-WB-05,SSKM Hospital & IPGMER,O+,PRBC,4,0,0,86,79,0
2026-04-03,HOSP-WB-05,SSKM Hospital & IPGMER,O-,PRBC,4,0,0,1,0,0
2026-04-04,HOSP-DEL-01,Safdarjung Hospital,A+,PRBC,5,1,0,21,20,0
2026-04-04,HOSP-DEL-01,Safdarjung Hospital,A-,PRBC,5,1,0,3,2,0
2026-04-04,HOSP-DEL-01,Safdarjung Hospital,B+,PRBC,5,1,0,82,75,0
2026-04-04,HOSP-DEL-01,Safdarjung Hospital,B-,PRBC,5,1,0,2,1,0
2026-04-04,HOSP-DEL-01,Safdarjung Hospital,AB+,PRBC,5,1,0,24,22,0
2026-04-04,HOSP-DEL-01,Safdarjung Hospital,AB-,PRBC,5,1,0,1,0,0
2026-04-04,HOSP-DEL-01,Safdarjung Hospital,O+,PRBC,5,1,0,96,91,0
2026-04-04,HOSP-DEL-01,Safdarjung Hospital,O-,PRBC,5,1,0,1,0,0
2026-04-04,HOSP-MAH-02,Lilavati Hospital & Research Centre,A+,PRBC,5,1,0,42,39,0
2026-04-04,HOSP-MAH-02,Lilavati Hospital & Research Centre,A-,PRBC,5,1,0,2,1,0
2026-04-04,HOSP-MAH-02,Lilavati Hospital & Research Centre,B+,PRBC,5,1,0,72,66,0
2026-04-04,HOSP-MAH-02,Lilavati Hospital & Research Centre,B-,PRBC,5,1,0,6,5,0
2026-04-04,HOSP-MAH-02,Lilavati Hospital & Research Centre,AB+,PRBC,5,1,0,9,7,0
2026-04-04,HOSP-MAH-02,Lilavati Hospital & Research Centre,AB-,PRBC,5,1,0,1,0,0
2026-04-04,HOSP-MAH-02,Lilavati Hospital & Research Centre,O+,PRBC,5,1,0,77,68,0
2026-04-04,HOSP-MAH-02,Lilavati Hospital & Research Centre,O-,PRBC,5,1,0,1,0,0
2026-04-04,HOSP-KAR-03,Manipal Hospital Old Airport Road,A+,PRBC,5,1,1,26,23,1
2026-04-04,HOSP-KAR-03,Manipal Hospital Old Airport Road,A-,PRBC,5,1,0,1,0,0
2026-04-04,HOSP-KAR-03,Manipal Hospital Old Airport Road,B+,PRBC,5,1,0,54,53,0
2026-04-04,HOSP-KAR-03,Manipal Hospital Old Airport Road,B-,PRBC,5,1,0,3,2,0
2026-04-04,HOSP-KAR-03,Manipal Hospital Old Airport Road,AB+,PRBC,5,1,1,27,26,0
2026-04-04,HOSP-KAR-03,Manipal Hospital Old Airport Road,AB-,PRBC,5,1,0,1,0,0
2026-04-04,HOSP-KAR-03,Manipal Hospital Old Airport Road,O+,PRBC,5,1,0,43,42,0
2026-04-04,HOSP-KAR-03,Manipal Hospital Old Airport Road,O-,PRBC,5,1,0,8,7,0
2026-04-04,HOSP-TN-04,Apollo Hospitals Greams Road,A+,PRBC,5,1,0,49,46,0
2026-04-04,HOSP-TN-04,Apollo Hospitals Greams Road,A-,PRBC,5,1,0,2,1,0
2026-04-04,HOSP-TN-04,Apollo Hospitals Greams Road,B+,PRBC,5,1,0,54,46,0
2026-04-04,HOSP-TN-04,Apollo Hospitals Greams Road,B-,PRBC,5,1,0,1,0,1
2026-04-04,HOSP-TN-04,Apollo Hospitals Greams Road,AB+,PRBC,5,1,0,23,22,0
2026-04-04,HOSP-TN-04,Apollo Hospitals Greams Road,AB-,PRBC,5,1,0,1,0,0
2026-04-04,HOSP-TN-04,Apollo Hospitals Greams Road,O+,PRBC,5,1,0,28,26,0
2026-04-04,HOSP-TN-04,Apollo Hospitals Greams Road,O-,PRBC,5,1,0,10,9,0
2026-04-04,HOSP-WB-05,SSKM Hospital & IPGMER,A+,PRBC,5,1,0,62,56,0
2026-04-04,HOSP-WB-05,SSKM Hospital & IPGMER,A-,PRBC,5,1,0,5,4,0
2026-04-04,HOSP-WB-05,SSKM Hospital & IPGMER,B+,PRBC,5,1,0,95,89,0
2026-04-04,HOSP-WB-05,SSKM Hospital & IPGMER,B-,PRBC,5,1,0,7,5,0
2026-04-04,HOSP-WB-05,SSKM Hospital & IPGMER,AB+,PRBC,5,1,0,14,12,0
2026-04-04,HOSP-WB-05,SSKM Hospital & IPGMER,AB-,PRBC,5,1,0,1,0,0
2026-04-04,HOSP-WB-05,SSKM Hospital & IPGMER,O+,PRBC,5,1,0,49,44,0
2026-04-04,HOSP-WB-05,SSKM Hospital & IPGMER,O-,PRBC,5,1,0,5,4,0
2026-04-05,HOSP-DEL-01,Safdarjung Hospital,A+,PRBC,6,1,0,27,26,0
2026-04-05,HOSP-DEL-01,Safdarjung Hospital,A-,PRBC,6,1,0,1,0,0
2026-04-05,HOSP-DEL-01,Safdarjung Hospital,B+,PRBC,6,1,0,49,44,0
2026-04-05,HOSP-DEL-01,Safdarjung Hospital,B-,PRBC,6,1,0,2,1,0
2026-04-05,HOSP-DEL-01,Safdarjung Hospital,AB+,PRBC,6,1,0,8,7,0
2026-04-05,HOSP-DEL-01,Safdarjung Hospital,AB-,PRBC,6,1,1,9,7,0
2026-04-05,HOSP-DEL-01,Safdarjung Hospital,O+,PRBC,6,1,0,35,34,0
2026-04-05,HOSP-DEL-01,Safdarjung Hospital,O-,PRBC,6,1,0,6,5,0
2026-04-05,HOSP-MAH-02,Lilavati Hospital & Research Centre,A+,PRBC,6,1,0,35,31,1
2026-04-05,HOSP-MAH-02,Lilavati Hospital & Research Centre,A-,PRBC,6,1,0,1,0,0
2026-04-05,HOSP-MAH-02,Lilavati Hospital & Research Centre,B+,PRBC,6,1,0,52,46,0
2026-04-05,HOSP-MAH-02,Lilavati Hospital & Research Centre,B-,PRBC,6,1,0,5,4,0
2026-04-05,HOSP-MAH-02,Lilavati Hospital & Research Centre,AB+,PRBC,6,1,0,7,6,0
2026-04-05,HOSP-MAH-02,Lilavati Hospital & Research Centre,AB-,PRBC,6,1,0,1,0,0
2026-04-05,HOSP-MAH-02,Lilavati Hospital & Research Centre,O+,PRBC,6,1,0,58,49,0
2026-04-05,HOSP-MAH-02,Lilavati Hospital & Research Centre,O-,PRBC,6,1,0,7,6,0
2026-04-05,HOSP-KAR-03,Manipal Hospital Old Airport Road,A+,PRBC,6,1,0,44,38,1
2026-04-05,HOSP-KAR-03,Manipal Hospital Old Airport Road,A-,PRBC,6,1,0,2,1,1
2026-04-05,HOSP-KAR-03,Manipal Hospital Old Airport Road,B+,PRBC,6,1,0,22,21,0
2026-04-05,HOSP-KAR-03,Manipal Hospital Old Airport Road,B-,PRBC,6,1,0,7,6,0
2026-04-05,HOSP-KAR-03,Manipal Hospital Old Airport Road,AB+,PRBC,6,1,0,24,21,0
2026-04-05,HOSP-KAR-03,Manipal Hospital Old Airport Road,AB-,PRBC,6,1,0,2,1,0
2026-04-05,HOSP-KAR-03,Manipal Hospital Old Airport Road,O+,PRBC,6,1,0,78,75,0
2026-04-05,HOSP-KAR-03,Manipal Hospital Old Airport Road,O-,PRBC,6,1,0,1,0,0
2026-04-05,HOSP-TN-04,Apollo Hospitals Greams Road,A+,PRBC,6,1,1,64,57,0
2026-04-05,HOSP-TN-04,Apollo Hospitals Greams Road,A-,PRBC,6,1,0,4,3,0
2026-04-05,HOSP-TN-04,Apollo Hospitals Greams Road,B+,PRBC,6,1,0,26,24,0
2026-04-05,HOSP-TN-04,Apollo Hospitals Greams Road,B-,PRBC,6,1,0,6,5,0
2026-04-05,HOSP-TN-04,Apollo Hospitals Greams Road,AB+,PRBC,6,1,0,5,4,0
2026-04-05,HOSP-TN-04,Apollo Hospitals Greams Road,AB-,PRBC,6,1,0,2,1,1
2026-04-05,HOSP-TN-04,Apollo Hospitals Greams Road,O+,PRBC,6,1,0,84,73,0
2026-04-05,HOSP-TN-04,Apollo Hospitals Greams Road,O-,PRBC,6,1,0,7,6,0
2026-04-05,HOSP-WB-05,SSKM Hospital & IPGMER,A+,PRBC,6,1,1,64,57,0
2026-04-05,HOSP-WB-05,SSKM Hospital & IPGMER,A-,PRBC,6,1,0,1,0,0
2026-04-05,HOSP-WB-05,SSKM Hospital & IPGMER,B+,PRBC,6,1,0,82,77,0
2026-04-05,HOSP-WB-05,SSKM Hospital & IPGMER,B-,PRBC,6,1,0,6,5,0
2026-04-05,HOSP-WB-05,SSKM Hospital & IPGMER,AB+,PRBC,6,1,0,16,15,0
2026-04-05,HOSP-WB-05,SSKM Hospital & IPGMER,AB-,PRBC,6,1,0,2,1,0
2026-04-05,HOSP-WB-05,SSKM Hospital & IPGMER,O+,PRBC,6,1,0,106,92,0
2026-04-05,HOSP-WB-05,SSKM Hospital & IPGMER,O-,PRBC,6,1,0,7,6,0
2026-04-06,HOSP-DEL-01,Safdarjung Hospital,A+,PRBC,0,0,0,17,16,0
2026-04-06,HOSP-DEL-01,Safdarjung Hospital,A-,PRBC,0,0,0,4,3,0
2026-04-06,HOSP-DEL-01,Safdarjung Hospital,B+,PRBC,0,0,0,75,71,0
2026-04-06,HOSP-DEL-01,Safdarjung Hospital,B-,PRBC,0,0,0,2,1,0
2026-04-06,HOSP-DEL-01,Safdarjung Hospital,AB+,PRBC,0,0,0,15,14,0
2026-04-06,HOSP-DEL-01,Safdarjung Hospital,AB-,PRBC,0,0,0,1,0,0
2026-04-06,HOSP-DEL-01,Safdarjung Hospital,O+,PRBC,0,0,0,21,18,0
2026-04-06,HOSP-DEL-01,Safdarjung Hospital,O-,PRBC,0,0,0,6,5,0
2026-04-06,HOSP-MAH-02,Lilavati Hospital & Research Centre,A+,PRBC,0,0,0,24,21,0
2026-04-06,HOSP-MAH-02,Lilavati Hospital & Research Centre,A-,PRBC,0,0,0,1,0,0
2026-04-06,HOSP-MAH-02,Lilavati Hospital & Research Centre,B+,PRBC,0,0,0,73,66,0
2026-04-06,HOSP-MAH-02,Lilavati Hospital & Research Centre,B-,PRBC,0,0,0,1,0,0
2026-04-06,HOSP-MAH-02,Lilavati Hospital & Research Centre,AB+,PRBC,0,0,0,22,19,0
2026-04-06,HOSP-MAH-02,Lilavati Hospital & Research Centre,AB-,PRBC,0,0,0,1,0,0
2026-04-06,HOSP-MAH-02,Lilavati Hospital & Research Centre,O+,PRBC,0,0,0,78,70,0
2026-04-06,HOSP-MAH-02,Lilavati Hospital & Research Centre,O-,PRBC,0,0,0,3,2,0
2026-04-06,HOSP-KAR-03,Manipal Hospital Old Airport Road,A+,PRBC,0,0,0,33,31,0
2026-04-06,HOSP-KAR-03,Manipal Hospital Old Airport Road,A-,PRBC,0,0,0,1,0,0
2026-04-06,HOSP-KAR-03,Manipal Hospital Old Airport Road,B+,PRBC,0,0,0,49,44,0
2026-04-06,HOSP-KAR-03,Manipal Hospital Old Airport Road,B-,PRBC,0,0,1,10,9,0
2026-04-06,HOSP-KAR-03,Manipal Hospital Old Airport Road,AB+,PRBC,0,0,0,4,3,0
2026-04-06,HOSP-KAR-03,Manipal Hospital Old Airport Road,AB-,PRBC,0,0,0,1,0,0
2026-04-06,HOSP-KAR-03,Manipal Hospital Old Airport Road,O+,PRBC,0,0,0,44,40,0
2026-04-06,HOSP-KAR-03,Manipal Hospital Old Airport Road,O-,PRBC,0,0,0,6,5,0
2026-04-06,HOSP-TN-04,Apollo Hospitals Greams Road,A+,PRBC,0,0,0,42,38,0
2026-04-06,HOSP-TN-04,Apollo Hospitals Greams Road,A-,PRBC,0,0,1,16,14,0
2026-04-06,HOSP-TN-04,Apollo Hospitals Greams Road,B+,PRBC,0,0,0,55,49,0
2026-04-06,HOSP-TN-04,Apollo Hospitals Greams Road,B-,PRBC,0,0,0,3,2,0
2026-04-06,HOSP-TN-04,Apollo Hospitals Greams Road,AB+,PRBC,0,0,0,20,18,0
2026-04-06,HOSP-TN-04,Apollo Hospitals Greams Road,AB-,PRBC,0,0,0,4,3,0
2026-04-06,HOSP-TN-04,Apollo Hospitals Greams Road,O+,PRBC,0,0,0,68,66,0
2026-04-06,HOSP-TN-04,Apollo Hospitals Greams Road,O-,PRBC,0,0,0,9,7,0
2026-04-06,HOSP-WB-05,SSKM Hospital & IPGMER,A+,PRBC,0,0,0,35,33,0
2026-04-06,HOSP-WB-05,SSKM Hospital & IPGMER,A-,PRBC,0,0,0,2,1,0
2026-04-06,HOSP-WB-05,SSKM Hospital & IPGMER,B+,PRBC,0,0,0,65,64,0
2026-04-06,HOSP-WB-05,SSKM Hospital & IPGMER,B-,PRBC,0,0,0,6,5,0
2026-04-06,HOSP-WB-05,SSKM Hospital & IPGMER,AB+,PRBC,0,0,1,29,26,0
2026-04-06,HOSP-WB-05,SSKM Hospital & IPGMER,AB-,PRBC,0,0,0,1,0,0
2026-04-06,HOSP-WB-05,SSKM Hospital & IPGMER,O+,PRBC,0,0,0,76,71,0
2026-04-06,HOSP-WB-05,SSKM Hospital & IPGMER,O-,PRBC,0,0,0,8,7,0
2026-04-07,HOSP-DEL-01,Safdarjung Hospital,A+,PRBC,1,0,0,14,12,0
2026-04-07,HOSP-DEL-01,Safdarjung Hospital,A-,PRBC,1,0,0,2,1,0
2026-04-07,HOSP-DEL-01,Safdarjung Hospital,B+,PRBC,1,0,0,21,18,0
2026-04-07,HOSP-DEL-01,Safdarjung Hospital,B-,PRBC,1,0,0,1,0,0
2026-04-07,HOSP-DEL-01,Safdarjung Hospital,AB+,PRBC,1,0,0,6,5,0
2026-04-07,HOSP-DEL-01,Safdarjung Hospital,AB-,PRBC,1,0,1,9,7,0
2026-04-07,HOSP-DEL-01,Safdarjung Hospital,O+,PRBC,1,0,0,50,45,0
2026-04-07,HOSP-DEL-01,Safdarjung Hospital,O-,PRBC,1,0,0,7,6,0
2026-04-07,HOSP-MAH-02,Lilavati Hospital & Research Centre,A+,PRBC,1,0,0,33,28,0
2026-04-07,HOSP-MAH-02,Lilavati Hospital & Research Centre,A-,PRBC,1,0,1,10,9,0
2026-04-07,HOSP-MAH-02,Lilavati Hospital & Research Centre,B+,PRBC,1,0,0,33,31,0
2026-04-07,HOSP-MAH-02,Lilavati Hospital & Research Centre,B-,PRBC,1,0,0,4,3,0
2026-04-07,HOSP-MAH-02,Lilavati Hospital & Research Centre,AB+,PRBC,1,0,0,12,10,0
2026-04-07,HOSP-MAH-02,Lilavati Hospital & Research Centre,AB-,PRBC,1,0,0,3,2,0
2026-04-07,HOSP-MAH-02,Lilavati Hospital & Research Centre,O+,PRBC,1,0,0,63,53,0
2026-04-07,HOSP-MAH-02,Lilavati Hospital & Research Centre,O-,PRBC,1,0,0,9,8,0
2026-04-07,HOSP-KAR-03,Manipal Hospital Old Airport Road,A+,PRBC,1,0,0,45,40,0
2026-04-07,HOSP-KAR-03,Manipal Hospital Old Airport Road,A-,PRBC,1,0,0,2,1,0
2026-04-07,HOSP-KAR-03,Manipal Hospital Old Airport Road,B+,PRBC,1,0,0,47,41,0
2026-04-07,HOSP-KAR-03,Manipal Hospital Old Airport Road,B-,PRBC,1,0,0,5,4,0
2026-04-07,HOSP-KAR-03,Manipal Hospital Old Airport Road,AB+,PRBC,1,0,0,8,6,0
2026-04-07,HOSP-KAR-03,Manipal Hospital Old Airport Road,AB-,PRBC,1,0,0,3,2,0
2026-04-07,HOSP-KAR-03,Manipal Hospital Old Airport Road,O+,PRBC,1,0,0,72,68,2
2026-04-07,HOSP-KAR-03,Manipal Hospital Old Airport Road,O-,PRBC,1,0,0,3,2,0
2026-04-07,HOSP-TN-04,Apollo Hospitals Greams Road,A+,PRBC,1,0,0,27,25,0
2026-04-07,HOSP-TN-04,Apollo Hospitals Greams Road,A-,PRBC,1,0,0,1,0,0
2026-04-07,HOSP-TN-04,Apollo Hospitals Greams Road,B+,PRBC,1,0,0,17,16,0
2026-04-07,HOSP-TN-04,Apollo Hospitals Greams Road,B-,PRBC,1,0,0,5,4,0
2026-04-07,HOSP-TN-04,Apollo Hospitals Greams Road,AB+,PRBC,1,0,0,16,15,0
2026-04-07,HOSP-TN-04,Apollo Hospitals Greams Road,AB-,PRBC,1,0,0,1,0,0
2026-04-07,HOSP-TN-04,Apollo Hospitals Greams Road,O+,PRBC,1,0,1,75,69,0
2026-04-07,HOSP-TN-04,Apollo Hospitals Greams Road,O-,PRBC,1,0,0,4,3,0
2026-04-07,HOSP-WB-05,SSKM Hospital & IPGMER,A+,PRBC,1,0,0,36,32,0
2026-04-07,HOSP-WB-05,SSKM Hospital & IPGMER,A-,PRBC,1,0,0,2,1,0
2026-04-07,HOSP-WB-05,SSKM Hospital & IPGMER,B+,PRBC,1,0,0,69,59,0
2026-04-07,HOSP-WB-05,SSKM Hospital & IPGMER,B-,PRBC,1,0,0,7,6,0
2026-04-07,HOSP-WB-05,SSKM Hospital & IPGMER,AB+,PRBC,1,0,0,13,12,0
2026-04-07,HOSP-WB-05,SSKM Hospital & IPGMER,AB-,PRBC,1,0,0,3,2,0
2026-04-07,HOSP-WB-05,SSKM Hospital & IPGMER,O+,PRBC,1,0,0,68,64,0
2026-04-07,HOSP-WB-05,SSKM Hospital & IPGMER,O-,PRBC,1,0,0,1,0,0
2026-04-08,HOSP-DEL-01,Safdarjung Hospital,A+,PRBC,2,0,0,16,13,0
2026-04-08,HOSP-DEL-01,Safdarjung Hospital,A-,PRBC,2,0,0,4,3,0
2026-04-08,HOSP-DEL-01,Safdarjung Hospital,B+,PRBC,2,0,0,34,31,0
2026-04-08,HOSP-DEL-01,Safdarjung Hospital,B-,PRBC,2,0,0,3,2,0
2026-04-08,HOSP-DEL-01,Safdarjung Hospital,AB+,PRBC,2,0,0,14,13,1
2026-04-08,HOSP-DEL-01,Safdarjung Hospital,AB-,PRBC,2,0,0,1,0,0
2026-04-08,HOSP-DEL-01,Safdarjung Hospital,O+,PRBC,2,0,0,84,76,1
2026-04-08,HOSP-DEL-01,Safdarjung Hospital,O-,PRBC,2,0,0,7,6,0
2026-04-08,HOSP-MAH-02,Lilavati Hospital & Research Centre,A+,PRBC,2,0,0,25,24,0
2026-04-08,HOSP-MAH-02,Lilavati Hospital & Research Centre,A-,PRBC,2,0,0,1,0,0
2026-04-08,HOSP-MAH-02,Lilavati Hospital & Research Centre,B+,PRBC,2,0,0,65,56,0
2026-04-08,HOSP-MAH-02,Lilavati Hospital & Research Centre,B-,PRBC,2,0,0,3,2,1
2026-04-08,HOSP-MAH-02,Lilavati Hospital & Research Centre,AB+,PRBC,2,0,0,15,13,0
2026-04-08,HOSP-MAH-02,Lilavati Hospital & Research Centre,AB-,PRBC,2,0,0,1,0,0
2026-04-08,HOSP-MAH-02,Lilavati Hospital & Research Centre,O+,PRBC,2,0,0,85,76,0
2026-04-08,HOSP-MAH-02,Lilavati Hospital & Research Centre,O-,PRBC,2,0,0,2,1,0
2026-04-08,HOSP-KAR-03,Manipal Hospital Old Airport Road,A+,PRBC,2,0,0,36,35,0
2026-04-08,HOSP-KAR-03,Manipal Hospital Old Airport Road,A-,PRBC,2,0,0,4,3,0
2026-04-08,HOSP-KAR-03,Manipal Hospital Old Airport Road,B+,PRBC,2,0,0,59,50,0
2026-04-08,HOSP-KAR-03,Manipal Hospital Old Airport Road,B-,PRBC,2,0,0,2,1,0
2026-04-08,HOSP-KAR-03,Manipal Hospital Old Airport Road,AB+,PRBC,2,0,0,14,12,0
2026-04-08,HOSP-KAR-03,Manipal Hospital Old Airport Road,AB-,PRBC,2,0,0,1,0,0
2026-04-08,HOSP-KAR-03,Manipal Hospital Old Airport Road,O+,PRBC,2,0,0,64,55,0
2026-04-08,HOSP-KAR-03,Manipal Hospital Old Airport Road,O-,PRBC,2,0,0,6,5,1
2026-04-08,HOSP-TN-04,Apollo Hospitals Greams Road,A+,PRBC,2,0,0,11,9,0
2026-04-08,HOSP-TN-04,Apollo Hospitals Greams Road,A-,PRBC,2,0,0,6,5,0
2026-04-08,HOSP-TN-04,Apollo Hospitals Greams Road,B+,PRBC,2,0,0,48,41,0
2026-04-08,HOSP-TN-04,Apollo Hospitals Greams Road,B-,PRBC,2,0,0,7,6,0
2026-04-08,HOSP-TN-04,Apollo Hospitals Greams Road,AB+,PRBC,2,0,0,12,11,1
2026-04-08,HOSP-TN-04,Apollo Hospitals Greams Road,AB-,PRBC,2,0,0,1,0,0
2026-04-08,HOSP-TN-04,Apollo Hospitals Greams Road,O+,PRBC,2,0,0,41,37,0
2026-04-08,HOSP-TN-04,Apollo Hospitals Greams Road,O-,PRBC,2,0,0,3,2,0
2026-04-08,HOSP-WB-05,SSKM Hospital & IPGMER,A+,PRBC,2,0,0,15,14,1
2026-04-08,HOSP-WB-05,SSKM Hospital & IPGMER,A-,PRBC,2,0,0,2,1,0
2026-04-08,HOSP-WB-05,SSKM Hospital & IPGMER,B+,PRBC,2,0,0,60,57,0
2026-04-08,HOSP-WB-05,SSKM Hospital & IPGMER,B-,PRBC,2,0,0,5,4,0
2026-04-08,HOSP-WB-05,SSKM Hospital & IPGMER,AB+,PRBC,2,0,0,10,9,0
2026-04-08,HOSP-WB-05,SSKM Hospital & IPGMER,AB-,PRBC,2,0,0,1,0,1
2026-04-08,HOSP-WB-05,SSKM Hospital & IPGMER,O+,PRBC,2,0,0,63,62,1
2026-04-08,HOSP-WB-05,SSKM Hospital & IPGMER,O-,PRBC,2,0,0,1,0,0
2026-04-09,HOSP-DEL-01,Safdarjung Hospital,A+,PRBC,3,0,1,33,31,0
2026-04-09,HOSP-DEL-01,Safdarjung Hospital,A-,PRBC,3,0,0,1,0,1
2026-04-09,HOSP-DEL-01,Safdarjung Hospital,B+,PRBC,3,0,0,17,16,0
2026-04-09,HOSP-DEL-01,Safdarjung Hospital,B-,PRBC,3,0,0,6,5,0
2026-04-09,HOSP-DEL-01,Safdarjung Hospital,AB+,PRBC,3,0,0,6,5,0
2026-04-09,HOSP-DEL-01,Safdarjung Hospital,AB-,PRBC,3,0,0,1,0,0
2026-04-09,HOSP-DEL-01,Safdarjung Hospital,O+,PRBC,3,0,0,35,34,0
2026-04-09,HOSP-DEL-01,Safdarjung Hospital,O-,PRBC,3,0,0,3,2,0
2026-04-09,HOSP-MAH-02,Lilavati Hospital & Research Centre,A+,PRBC,3,0,0,49,46,0
2026-04-09,HOSP-MAH-02,Lilavati Hospital & Research Centre,A-,PRBC,3,0,0,2,1,0
2026-04-09,HOSP-MAH-02,Lilavati Hospital & Research Centre,B+,PRBC,3,0,0,70,64,0
2026-04-09,HOSP-MAH-02,Lilavati Hospital & Research Centre,B-,PRBC,3,0,0,2,1,0
2026-04-09,HOSP-MAH-02,Lilavati Hospital & Research Centre,AB+,PRBC,3,0,0,11,9,1
2026-04-09,HOSP-MAH-02,Lilavati Hospital & Research Centre,AB-,PRBC,3,0,0,3,2,0
2026-04-09,HOSP-MAH-02,Lilavati Hospital & Research Centre,O+,PRBC,3,0,0,69,59,0
2026-04-09,HOSP-MAH-02,Lilavati Hospital & Research Centre,O-,PRBC,3,0,0,3,2,1
2026-04-09,HOSP-KAR-03,Manipal Hospital Old Airport Road,A+,PRBC,3,0,0,40,38,0
2026-04-09,HOSP-KAR-03,Manipal Hospital Old Airport Road,A-,PRBC,3,0,0,1,0,0
2026-04-09,HOSP-KAR-03,Manipal Hospital Old Airport Road,B+,PRBC,3,0,0,23,20,1
2026-04-09,HOSP-KAR-03,Manipal Hospital Old Airport Road,B-,PRBC,3,0,0,4,3,1
2026-04-09,HOSP-KAR-03,Manipal Hospital Old Airport Road,AB+,PRBC,3,0,0,10,9,0
2026-04-09,HOSP-KAR-03,Manipal Hospital Old Airport Road,AB-,PRBC,3,0,0,1,0,0
2026-04-09,HOSP-KAR-03,Manipal Hospital Old Airport Road,O+,PRBC,3,0,0,82,70,1
2026-04-09,HOSP-KAR-03,Manipal Hospital Old Airport Road,O-,PRBC,3,0,0,3,2,0
2026-04-09,HOSP-TN-04,Apollo Hospitals Greams Road,A+,PRBC,3,0,0,30,27,0
2026-04-09,HOSP-TN-04,Apollo Hospitals Greams Road,A-,PRBC,3,0,0,2,1,0
2026-04-09,HOSP-TN-04,Apollo Hospitals Greams Road,B+,PRBC,3,0,0,42,36,0
2026-04-09,HOSP-TN-04,Apollo Hospitals Greams Road,B-,PRBC,3,0,0,4,3,1
2026-04-09,HOSP-TN-04,Apollo Hospitals Greams Road,AB+,PRBC,3,0,0,9,8,0
2026-04-09,HOSP-TN-04,Apollo Hospitals Greams Road,AB-,PRBC,3,0,0,1,0,0
2026-04-09,HOSP-TN-04,Apollo Hospitals Greams Road,O+,PRBC,3,0,0,46,41,0
2026-04-09,HOSP-TN-04,Apollo Hospitals Greams Road,O-,PRBC,3,0,0,4,3,1
2026-04-09,HOSP-WB-05,SSKM Hospital & IPGMER,A+,PRBC,3,0,0,37,34,0
2026-04-09,HOSP-WB-05,SSKM Hospital & IPGMER,A-,PRBC,3,0,0,1,0,0
2026-04-09,HOSP-WB-05,SSKM Hospital & IPGMER,B+,PRBC,3,0,0,44,39,0
2026-04-09,HOSP-WB-05,SSKM Hospital & IPGMER,B-,PRBC,3,0,0,5,4,0
2026-04-09,HOSP-WB-05,SSKM Hospital & IPGMER,AB+,PRBC,3,0,0,3,2,0
2026-04-09,HOSP-WB-05,SSKM Hospital & IPGMER,AB-,PRBC,3,0,0,2,1,0
2026-04-09,HOSP-WB-05,SSKM Hospital & IPGMER,O+,PRBC,3,0,0,43,39,0
2026-04-09,HOSP-WB-05,SSKM Hospital & IPGMER,O-,PRBC,3,0,0,6,5,0
2026-04-10,HOSP-DEL-01,Safdarjung Hospital,A+,PRBC,4,0,0,13,12,0
2026-04-10,HOSP-DEL-01,Safdarjung Hospital,A-,PRBC,4,0,0,2,1,0
2026-04-10,HOSP-DEL-01,Safdarjung Hospital,B+,PRBC,4,0,0,24,22,0
2026-04-10,HOSP-DEL-01,Safdarjung Hospital,B-,PRBC,4,0,0,6,5,0
2026-04-10,HOSP-DEL-01,Safdarjung Hospital,AB+,PRBC,4,0,0,15,13,0
2026-04-10,HOSP-DEL-01,Safdarjung Hospital,AB-,PRBC,4,0,0,1,0,0
2026-04-10,HOSP-DEL-01,Safdarjung Hospital,O+,PRBC,4,0,0,41,38,0
2026-04-10,HOSP-DEL-01,Safdarjung Hospital,O-,PRBC,4,0,0,3,2,0
2026-04-10,HOSP-MAH-02,Lilavati Hospital & Research Centre,A+,PRBC,4,0,0,38,35,0
2026-04-10,HOSP-MAH-02,Lilavati Hospital & Research Centre,A-,PRBC,4,0,0,5,4,0
2026-04-10,HOSP-MAH-02,Lilavati Hospital & Research Centre,B+,PRBC,4,0,0,36,30,1
2026-04-10,HOSP-MAH-02,Lilavati Hospital & Research Centre,B-,PRBC,4,0,1,12,10,0
2026-04-10,HOSP-MAH-02,Lilavati Hospital & Research Centre,AB+,PRBC,4,0,0,11,10,0
2026-04-10,HOSP-MAH-02,Lilavati Hospital & Research Centre,AB-,PRBC,4,0,0,1,0,2
2026-04-10,HOSP-MAH-02,Lilavati Hospital & Research Centre,O+,PRBC,4,0,0,49,45,0
2026-04-10,HOSP-MAH-02,Lilavati Hospital & Research Centre,O-,PRBC,4,0,0,7,6,0
2026-04-10,HOSP-KAR-03,Manipal Hospital Old Airport Road,A+,PRBC,4,0,0,19,16,0
2026-04-10,HOSP-KAR-03,Manipal Hospital Old Airport Road,A-,PRBC,4,0,0,3,2,0
2026-04-10,HOSP-KAR-03,Manipal Hospital Old Airport Road,B+,PRBC,4,0,0,46,45,0
2026-04-10,HOSP-KAR-03,Manipal Hospital Old Airport Road,B-,PRBC,4,0,0,5,4,1
2026-04-10,HOSP-KAR-03,Manipal Hospital Old Airport Road,AB+,PRBC,4,0,0,9,8,0
2026-04-10,HOSP-KAR-03,Manipal Hospital Old Airport Road,AB-,PRBC,4,0,0,1,0,0
2026-04-10,HOSP-KAR-03,Manipal Hospital Old Airport Road,O+,PRBC,4,0,0,32,31,0
2026-04-10,HOSP-KAR-03,Manipal Hospital Old Airport Road,O-,PRBC,4,0,0,4,3,0
2026-04-10,HOSP-TN-04,Apollo Hospitals Greams Road,A+,PRBC,4,0,0,45,38,0
2026-04-10,HOSP-TN-04,Apollo Hospitals Greams Road,A-,PRBC,4,0,0,1,0,0
2026-04-10,HOSP-TN-04,Apollo Hospitals Greams Road,B+,PRBC,4,0,0,71,65,0
2026-04-10,HOSP-TN-04,Apollo Hospitals Greams Road,B-,PRBC,4,0,0,7,6,0
2026-04-10,HOSP-TN-04,Apollo Hospitals Greams Road,AB+,PRBC,4,0,0,17,16,1
2026-04-10,HOSP-TN-04,Apollo Hospitals Greams Road,AB-,PRBC,4,0,0,1,0,0
2026-04-10,HOSP-TN-04,Apollo Hospitals Greams Road,O+,PRBC,4,0,0,75,74,1
2026-04-10,HOSP-TN-04,Apollo Hospitals Greams Road,O-,PRBC,4,0,0,5,4,0
2026-04-10,HOSP-WB-05,SSKM Hospital & IPGMER,A+,PRBC,4,0,0,48,47,0
2026-04-10,HOSP-WB-05,SSKM Hospital & IPGMER,A-,PRBC,4,0,0,4,3,0
2026-04-10,HOSP-WB-05,SSKM Hospital & IPGMER,B+,PRBC,4,0,0,22,20,0
2026-04-10,HOSP-WB-05,SSKM Hospital & IPGMER,B-,PRBC,4,0,0,1,0,0
2026-04-10,HOSP-WB-05,SSKM Hospital & IPGMER,AB+,PRBC,4,0,0,7,6,0
2026-04-10,HOSP-WB-05,SSKM Hospital & IPGMER,AB-,PRBC,4,0,0,1,0,0
2026-04-10,HOSP-WB-05,SSKM Hospital & IPGMER,O+,PRBC,4,0,1,93,85,0
2026-04-10,HOSP-WB-05,SSKM Hospital & IPGMER,O-,PRBC,4,0,0,5,4,0
2026-04-11,HOSP-DEL-01,Safdarjung Hospital,A+,PRBC,5,1,1,55,49,0
2026-04-11,HOSP-DEL-01,Safdarjung Hospital,A-,PRBC,5,1,0,5,4,0
2026-04-11,HOSP-DEL-01,Safdarjung Hospital,B+,PRBC,5,1,0,68,64,0
2026-04-11,HOSP-DEL-01,Safdarjung Hospital,B-,PRBC,5,1,0,4,3,0
2026-04-11,HOSP-DEL-01,Safdarjung Hospital,AB+,PRBC,5,1,0,21,20,0
2026-04-11,HOSP-DEL-01,Safdarjung Hospital,AB-,PRBC,5,1,0,3,2,0
2026-04-11,HOSP-DEL-01,Safdarjung Hospital,O+,PRBC,5,1,0,60,59,0
2026-04-11,HOSP-DEL-01,Safdarjung Hospital,O-,PRBC,5,1,0,6,5,0
2026-04-11,HOSP-MAH-02,Lilavati Hospital & Research Centre,A+,PRBC,5,1,0,27,25,0
2026-04-11,HOSP-MAH-02,Lilavati Hospital & Research Centre,A-,PRBC,5,1,0,3,2,0
2026-04-11,HOSP-MAH-02,Lilavati Hospital & Research Centre,B+,PRBC,5,1,0,56,52,0
2026-04-11,HOSP-MAH-02,Lilavati Hospital & Research Centre,B-,PRBC,5,1,1,9,8,0
2026-04-11,HOSP-MAH-02,Lilavati Hospital & Research Centre,AB+,PRBC,5,1,0,3,2,0
2026-04-11,HOSP-MAH-02,Lilavati Hospital & Research Centre,AB-,PRBC,5,1,0,2,1,0
2026-04-11,HOSP-MAH-02,Lilavati Hospital & Research Centre,O+,PRBC,5,1,0,95,89,0
2026-04-11,HOSP-MAH-02,Lilavati Hospital & Research Centre,O-,PRBC,5,1,0,10,9,0
2026-04-11,HOSP-KAR-03,Manipal Hospital Old Airport Road,A+,PRBC,5,1,0,49,47,0
2026-04-11,HOSP-KAR-03,Manipal Hospital Old Airport Road,A-,PRBC,5,1,0,2,1,0
2026-04-11,HOSP-KAR-03,Manipal Hospital Old Airport Road,B+,PRBC,5,1,1,29,27,0
2026-04-11,HOSP-KAR-03,Manipal Hospital Old Airport Road,B-,PRBC,5,1,0,2,1,0
2026-04-11,HOSP-KAR-03,Manipal Hospital Old Airport Road,AB+,PRBC,5,1,0,7,5,0
2026-04-11,HOSP-KAR-03,Manipal Hospital Old Airport Road,AB-,PRBC,5,1,0,1,0,0
2026-04-11,HOSP-KAR-03,Manipal Hospital Old Airport Road,O+,PRBC,5,1,0,79,75,0
2026-04-11,HOSP-KAR-03,Manipal Hospital Old Airport Road,O-,PRBC,5,1,0,5,4,0
2026-04-11,HOSP-TN-04,Apollo Hospitals Greams Road,A+,PRBC,5,1,0,53,46,1
2026-04-11,HOSP-TN-04,Apollo Hospitals Greams Road,A-,PRBC,5,1,0,5,4,0
2026-04-11,HOSP-TN-04,Apollo Hospitals Greams Road,B+,PRBC,5,1,0,89,78,0
2026-04-11,HOSP-TN-04,Apollo Hospitals Greams Road,B-,PRBC,5,1,0,4,3,0
2026-04-11,HOSP-TN-04,Apollo Hospitals Greams Road,AB+,PRBC,5,1,0,13,12,0
2026-04-11,HOSP-TN-04,Apollo Hospitals Greams Road,AB-,PRBC,5,1,0,2,1,0
2026-04-11,HOSP-TN-04,Apollo Hospitals Greams Road,O+,PRBC,5,1,0,38,37,0
2026-04-11,HOSP-TN-04,Apollo Hospitals Greams Road,O-,PRBC,5,1,0,4,3,1
2026-04-11,HOSP-WB-05,SSKM Hospital & IPGMER,A+,PRBC,5,1,0,40,35,0
2026-04-11,HOSP-WB-05,SSKM Hospital & IPGMER,A-,PRBC,5,1,0,1,0,0
2026-04-11,HOSP-WB-05,SSKM Hospital & IPGMER,B+,PRBC,5,1,0,36,33,0
2026-04-11,HOSP-WB-05,SSKM Hospital & IPGMER,B-,PRBC,5,1,0,3,2,0
2026-04-11,HOSP-WB-05,SSKM Hospital & IPGMER,AB+,PRBC,5,1,0,14,12,1
2026-04-11,HOSP-WB-05,SSKM Hospital & IPGMER,AB-,PRBC,5,1,0,3,2,2
2026-04-11,HOSP-WB-05,SSKM Hospital & IPGMER,O+,PRBC,5,1,0,68,64,0
2026-04-11,HOSP-WB-05,SSKM Hospital & IPGMER,O-,PRBC,5,1,0,2,1,0
2026-04-12,HOSP-DEL-01,Safdarjung Hospital,A+,PRBC,6,1,0,33,32,0
2026-04-12,HOSP-DEL-01,Safdarjung Hospital,A-,PRBC,6,1,0,3,2,0
2026-04-12,HOSP-DEL-01,Safdarjung Hospital,B+,PRBC,6,1,0,49,47,0
2026-04-12,HOSP-DEL-01,Safdarjung Hospital,B-,PRBC,6,1,0,6,5,0
2026-04-12,HOSP-DEL-01,Safdarjung Hospital,AB+,PRBC,6,1,0,10,9,0
2026-04-12,HOSP-DEL-01,Safdarjung Hospital,AB-,PRBC,6,1,0,1,0,0
2026-04-12,HOSP-DEL-01,Safdarjung Hospital,O+,PRBC,6,1,0,66,57,0
2026-04-12,HOSP-DEL-01,Safdarjung Hospital,O-,PRBC,6,1,0,7,6,1
2026-04-12,HOSP-MAH-02,Lilavati Hospital & Research Centre,A+,PRBC,6,1,0,37,36,0
2026-04-12,HOSP-MAH-02,Lilavati Hospital & Research Centre,A-,PRBC,6,1,0,6,5,0
2026-04-12,HOSP-MAH-02,Lilavati Hospital & Research Centre,B+,PRBC,6,1,0,19,16,0
2026-04-12,HOSP-MAH-02,Lilavati Hospital & Research Centre,B-,PRBC,6,1,0,8,7,0
2026-04-12,HOSP-MAH-02,Lilavati Hospital & Research Centre,AB+,PRBC,6,1,1,31,27,2
2026-04-12,HOSP-MAH-02,Lilavati Hospital & Research Centre,AB-,PRBC,6,1,0,3,2,1
2026-04-12,HOSP-MAH-02,Lilavati Hospital & Research Centre,O+,PRBC,6,1,0,41,35,0
2026-04-12,HOSP-MAH-02,Lilavati Hospital & Research Centre,O-,PRBC,6,1,0,5,4,0
2026-04-12,HOSP-KAR-03,Manipal Hospital Old Airport Road,A+,PRBC,6,1,0,61,60,0
2026-04-12,HOSP-KAR-03,Manipal Hospital Old Airport Road,A-,PRBC,6,1,0,5,4,0
2026-04-12,HOSP-KAR-03,Manipal Hospital Old Airport Road,B+,PRBC,6,1,0,21,19,0
2026-04-12,HOSP-KAR-03,Manipal Hospital Old Airport Road,B-,PRBC,6,1,0,2,1,0
2026-04-12,HOSP-KAR-03,Manipal Hospital Old Airport Road,AB+,PRBC,6,1,0,9,8,1
2026-04-12,HOSP-KAR-03,Manipal Hospital Old Airport Road,AB-,PRBC,6,1,0,3,2,0
2026-04-12,HOSP-KAR-03,Manipal Hospital Old Airport Road,O+,PRBC,6,1,1,37,34,0
2026-04-12,HOSP-KAR-03,Manipal Hospital Old Airport Road,O-,PRBC,6,1,0,8,7,0
2026-04-12,HOSP-TN-04,Apollo Hospitals Greams Road,A+,PRBC,6,1,0,47,42,0
2026-04-12,HOSP-TN-04,Apollo Hospitals Greams Road,A-,PRBC,6,1,0,5,4,0
2026-04-12,HOSP-TN-04,Apollo Hospitals Greams Road,B+,PRBC,6,1,0,81,77,0
2026-04-12,HOSP-TN-04,Apollo Hospitals Greams Road,B-,PRBC,6,1,1,15,14,0
2026-04-12,HOSP-TN-04,Apollo Hospitals Greams Road,AB+,PRBC,6,1,0,21,20,0
2026-04-12,HOSP-TN-04,Apollo Hospitals Greams Road,AB-,PRBC,6,1,0,1,0,0
2026-04-12,HOSP-TN-04,Apollo Hospitals Greams Road,O+,PRBC,6,1,0,110,103,0
2026-04-12,HOSP-TN-04,Apollo Hospitals Greams Road,O-,PRBC,6,1,0,6,5,0
2026-04-12,HOSP-WB-05,SSKM Hospital & IPGMER,A+,PRBC,6,1,0,23,20,0
2026-04-12,HOSP-WB-05,SSKM Hospital & IPGMER,A-,PRBC,6,1,0,1,0,0
2026-04-12,HOSP-WB-05,SSKM Hospital & IPGMER,B+,PRBC,6,1,0,28,25,0
2026-04-12,HOSP-WB-05,SSKM Hospital & IPGMER,B-,PRBC,6,1,1,14,12,0
2026-04-12,HOSP-WB-05,SSKM Hospital & IPGMER,AB+,PRBC,6,1,0,11,10,0
2026-04-12,HOSP-WB-05,SSKM Hospital & IPGMER,AB-,PRBC,6,1,0,1,0,0
2026-04-12,HOSP-WB-05,SSKM Hospital & IPGMER,O+,PRBC,6,1,0,57,50,0
2026-04-12,HOSP-WB-05,SSKM Hospital & IPGMER,O-,PRBC,6,1,0,2,1,0
2026-04-13,HOSP-DEL-01,Safdarjung Hospital,A+,PRBC,0,0,0,23,21,0
2026-04-13,HOSP-DEL-01,Safdarjung Hospital,A-,PRBC,0,0,0,1,0,0
2026-04-13,HOSP-DEL-01,Safdarjung Hospital,B+,PRBC,0,0,0,52,47,0
2026-04-13,HOSP-DEL-01,Safdarjung Hospital,B-,PRBC,0,0,0,6,5,0
2026-04-13,HOSP-DEL-01,Safdarjung Hospital,AB+,PRBC,0,0,0,19,16,0
2026-04-13,HOSP-DEL-01,Safdarjung Hospital,AB-,PRBC,0,0,0,3,2,0
2026-04-13,HOSP-DEL-01,Safdarjung Hospital,O+,PRBC,0,0,0,35,31,1
2026-04-13,HOSP-DEL-01,Safdarjung Hospital,O-,PRBC,0,0,0,1,0,0
2026-04-13,HOSP-MAH-02,Lilavati Hospital & Research Centre,A+,PRBC,0,0,0,51,44,0
2026-04-13,HOSP-MAH-02,Lilavati Hospital & Research Centre,A-,PRBC,0,0,1,17,15,0
2026-04-13,HOSP-MAH-02,Lilavati Hospital & Research Centre,B+,PRBC,0,0,0,32,29,0
2026-04-13,HOSP-MAH-02,Lilavati Hospital & Research Centre,B-,PRBC,0,0,0,4,3,0
2026-04-13,HOSP-MAH-02,Lilavati Hospital & Research Centre,AB+,PRBC,0,0,0,20,17,1
2026-04-13,HOSP-MAH-02,Lilavati Hospital & Research Centre,AB-,PRBC,0,0,0,2,1,0
2026-04-13,HOSP-MAH-02,Lilavati Hospital & Research Centre,O+,PRBC,0,0,0,71,62,0
2026-04-13,HOSP-MAH-02,Lilavati Hospital & Research Centre,O-,PRBC,0,0,0,7,6,0
2026-04-13,HOSP-KAR-03,Manipal Hospital Old Airport Road,A+,PRBC,0,0,0,46,39,0
2026-04-13,HOSP-KAR-03,Manipal Hospital Old Airport Road,A-,PRBC,0,0,0,5,4,0
2026-04-13,HOSP-KAR-03,Manipal Hospital Old Airport Road,B+,PRBC,0,0,0,40,38,0
2026-04-13,HOSP-KAR-03,Manipal Hospital Old Airport Road,B-,PRBC,0,0,0,4,3,1
2026-04-13,HOSP-KAR-03,Manipal Hospital Old Airport Road,AB+,PRBC,0,0,0,4,3,0
2026-04-13,HOSP-KAR-03,Manipal Hospital Old Airport Road,AB-,PRBC,0,0,0,1,0,0
2026-04-13,HOSP-KAR-03,Manipal Hospital Old Airport Road,O+,PRBC,0,0,0,66,56,0
2026-04-13,HOSP-KAR-03,Manipal Hospital Old Airport Road,O-,PRBC,0,0,0,1,0,0
2026-04-13,HOSP-TN-04,Apollo Hospitals Greams Road,A+,PRBC,0,0,0,48,44,0
2026-04-13,HOSP-TN-04,Apollo Hospitals Greams Road,A-,PRBC,0,0,0,3,2,0
2026-04-13,HOSP-TN-04,Apollo Hospitals Greams Road,B+,PRBC,0,0,0,57,53,0
2026-04-13,HOSP-TN-04,Apollo Hospitals Greams Road,B-,PRBC,0,0,0,6,5,0
2026-04-13,HOSP-TN-04,Apollo Hospitals Greams Road,AB+,PRBC,0,0,0,17,14,1
2026-04-13,HOSP-TN-04,Apollo Hospitals Greams Road,AB-,PRBC,0,0,0,1,0,0
2026-04-13,HOSP-TN-04,Apollo Hospitals Greams Road,O+,PRBC,0,0,0,51,47,0
2026-04-13,HOSP-TN-04,Apollo Hospitals Greams Road,O-,PRBC,0,0,0,6,5,0
2026-04-13,HOSP-WB-05,SSKM Hospital & IPGMER,A+,PRBC,0,0,0,40,37,0
2026-04-13,HOSP-WB-05,SSKM Hospital & IPGMER,A-,PRBC,0,0,0,1,0,0
2026-04-13,HOSP-WB-05,SSKM Hospital & IPGMER,B+,PRBC,0,0,0,44,41,0
2026-04-13,HOSP-WB-05,SSKM Hospital & IPGMER,B-,PRBC,0,0,0,5,4,0
2026-04-13,HOSP-WB-05,SSKM Hospital & IPGMER,AB+,PRBC,0,0,0,5,4,0
2026-04-13,HOSP-WB-05,SSKM Hospital & IPGMER,AB-,PRBC,0,0,0,1,0,0
2026-04-13,HOSP-WB-05,SSKM Hospital & IPGMER,O+,PRBC,0,0,0,47,43,0
2026-04-13,HOSP-WB-05,SSKM Hospital & IPGMER,O-,PRBC,0,0,0,4,3,0
2026-04-14,HOSP-DEL-01,Safdarjung Hospital,A+,PRBC,1,0,0,39,34,0
2026-04-14,HOSP-DEL-01,Safdarjung Hospital,A-,PRBC,1,0,0,4,3,0
2026-04-14,HOSP-DEL-01,Safdarjung Hospital,B+,PRBC,1,0,0,45,43,0
2026-04-14,HOSP-DEL-01,Safdarjung Hospital,B-,PRBC,1,0,0,1,0,0
2026-04-14,HOSP-DEL-01,Safdarjung Hospital,AB+,PRBC,1,0,0,10,9,0
2026-04-14,HOSP-DEL-01,Safdarjung Hospital,AB-,PRBC,1,0,0,1,0,1
2026-04-14,HOSP-DEL-01,Safdarjung Hospital,O+,PRBC,1,0,0,21,20,0
2026-04-14,HOSP-DEL-01,Safdarjung Hospital,O-,PRBC,1,0,0,6,5,0
2026-04-14,HOSP-MAH-02,Lilavati Hospital & Research Centre,A+,PRBC,1,0,0,26,25,0
2026-04-14,HOSP-MAH-02,Lilavati Hospital & Research Centre,A-,PRBC,1,0,0,4,3,0
2026-04-14,HOSP-MAH-02,Lilavati Hospital & Research Centre,B+,PRBC,1,0,0,57,56,0
2026-04-14,HOSP-MAH-02,Lilavati Hospital & Research Centre,B-,PRBC,1,0,0,3,2,0
2026-04-14,HOSP-MAH-02,Lilavati Hospital & Research Centre,AB+,PRBC,1,0,0,21,18,1
2026-04-14,HOSP-MAH-02,Lilavati Hospital & Research Centre,AB-,PRBC,1,0,0,1,0,0
2026-04-14,HOSP-MAH-02,Lilavati Hospital & Research Centre,O+,PRBC,1,0,0,51,48,0
2026-04-14,HOSP-MAH-02,Lilavati Hospital & Research Centre,O-,PRBC,1,0,0,1,0,0
2026-04-14,HOSP-KAR-03,Manipal Hospital Old Airport Road,A+,PRBC,1,0,0,38,37,0
2026-04-14,HOSP-KAR-03,Manipal Hospital Old Airport Road,A-,PRBC,1,0,0,3,2,2
2026-04-14,HOSP-KAR-03,Manipal Hospital Old Airport Road,B+,PRBC,1,0,0,51,49,0
2026-04-14,HOSP-KAR-03,Manipal Hospital Old Airport Road,B-,PRBC,1,0,0,5,4,0
2026-04-14,HOSP-KAR-03,Manipal Hospital Old Airport Road,AB+,PRBC,1,0,0,11,10,0
2026-04-14,HOSP-KAR-03,Manipal Hospital Old Airport Road,AB-,PRBC,1,0,0,1,0,0
2026-04-14,HOSP-KAR-03,Manipal Hospital Old Airport Road,O+,PRBC,1,0,0,48,43,0
2026-04-14,HOSP-KAR-03,Manipal Hospital Old Airport Road,O-,PRBC,1,0,0,10,9,1
2026-04-14,HOSP-TN-04,Apollo Hospitals Greams Road,A+,PRBC,1,0,0,22,19,0
2026-04-14,HOSP-TN-04,Apollo Hospitals Greams Road,A-,PRBC,1,0,0,3,2,0
2026-04-14,HOSP-TN-04,Apollo Hospitals Greams Road,B+,PRBC,1,0,0,32,29,0
2026-04-14,HOSP-TN-04,Apollo Hospitals Greams Road,B-,PRBC,1,0,0,1,0,0
2026-04-14,HOSP-TN-04,Apollo Hospitals Greams Road,AB+,PRBC,1,0,1,22,21,0
2026-04-14,HOSP-TN-04,Apollo Hospitals Greams Road,AB-,PRBC,1,0,1,9,8,0
2026-04-14,HOSP-TN-04,Apollo Hospitals Greams Road,O+,PRBC,1,0,0,38,34,0
2026-04-14,HOSP-TN-04,Apollo Hospitals Greams Road,O-,PRBC,1,0,0,9,7,0
2026-04-14,HOSP-WB-05,SSKM Hospital & IPGMER,A+,PRBC,1,0,0,11,9,0
2026-04-14,HOSP-WB-05,SSKM Hospital & IPGMER,A-,PRBC,1,0,0,4,3,1
2026-04-14,HOSP-WB-05,SSKM Hospital & IPGMER,B+,PRBC,1,0,0,18,16,0
2026-04-14,HOSP-WB-05,SSKM Hospital & IPGMER,B-,PRBC,1,0,0,3,2,0
2026-04-14,HOSP-WB-05,SSKM Hospital & IPGMER,AB+,PRBC,1,0,0,10,9,0
2026-04-14,HOSP-WB-05,SSKM Hospital & IPGMER,AB-,PRBC,1,0,0,3,2,0
2026-04-14,HOSP-WB-05,SSKM Hospital & IPGMER,O+,PRBC,1,0,0,60,53,0
2026-04-14,HOSP-WB-05,SSKM Hospital & IPGMER,O-,PRBC,1,0,0,7,6,0
2026-04-15,HOSP-DEL-01,Safdarjung Hospital,A+,PRBC,2,0,1,40,39,0
2026-04-15,HOSP-DEL-01,Safdarjung Hospital,A-,PRBC,2,0,0,3,2,0
2026-04-15,HOSP-DEL-01,Safdarjung Hospital,B+,PRBC,2,0,0,41,34,0
2026-04-15,HOSP-DEL-01,Safdarjung Hospital,B-,PRBC,2,0,1,8,7,0
2026-04-15,HOSP-DEL-01,Safdarjung Hospital,AB+,PRBC,2,0,0,15,13,0
2026-04-15,HOSP-DEL-01,Safdarjung Hospital,AB-,PRBC,2,0,0,1,0,0
2026-04-15,HOSP-DEL-01,Safdarjung Hospital,O+,PRBC,2,0,0,33,29,0
2026-04-15,HOSP-DEL-01,Safdarjung Hospital,O-,PRBC,2,0,0,9,7,0
2026-04-15,HOSP-MAH-02,Lilavati Hospital & Research Centre,A+,PRBC,2,0,0,37,32,1
2026-04-15,HOSP-MAH-02,Lilavati Hospital & Research Centre,A-,PRBC,2,0,0,1,0,0
2026-04-15,HOSP-MAH-02,Lilavati Hospital & Research Centre,B+,PRBC,2,0,0,62,53,0
2026-04-15,HOSP-MAH-02,Lilavati Hospital & Research Centre,B-,PRBC,2,0,0,4,3,0
2026-04-15,HOSP-MAH-02,Lilavati Hospital & Research Centre,AB+,PRBC,2,0,0,6,5,0
2026-04-15,HOSP-MAH-02,Lilavati Hospital & Research Centre,AB-,PRBC,2,0,0,2,1,0
2026-04-15,HOSP-MAH-02,Lilavati Hospital & Research Centre,O+,PRBC,2,0,0,65,60,0
2026-04-15,HOSP-MAH-02,Lilavati Hospital & Research Centre,O-,PRBC,2,0,0,1,0,0
2026-04-15,HOSP-KAR-03,Manipal Hospital Old Airport Road,A+,PRBC,2,0,0,17,14,0
2026-04-15,HOSP-KAR-03,Manipal Hospital Old Airport Road,A-,PRBC,2,0,0,1,0,0
2026-04-15,HOSP-KAR-03,Manipal Hospital Old Airport Road,B+,PRBC,2,0,0,35,32,1
2026-04-15,HOSP-KAR-03,Manipal Hospital Old Airport Road,B-,PRBC,2,0,0,3,2,1
2026-04-15,HOSP-KAR-03,Manipal Hospital Old Airport Road,AB+,PRBC,2,0,0,11,9,0
2026-04-15,HOSP-KAR-03,Manipal Hospital Old Airport Road,AB-,PRBC,2,0,0,3,2,1
2026-04-15,HOSP-KAR-03,Manipal Hospital Old Airport Road,O+,PRBC,2,0,0,22,21,0
2026-04-15,HOSP-KAR-03,Manipal Hospital Old Airport Road,O-,PRBC,2,0,0,2,1,0
2026-04-15,HOSP-TN-04,Apollo Hospitals Greams Road,A+,PRBC,2,0,0,23,20,2
2026-04-15,HOSP-TN-04,Apollo Hospitals Greams Road,A-,PRBC,2,0,0,6,5,0
2026-04-15,HOSP-TN-04,Apollo Hospitals Greams Road,B+,PRBC,2,0,1,38,33,0
2026-04-15,HOSP-TN-04,Apollo Hospitals Greams Road,B-,PRBC,2,0,0,4,3,0
2026-04-15,HOSP-TN-04,Apollo Hospitals Greams Road,AB+,PRBC,2,0,0,15,13,2
2026-04-15,HOSP-TN-04,Apollo Hospitals Greams Road,AB-,PRBC,2,0,0,1,0,0
2026-04-15,HOSP-TN-04,Apollo Hospitals Greams Road,O+,PRBC,2,0,0,83,75,1
2026-04-15,HOSP-TN-04,Apollo Hospitals Greams Road,O-,PRBC,2,0,0,6,5,0
2026-04-15,HOSP-WB-05,SSKM Hospital & IPGMER,A+,PRBC,2,0,1,54,49,1
2026-04-15,HOSP-WB-05,SSKM Hospital & IPGMER,A-,PRBC,2,0,0,1,0,0
2026-04-15,HOSP-WB-05,SSKM Hospital & IPGMER,B+,PRBC,2,0,0,65,57,0
2026-04-15,HOSP-WB-05,SSKM Hospital & IPGMER,B-,PRBC,2,0,0,3,2,0
2026-04-15,HOSP-WB-05,SSKM Hospital & IPGMER,AB+,PRBC,2,0,0,9,8,1
2026-04-15,HOSP-WB-05,SSKM Hospital & IPGMER,AB-,PRBC,2,0,0,1,0,0
2026-04-15,HOSP-WB-05,SSKM Hospital & IPGMER,O+,PRBC,2,0,0,77,73,0
2026-04-15,HOSP-WB-05,SSKM Hospital & IPGMER,O-,PRBC,2,0,0,4,3,1
2026-04-16,HOSP-DEL-01,Safdarjung Hospital,A+,PRBC,3,0,1,34,33,0
2026-04-16,HOSP-DEL-01,Safdarjung Hospital,A-,PRBC,3,0,0,5,4,0
2026-04-16,HOSP-DEL-01,Safdarjung Hospital,B+,PRBC,3,0,0,41,35,0
2026-04-16,HOSP-DEL-01,Safdarjung Hospital,B-,PRBC,3,0,0,3,2,0
2026-04-16,HOSP-DEL-01,Safdarjung Hospital,AB+,PRBC,3,0,0,16,15,1
2026-04-16,HOSP-DEL-01,Safdarjung Hospital,AB-,PRBC,3,0,0,1,0,0
2026-04-16,HOSP-DEL-01,Safdarjung Hospital,O+,PRBC,3,0,0,26,22,1
2026-04-16,HOSP-DEL-01,Safdarjung Hospital,O-,PRBC,3,0,0,2,1,0
2026-04-16,HOSP-MAH-02,Lilavati Hospital & Research Centre,A+,PRBC,3,0,0,10,9,1
2026-04-16,HOSP-MAH-02,Lilavati Hospital & Research Centre,A-,PRBC,3,0,0,1,0,0
2026-04-16,HOSP-MAH-02,Lilavati Hospital & Research Centre,B+,PRBC,3,0,0,30,29,0
2026-04-16,HOSP-MAH-02,Lilavati Hospital & Research Centre,B-,PRBC,3,0,0,2,1,1
2026-04-16,HOSP-MAH-02,Lilavati Hospital & Research Centre,AB+,PRBC,3,0,0,14,13,2
2026-04-16,HOSP-MAH-02,Lilavati Hospital & Research Centre,AB-,PRBC,3,0,0,3,2,0
2026-04-16,HOSP-MAH-02,Lilavati Hospital & Research Centre,O+,PRBC,3,0,0,57,49,0
2026-04-16,HOSP-MAH-02,Lilavati Hospital & Research Centre,O-,PRBC,3,0,0,2,1,2
2026-04-16,HOSP-KAR-03,Manipal Hospital Old Airport Road,A+,PRBC,3,0,0,30,29,0
2026-04-16,HOSP-KAR-03,Manipal Hospital Old Airport Road,A-,PRBC,3,0,0,5,4,2
2026-04-16,HOSP-KAR-03,Manipal Hospital Old Airport Road,B+,PRBC,3,0,0,29,26,0
2026-04-16,HOSP-KAR-03,Manipal Hospital Old Airport Road,B-,PRBC,3,0,0,6,5,0
2026-04-16,HOSP-KAR-03,Manipal Hospital Old Airport Road,AB+,PRBC,3,0,0,12,11,1
2026-04-16,HOSP-KAR-03,Manipal Hospital Old Airport Road,AB-,PRBC,3,0,0,1,0,0
2026-04-16,HOSP-KAR-03,Manipal Hospital Old Airport Road,O+,PRBC,3,0,0,84,77,0
2026-04-16,HOSP-KAR-03,Manipal Hospital Old Airport Road,O-,PRBC,3,0,0,4,3,0
2026-04-16,HOSP-TN-04,Apollo Hospitals Greams Road,A+,PRBC,3,0,0,34,32,1
2026-04-16,HOSP-TN-04,Apollo Hospitals Greams Road,A-,PRBC,3,0,0,1,0,0
2026-04-16,HOSP-TN-04,Apollo Hospitals Greams Road,B+,PRBC,3,0,0,25,24,1
2026-04-16,HOSP-TN-04,Apollo Hospitals Greams Road,B-,PRBC,3,0,0,3,2,0
2026-04-16,HOSP-TN-04,Apollo Hospitals Greams Road,AB+,PRBC,3,0,0,12,11,0
2026-04-16,HOSP-TN-04,Apollo Hospitals Greams Road,AB-,PRBC,3,0,0,1,0,0
2026-04-16,HOSP-TN-04,Apollo Hospitals Greams Road,O+,PRBC,3,0,0,79,69,0
2026-04-16,HOSP-TN-04,Apollo Hospitals Greams Road,O-,PRBC,3,0,0,5,4,0
2026-04-16,HOSP-WB-05,SSKM Hospital & IPGMER,A+,PRBC,3,0,0,12,10,2
2026-04-16,HOSP-WB-05,SSKM Hospital & IPGMER,A-,PRBC,3,0,1,17,16,1
2026-04-16,HOSP-WB-05,SSKM Hospital & IPGMER,B+,PRBC,3,0,0,29,25,0
2026-04-16,HOSP-WB-05,SSKM Hospital & IPGMER,B-,PRBC,3,0,0,1,0,1
2026-04-16,HOSP-WB-05,SSKM Hospital & IPGMER,AB+,PRBC,3,0,0,20,19,0
2026-04-16,HOSP-WB-05,SSKM Hospital & IPGMER,AB-,PRBC,3,0,0,1,0,0
2026-04-16,HOSP-WB-05,SSKM Hospital & IPGMER,O+,PRBC,3,0,1,82,74,0
2026-04-16,HOSP-WB-05,SSKM Hospital & IPGMER,O-,PRBC,3,0,0,3,2,0
2026-04-17,HOSP-DEL-01,Safdarjung Hospital,A+,PRBC,4,0,0,32,30,0
2026-04-17,HOSP-DEL-01,Safdarjung Hospital,A-,PRBC,4,0,0,1,0,0
2026-04-17,HOSP-DEL-01,Safdarjung Hospital,B+,PRBC,4,0,1,80,69,0
2026-04-17,HOSP-DEL-01,Safdarjung Hospital,B-,PRBC,4,0,0,4,3,0
2026-04-17,HOSP-DEL-01,Safdarjung Hospital,AB+,PRBC,4,0,1,25,23,0
2026-04-17,HOSP-DEL-01,Safdarjung Hospital,AB-,PRBC,4,0,0,1,0,0
2026-04-17,HOSP-DEL-01,Safdarjung Hospital,O+,PRBC,4,0,0,85,75,0
2026-04-17,HOSP-DEL-01,Safdarjung Hospital,O-,PRBC,4,0,0,2,1,0
2026-04-17,HOSP-MAH-02,Lilavati Hospital & Research Centre,A+,PRBC,4,0,0,30,28,0
2026-04-17,HOSP-MAH-02,Lilavati Hospital & Research Centre,A-,PRBC,4,0,0,4,3,0
2026-04-17,HOSP-MAH-02,Lilavati Hospital & Research Centre,B+,PRBC,4,0,0,66,60,1
2026-04-17,HOSP-MAH-02,Lilavati Hospital & Research Centre,B-,PRBC,4,0,0,3,2,1
2026-04-17,HOSP-MAH-02,Lilavati Hospital & Research Centre,AB+,PRBC,4,0,0,9,8,0
2026-04-17,HOSP-MAH-02,Lilavati Hospital & Research Centre,AB-,PRBC,4,0,0,1,0,0
2026-04-17,HOSP-MAH-02,Lilavati Hospital & Research Centre,O+,PRBC,4,0,0,25,22,0
2026-04-17,HOSP-MAH-02,Lilavati Hospital & Research Centre,O-,PRBC,4,0,1,15,13,0
2026-04-17,HOSP-KAR-03,Manipal Hospital Old Airport Road,A+,PRBC,4,0,0,43,39,0
2026-04-17,HOSP-KAR-03,Manipal Hospital Old Airport Road,A-,PRBC,4,0,0,5,4,0
2026-04-17,HOSP-KAR-03,Manipal Hospital Old Airport Road,B+,PRBC,4,0,0,48,41,0
2026-04-17,HOSP-KAR-03,Manipal Hospital Old Airport Road,B-,PRBC,4,0,0,1,0,0
2026-04-17,HOSP-KAR-03,Manipal Hospital Old Airport Road,AB+,PRBC,4,0,0,11,9,0
2026-04-17,HOSP-KAR-03,Manipal Hospital Old Airport Road,AB-,PRBC,4,0,0,1,0,1
2026-04-17,HOSP-KAR-03,Manipal Hospital Old Airport Road,O+,PRBC,4,0,0,23,21,1
2026-04-17,HOSP-KAR-03,Manipal Hospital Old Airport Road,O-,PRBC,4,0,0,2,1,0
2026-04-17,HOSP-TN-04,Apollo Hospitals Greams Road,A+,PRBC,4,0,0,31,27,0
2026-04-17,HOSP-TN-04,Apollo Hospitals Greams Road,A-,PRBC,4,0,0,1,0,0
2026-04-17,HOSP-TN-04,Apollo Hospitals Greams Road,B+,PRBC,4,0,0,23,22,1
2026-04-17,HOSP-TN-04,Apollo Hospitals Greams Road,B-,PRBC,4,0,0,4,3,0
2026-04-17,HOSP-TN-04,Apollo Hospitals Greams Road,AB+,PRBC,4,0,0,10,9,0
2026-04-17,HOSP-TN-04,Apollo Hospitals Greams Road,AB-,PRBC,4,0,0,3,2,0
2026-04-17,HOSP-TN-04,Apollo Hospitals Greams Road,O+,PRBC,4,0,0,79,71,0
2026-04-17,HOSP-TN-04,Apollo Hospitals Greams Road,O-,PRBC,4,0,0,6,5,2
2026-04-17,HOSP-WB-05,SSKM Hospital & IPGMER,A+,PRBC,4,0,0,22,20,0
2026-04-17,HOSP-WB-05,SSKM Hospital & IPGMER,A-,PRBC,4,0,0,4,3,0
2026-04-17,HOSP-WB-05,SSKM Hospital & IPGMER,B+,PRBC,4,0,0,70,67,1
2026-04-17,HOSP-WB-05,SSKM Hospital & IPGMER,B-,PRBC,4,0,0,3,2,0
2026-04-17,HOSP-WB-05,SSKM Hospital & IPGMER,AB+,PRBC,4,0,0,12,11,0
2026-04-17,HOSP-WB-05,SSKM Hospital & IPGMER,AB-,PRBC,4,0,0,1,0,0
2026-04-17,HOSP-WB-05,SSKM Hospital & IPGMER,O+,PRBC,4,0,0,81,73,0
2026-04-17,HOSP-WB-05,SSKM Hospital & IPGMER,O-,PRBC,4,0,0,6,5,0
2026-04-18,HOSP-DEL-01,Safdarjung Hospital,A+,PRBC,5,1,0,43,40,0
2026-04-18,HOSP-DEL-01,Safdarjung Hospital,A-,PRBC,5,1,0,4,3,0
2026-04-18,HOSP-DEL-01,Safdarjung Hospital,B+,PRBC,5,1,1,33,32,0
2026-04-18,HOSP-DEL-01,Safdarjung Hospital,B-,PRBC,5,1,0,4,3,1
2026-04-18,HOSP-DEL-01,Safdarjung Hospital,AB+,PRBC,5,1,0,25,24,0
2026-04-18,HOSP-DEL-01,Safdarjung Hospital,AB-,PRBC,5,1,1,11,10,0
2026-04-18,HOSP-DEL-01,Safdarjung Hospital,O+,PRBC,5,1,0,111,109,1
2026-04-18,HOSP-DEL-01,Safdarjung Hospital,O-,PRBC,5,1,0,5,4,0
2026-04-18,HOSP-MAH-02,Lilavati Hospital & Research Centre,A+,PRBC,5,1,0,34,33,1
2026-04-18,HOSP-MAH-02,Lilavati Hospital & Research Centre,A-,PRBC,5,1,0,5,4,0
2026-04-18,HOSP-MAH-02,Lilavati Hospital & Research Centre,B+,PRBC,5,1,1,39,35,0
2026-04-18,HOSP-MAH-02,Lilavati Hospital & Research Centre,B-,PRBC,5,1,0,6,5,0
2026-04-18,HOSP-MAH-02,Lilavati Hospital & Research Centre,AB+,PRBC,5,1,0,22,20,0
2026-04-18,HOSP-MAH-02,Lilavati Hospital & Research Centre,AB-,PRBC,5,1,1,12,10,0
2026-04-18,HOSP-MAH-02,Lilavati Hospital & Research Centre,O+,PRBC,5,1,1,70,63,0
2026-04-18,HOSP-MAH-02,Lilavati Hospital & Research Centre,O-,PRBC,5,1,0,7,6,0
2026-04-18,HOSP-KAR-03,Manipal Hospital Old Airport Road,A+,PRBC,5,1,0,42,41,0
2026-04-18,HOSP-KAR-03,Manipal Hospital Old Airport Road,A-,PRBC,5,1,0,1,0,0
2026-04-18,HOSP-KAR-03,Manipal Hospital Old Airport Road,B+,PRBC,5,1,0,89,84,0
2026-04-18,HOSP-KAR-03,Manipal Hospital Old Airport Road,B-,PRBC,5,1,0,2,1,0
2026-04-18,HOSP-KAR-03,Manipal Hospital Old Airport Road,AB+,PRBC,5,1,0,8,7,1
2026-04-18,HOSP-KAR-03,Manipal Hospital Old Airport Road,AB-,PRBC,5,1,0,1,0,0
2026-04-18,HOSP-KAR-03,Manipal Hospital Old Airport Road,O+,PRBC,5,1,0,34,30,0
2026-04-18,HOSP-KAR-03,Manipal Hospital Old Airport Road,O-,PRBC,5,1,0,6,5,2
2026-04-18,HOSP-TN-04,Apollo Hospitals Greams Road,A+,PRBC,5,1,0,57,51,0
2026-04-18,HOSP-TN-04,Apollo Hospitals Greams Road,A-,PRBC,5,1,0,6,5,0
2026-04-18,HOSP-TN-04,Apollo Hospitals Greams Road,B+,PRBC,5,1,0,22,21,0
2026-04-18,HOSP-TN-04,Apollo Hospitals Greams Road,B-,PRBC,5,1,0,3,2,0
2026-04-18,HOSP-TN-04,Apollo Hospitals Greams Road,AB+,PRBC,5,1,0,14,12,0
2026-04-18,HOSP-TN-04,Apollo Hospitals Greams Road,AB-,PRBC,5,1,0,1,0,0
2026-04-18,HOSP-TN-04,Apollo Hospitals Greams Road,O+,PRBC,5,1,1,78,74,0
2026-04-18,HOSP-TN-04,Apollo Hospitals Greams Road,O-,PRBC,5,1,0,5,4,0
2026-04-18,HOSP-WB-05,SSKM Hospital & IPGMER,A+,PRBC,5,1,0,20,19,0
2026-04-18,HOSP-WB-05,SSKM Hospital & IPGMER,A-,PRBC,5,1,0,3,2,2
2026-04-18,HOSP-WB-05,SSKM Hospital & IPGMER,B+,PRBC,5,1,0,45,43,0
2026-04-18,HOSP-WB-05,SSKM Hospital & IPGMER,B-,PRBC,5,1,0,3,2,0
2026-04-18,HOSP-WB-05,SSKM Hospital & IPGMER,AB+,PRBC,5,1,0,9,8,0
2026-04-18,HOSP-WB-05,SSKM Hospital & IPGMER,AB-,PRBC,5,1,0,1,0,0
2026-04-18,HOSP-WB-05,SSKM Hospital & IPGMER,O+,PRBC,5,1,1,78,67,0
2026-04-18,HOSP-WB-05,SSKM Hospital & IPGMER,O-,PRBC,5,1,0,2,1,0
2026-04-19,HOSP-DEL-01,Safdarjung Hospital,A+,PRBC,6,1,0,39,37,0
2026-04-19,HOSP-DEL-01,Safdarjung Hospital,A-,PRBC,6,1,0,4,3,0
2026-04-19,HOSP-DEL-01,Safdarjung Hospital,B+,PRBC,6,1,0,27,25,0
2026-04-19,HOSP-DEL-01,Safdarjung Hospital,B-,PRBC,6,1,0,3,2,0
2026-04-19,HOSP-DEL-01,Safdarjung Hospital,AB+,PRBC,6,1,0,9,8,0
2026-04-19,HOSP-DEL-01,Safdarjung Hospital,AB-,PRBC,6,1,0,1,0,0
2026-04-19,HOSP-DEL-01,Safdarjung Hospital,O+,PRBC,6,1,1,46,44,0
2026-04-19,HOSP-DEL-01,Safdarjung Hospital,O-,PRBC,6,1,0,4,3,0
2026-04-19,HOSP-MAH-02,Lilavati Hospital & Research Centre,A+,PRBC,6,1,0,60,59,0
2026-04-19,HOSP-MAH-02,Lilavati Hospital & Research Centre,A-,PRBC,6,1,0,1,0,1
2026-04-19,HOSP-MAH-02,Lilavati Hospital & Research Centre,B+,PRBC,6,1,0,47,45,0
2026-04-19,HOSP-MAH-02,Lilavati Hospital & Research Centre,B-,PRBC,6,1,1,15,14,0
2026-04-19,HOSP-MAH-02,Lilavati Hospital & Research Centre,AB+,PRBC,6,1,0,23,22,0
2026-04-19,HOSP-MAH-02,Lilavati Hospital & Research Centre,AB-,PRBC,6,1,0,2,1,0
2026-04-19,HOSP-MAH-02,Lilavati Hospital & Research Centre,O+,PRBC,6,1,0,98,95,0
2026-04-19,HOSP-MAH-02,Lilavati Hospital & Research Centre,O-,PRBC,6,1,0,10,9,2
2026-04-19,HOSP-KAR-03,Manipal Hospital Old Airport Road,A+,PRBC,6,1,0,57,52,0
2026-04-19,HOSP-KAR-03,Manipal Hospital Old Airport Road,A-,PRBC,6,1,0,2,1,1
2026-04-19,HOSP-KAR-03,Manipal Hospital Old Airport Road,B+,PRBC,6,1,0,86,79,0
2026-04-19,HOSP-KAR-03,Manipal Hospital Old Airport Road,B-,PRBC,6,1,0,3,2,0
2026-04-19,HOSP-KAR-03,Manipal Hospital Old Airport Road,AB+,PRBC,6,1,0,22,20,0
2026-04-19,HOSP-KAR-03,Manipal Hospital Old Airport Road,AB-,PRBC,6,1,0,1,0,0
2026-04-19,HOSP-KAR-03,Manipal Hospital Old Airport Road,O+,PRBC,6,1,0,81,71,0
2026-04-19,HOSP-KAR-03,Manipal Hospital Old Airport Road,O-,PRBC,6,1,0,8,7,0
2026-04-19,HOSP-TN-04,Apollo Hospitals Greams Road,A+,PRBC,6,1,0,15,14,1
2026-04-19,HOSP-TN-04,Apollo Hospitals Greams Road,A-,PRBC,6,1,1,15,13,2
2026-04-19,HOSP-TN-04,Apollo Hospitals Greams Road,B+,PRBC,6,1,0,26,23,0
2026-04-19,HOSP-TN-04,Apollo Hospitals Greams Road,B-,PRBC,6,1,0,3,2,1
2026-04-19,HOSP-TN-04,Apollo Hospitals Greams Road,AB+,PRBC,6,1,0,15,14,0
2026-04-19,HOSP-TN-04,Apollo Hospitals Greams Road,AB-,PRBC,6,1,1,11,10,0
2026-04-19,HOSP-TN-04,Apollo Hospitals Greams Road,O+,PRBC,6,1,0,111,103,0
2026-04-19,HOSP-TN-04,Apollo Hospitals Greams Road,O-,PRBC,6,1,0,3,2,0
2026-04-19,HOSP-WB-05,SSKM Hospital & IPGMER,A+,PRBC,6,1,0,31,28,0
2026-04-19,HOSP-WB-05,SSKM Hospital & IPGMER,A-,PRBC,6,1,0,5,4,0
2026-04-19,HOSP-WB-05,SSKM Hospital & IPGMER,B+,PRBC,6,1,0,83,77,0
2026-04-19,HOSP-WB-05,SSKM Hospital & IPGMER,B-,PRBC,6,1,0,2,1,0
2026-04-19,HOSP-WB-05,SSKM Hospital & IPGMER,AB+,PRBC,6,1,0,21,18,0
2026-04-19,HOSP-WB-05,SSKM Hospital & IPGMER,AB-,PRBC,6,1,0,1,0,0
2026-04-19,HOSP-WB-05,SSKM Hospital & IPGMER,O+,PRBC,6,1,0,62,58,0
2026-04-19,HOSP-WB-05,SSKM Hospital & IPGMER,O-,PRBC,6,1,0,7,6,0
2026-04-20,HOSP-DEL-01,Safdarjung Hospital,A+,PRBC,0,0,1,44,40,0
2026-04-20,HOSP-DEL-01,Safdarjung Hospital,A-,PRBC,0,0,0,5,4,0
2026-04-20,HOSP-DEL-01,Safdarjung Hospital,B+,PRBC,0,0,0,23,22,0
2026-04-20,HOSP-DEL-01,Safdarjung Hospital,B-,PRBC,0,0,0,5,4,0
2026-04-20,HOSP-DEL-01,Safdarjung Hospital,AB+,PRBC,0,0,0,20,19,0
2026-04-20,HOSP-DEL-01,Safdarjung Hospital,AB-,PRBC,0,0,0,2,1,0
2026-04-20,HOSP-DEL-01,Safdarjung Hospital,O+,PRBC,0,0,0,79,74,0
2026-04-20,HOSP-DEL-01,Safdarjung Hospital,O-,PRBC,0,0,0,5,4,0
2026-04-20,HOSP-MAH-02,Lilavati Hospital & Research Centre,A+,PRBC,0,0,0,37,34,0
2026-04-20,HOSP-MAH-02,Lilavati Hospital & Research Centre,A-,PRBC,0,0,0,1,0,0
2026-04-20,HOSP-MAH-02,Lilavati Hospital & Research Centre,B+,PRBC,0,0,0,74,71,0
2026-04-20,HOSP-MAH-02,Lilavati Hospital & Research Centre,B-,PRBC,0,0,0,1,0,0
2026-04-20,HOSP-MAH-02,Lilavati Hospital & Research Centre,AB+,PRBC,0,0,0,5,4,0
2026-04-20,HOSP-MAH-02,Lilavati Hospital & Research Centre,AB-,PRBC,0,0,0,1,0,0
2026-04-20,HOSP-MAH-02,Lilavati Hospital & Research Centre,O+,PRBC,0,0,0,36,32,0
2026-04-20,HOSP-MAH-02,Lilavati Hospital & Research Centre,O-,PRBC,0,0,0,7,6,0
2026-04-20,HOSP-KAR-03,Manipal Hospital Old Airport Road,A+,PRBC,0,0,0,35,31,0
2026-04-20,HOSP-KAR-03,Manipal Hospital Old Airport Road,A-,PRBC,0,0,0,6,5,0
2026-04-20,HOSP-KAR-03,Manipal Hospital Old Airport Road,B+,PRBC,0,0,0,17,16,1
2026-04-20,HOSP-KAR-03,Manipal Hospital Old Airport Road,B-,PRBC,0,0,0,5,4,0
2026-04-20,HOSP-KAR-03,Manipal Hospital Old Airport Road,AB+,PRBC,0,0,0,18,15,0
2026-04-20,HOSP-KAR-03,Manipal Hospital Old Airport Road,AB-,PRBC,0,0,0,3,2,1
2026-04-20,HOSP-KAR-03,Manipal Hospital Old Airport Road,O+,PRBC,0,0,0,66,60,0
2026-04-20,HOSP-KAR-03,Manipal Hospital Old Airport Road,O-,PRBC,0,0,0,2,1,0
2026-04-20,HOSP-TN-04,Apollo Hospitals Greams Road,A+,PRBC,0,0,1,59,50,1
2026-04-20,HOSP-TN-04,Apollo Hospitals Greams Road,A-,PRBC,0,0,0,3,2,0
2026-04-20,HOSP-TN-04,Apollo Hospitals Greams Road,B+,PRBC,0,0,0,21,18,0
2026-04-20,HOSP-TN-04,Apollo Hospitals Greams Road,B-,PRBC,0,0,0,2,1,0
2026-04-20,HOSP-TN-04,Apollo Hospitals Greams Road,AB+,PRBC,0,0,0,12,10,0
2026-04-20,HOSP-TN-04,Apollo Hospitals Greams Road,AB-,PRBC,0,0,0,2,1,0
2026-04-20,HOSP-TN-04,Apollo Hospitals Greams Road,O+,PRBC,0,0,0,68,64,0
2026-04-20,HOSP-TN-04,Apollo Hospitals Greams Road,O-,PRBC,0,0,0,8,7,0
2026-04-20,HOSP-WB-05,SSKM Hospital & IPGMER,A+,PRBC,0,0,0,43,39,0
2026-04-20,HOSP-WB-05,SSKM Hospital & IPGMER,A-,PRBC,0,0,0,1,0,0
2026-04-20,HOSP-WB-05,SSKM Hospital & IPGMER,B+,PRBC,0,0,0,47,41,0
2026-04-20,HOSP-WB-05,SSKM Hospital & IPGMER,B-,PRBC,0,0,0,6,5,0
2026-04-20,HOSP-WB-05,SSKM Hospital & IPGMER,AB+,PRBC,0,0,0,6,5,0
2026-04-20,HOSP-WB-05,SSKM Hospital & IPGMER,AB-,PRBC,0,0,0,3,2,0
2026-04-20,HOSP-WB-05,SSKM Hospital & IPGMER,O+,PRBC,0,0,0,45,43,0
2026-04-20,HOSP-WB-05,SSKM Hospital & IPGMER,O-,PRBC,0,0,0,2,1,0
2026-04-21,HOSP-DEL-01,Safdarjung Hospital,A+,PRBC,1,0,1,28,25,0
2026-04-21,HOSP-DEL-01,Safdarjung Hospital,A-,PRBC,1,0,0,2,1,0
2026-04-21,HOSP-DEL-01,Safdarjung Hospital,B+,PRBC,1,0,0,56,52,0
2026-04-21,HOSP-DEL-01,Safdarjung Hospital,B-,PRBC,1,0,0,1,0,0
2026-04-21,HOSP-DEL-01,Safdarjung Hospital,AB+,PRBC,1,0,0,14,12,0
2026-04-21,HOSP-DEL-01,Safdarjung Hospital,AB-,PRBC,1,0,0,1,0,0
2026-04-21,HOSP-DEL-01,Safdarjung Hospital,O+,PRBC,1,0,0,76,66,0
2026-04-21,HOSP-DEL-01,Safdarjung Hospital,O-,PRBC,1,0,0,9,8,1
2026-04-21,HOSP-MAH-02,Lilavati Hospital & Research Centre,A+,PRBC,1,0,0,9,7,0
2026-04-21,HOSP-MAH-02,Lilavati Hospital & Research Centre,A-,PRBC,1,0,0,1,0,0
2026-04-21,HOSP-MAH-02,Lilavati Hospital & Research Centre,B+,PRBC,1,0,0,70,69,1
2026-04-21,HOSP-MAH-02,Lilavati Hospital & Research Centre,B-,PRBC,1,0,0,3,2,0
2026-04-21,HOSP-MAH-02,Lilavati Hospital & Research Centre,AB+,PRBC,1,0,0,4,3,1
2026-04-21,HOSP-MAH-02,Lilavati Hospital & Research Centre,AB-,PRBC,1,0,0,3,2,0
2026-04-21,HOSP-MAH-02,Lilavati Hospital & Research Centre,O+,PRBC,1,0,0,37,34,0
2026-04-21,HOSP-MAH-02,Lilavati Hospital & Research Centre,O-,PRBC,1,0,0,1,0,0
2026-04-21,HOSP-KAR-03,Manipal Hospital Old Airport Road,A+,PRBC,1,0,0,17,16,0
2026-04-21,HOSP-KAR-03,Manipal Hospital Old Airport Road,A-,PRBC,1,0,0,2,1,1
2026-04-21,HOSP-KAR-03,Manipal Hospital Old Airport Road,B+,PRBC,1,0,0,24,22,0
2026-04-21,HOSP-KAR-03,Manipal Hospital Old Airport Road,B-,PRBC,1,0,0,5,4,1
2026-04-21,HOSP-KAR-03,Manipal Hospital Old Airport Road,AB+,PRBC,1,0,0,11,10,0
2026-04-21,HOSP-KAR-03,Manipal Hospital Old Airport Road,AB-,PRBC,1,0,0,1,0,0
2026-04-21,HOSP-KAR-03,Manipal Hospital Old Airport Road,O+,PRBC,1,0,0,58,49,0
2026-04-21,HOSP-KAR-03,Manipal Hospital Old Airport Road,O-,PRBC,1,0,0,1,0,0
2026-04-21,HOSP-TN-04,Apollo Hospitals Greams Road,A+,PRBC,1,0,0,38,35,0
2026-04-21,HOSP-TN-04,Apollo Hospitals Greams Road,A-,PRBC,1,0,0,2,1,0
2026-04-21,HOSP-TN-04,Apollo Hospitals Greams Road,B+,PRBC,1,0,0,61,53,0
2026-04-21,HOSP-TN-04,Apollo Hospitals Greams Road,B-,PRBC,1,0,0,1,0,0
2026-04-21,HOSP-TN-04,Apollo Hospitals Greams Road,AB+,PRBC,1,0,0,15,14,0
2026-04-21,HOSP-TN-04,Apollo Hospitals Greams Road,AB-,PRBC,1,0,0,2,1,1
2026-04-21,HOSP-TN-04,Apollo Hospitals Greams Road,O+,PRBC,1,0,0,69,59,0
2026-04-21,HOSP-TN-04,Apollo Hospitals Greams Road,O-,PRBC,1,0,0,1,0,0
2026-04-21,HOSP-WB-05,SSKM Hospital & IPGMER,A+,PRBC,1,0,0,47,46,1
2026-04-21,HOSP-WB-05,SSKM Hospital & IPGMER,A-,PRBC,1,0,0,1,0,0
2026-04-21,HOSP-WB-05,SSKM Hospital & IPGMER,B+,PRBC,1,0,0,64,59,0
2026-04-21,HOSP-WB-05,SSKM Hospital & IPGMER,B-,PRBC,1,0,0,4,3,0
2026-04-21,HOSP-WB-05,SSKM Hospital & IPGMER,AB+,PRBC,1,0,0,11,10,0
2026-04-21,HOSP-WB-05,SSKM Hospital & IPGMER,AB-,PRBC,1,0,0,2,1,0
2026-04-21,HOSP-WB-05,SSKM Hospital & IPGMER,O+,PRBC,1,0,0,78,67,0
2026-04-21,HOSP-WB-05,SSKM Hospital & IPGMER,O-,PRBC,1,0,0,2,1,0
2026-04-22,HOSP-DEL-01,Safdarjung Hospital,A+,PRBC,2,0,0,36,34,0
2026-04-22,HOSP-DEL-01,Safdarjung Hospital,A-,PRBC,2,0,0,1,0,0
2026-04-22,HOSP-DEL-01,Safdarjung Hospital,B+,PRBC,2,0,0,31,27,0
2026-04-22,HOSP-DEL-01,Safdarjung Hospital,B-,PRBC,2,0,0,1,0,1
2026-04-22,HOSP-DEL-01,Safdarjung Hospital,AB+,PRBC,2,0,0,14,13,1
2026-04-22,HOSP-DEL-01,Safdarjung Hospital,AB-,PRBC,2,0,0,1,0,0
2026-04-22,HOSP-DEL-01,Safdarjung Hospital,O+,PRBC,2,0,0,49,47,0
2026-04-22,HOSP-DEL-01,Safdarjung Hospital,O-,PRBC,2,0,0,5,4,0
2026-04-22,HOSP-MAH-02,Lilavati Hospital & Research Centre,A+,PRBC,2,0,0,17,15,0
2026-04-22,HOSP-MAH-02,Lilavati Hospital & Research Centre,A-,PRBC,2,0,0,1,0,1
2026-04-22,HOSP-MAH-02,Lilavati Hospital & Research Centre,B+,PRBC,2,0,0,44,41,0
2026-04-22,HOSP-MAH-02,Lilavati Hospital & Research Centre,B-,PRBC,2,0,0,6,5,0
2026-04-22,HOSP-MAH-02,Lilavati Hospital & Research Centre,AB+,PRBC,2,0,0,13,12,0
2026-04-22,HOSP-MAH-02,Lilavati Hospital & Research Centre,AB-,PRBC,2,0,0,2,1,0
2026-04-22,HOSP-MAH-02,Lilavati Hospital & Research Centre,O+,PRBC,2,0,0,19,18,0
2026-04-22,HOSP-MAH-02,Lilavati Hospital & Research Centre,O-,PRBC,2,0,0,9,8,0
2026-04-22,HOSP-KAR-03,Manipal Hospital Old Airport Road,A+,PRBC,2,0,0,33,30,0
2026-04-22,HOSP-KAR-03,Manipal Hospital Old Airport Road,A-,PRBC,2,0,0,5,4,0
2026-04-22,HOSP-KAR-03,Manipal Hospital Old Airport Road,B+,PRBC,2,0,0,59,54,0
2026-04-22,HOSP-KAR-03,Manipal Hospital Old Airport Road,B-,PRBC,2,0,0,2,1,0
2026-04-22,HOSP-KAR-03,Manipal Hospital Old Airport Road,AB+,PRBC,2,0,0,10,9,0
2026-04-22,HOSP-KAR-03,Manipal Hospital Old Airport Road,AB-,PRBC,2,0,0,3,2,0
2026-04-22,HOSP-KAR-03,Manipal Hospital Old Airport Road,O+,PRBC,2,0,0,55,49,0
2026-04-22,HOSP-KAR-03,Manipal Hospital Old Airport Road,O-,PRBC,2,0,0,3,2,0
2026-04-22,HOSP-TN-04,Apollo Hospitals Greams Road,A+,PRBC,2,0,0,13,12,0
2026-04-22,HOSP-TN-04,Apollo Hospitals Greams Road,A-,PRBC,2,0,0,1,0,0
2026-04-22,HOSP-TN-04,Apollo Hospitals Greams Road,B+,PRBC,2,0,0,66,63,0
2026-04-22,HOSP-TN-04,Apollo Hospitals Greams Road,B-,PRBC,2,0,1,9,8,0
2026-04-22,HOSP-TN-04,Apollo Hospitals Greams Road,AB+,PRBC,2,0,0,5,4,0
2026-04-22,HOSP-TN-04,Apollo Hospitals Greams Road,AB-,PRBC,2,0,0,2,1,0
2026-04-22,HOSP-TN-04,Apollo Hospitals Greams Road,O+,PRBC,2,0,1,94,86,0
2026-04-22,HOSP-TN-04,Apollo Hospitals Greams Road,O-,PRBC,2,0,0,8,7,0
2026-04-22,HOSP-WB-05,SSKM Hospital & IPGMER,A+,PRBC,2,0,0,32,30,0
2026-04-22,HOSP-WB-05,SSKM Hospital & IPGMER,A-,PRBC,2,0,0,1,0,0
2026-04-22,HOSP-WB-05,SSKM Hospital & IPGMER,B+,PRBC,2,0,0,39,36,0
2026-04-22,HOSP-WB-05,SSKM Hospital & IPGMER,B-,PRBC,2,0,1,11,9,0
2026-04-22,HOSP-WB-05,SSKM Hospital & IPGMER,AB+,PRBC,2,0,0,18,15,1
2026-04-22,HOSP-WB-05,SSKM Hospital & IPGMER,AB-,PRBC,2,0,0,1,0,0
2026-04-22,HOSP-WB-05,SSKM Hospital & IPGMER,O+,PRBC,2,0,1,33,32,0
2026-04-22,HOSP-WB-05,SSKM Hospital & IPGMER,O-,PRBC,2,0,0,9,7,0
2026-04-23,HOSP-DEL-01,Safdarjung Hospital,A+,PRBC,3,0,0,24,23,1
2026-04-23,HOSP-DEL-01,Safdarjung Hospital,A-,PRBC,3,0,0,4,3,0
2026-04-23,HOSP-DEL-01,Safdarjung Hospital,B+,PRBC,3,0,0,29,27,0
2026-04-23,HOSP-DEL-01,Safdarjung Hospital,B-,PRBC,3,0,0,4,3,0
2026-04-23,HOSP-DEL-01,Safdarjung Hospital,AB+,PRBC,3,0,0,9,8,0
2026-04-23,HOSP-DEL-01,Safdarjung Hospital,AB-,PRBC,3,0,0,1,0,0
2026-04-23,HOSP-DEL-01,Safdarjung Hospital,O+,PRBC,3,0,0,60,57,1
2026-04-23,HOSP-DEL-01,Safdarjung Hospital,O-,PRBC,3,0,0,7,6,0
2026-04-23,HOSP-MAH-02,Lilavati Hospital & Research Centre,A+,PRBC,3,0,0,21,18,0
2026-04-23,HOSP-MAH-02,Lilavati Hospital & Research Centre,A-,PRBC,3,0,1,17,16,0
2026-04-23,HOSP-MAH-02,Lilavati Hospital & Research Centre,B+,PRBC,3,0,1,59,55,0
2026-04-23,HOSP-MAH-02,Lilavati Hospital & Research Centre,B-,PRBC,3,0,0,4,3,2
2026-04-23,HOSP-MAH-02,Lilavati Hospital & Research Centre,AB+,PRBC,3,0,0,17,16,0
2026-04-23,HOSP-MAH-02,Lilavati Hospital & Research Centre,AB-,PRBC,3,0,0,2,1,0
2026-04-23,HOSP-MAH-02,Lilavati Hospital & Research Centre,O+,PRBC,3,0,0,78,77,0
2026-04-23,HOSP-MAH-02,Lilavati Hospital & Research Centre,O-,PRBC,3,0,0,2,1,0
2026-04-23,HOSP-KAR-03,Manipal Hospital Old Airport Road,A+,PRBC,3,0,0,14,12,0
2026-04-23,HOSP-KAR-03,Manipal Hospital Old Airport Road,A-,PRBC,3,0,0,1,0,0
2026-04-23,HOSP-KAR-03,Manipal Hospital Old Airport Road,B+,PRBC,3,0,0,27,24,0
2026-04-23,HOSP-KAR-03,Manipal Hospital Old Airport Road,B-,PRBC,3,0,0,4,3,0
2026-04-23,HOSP-KAR-03,Manipal Hospital Old Airport Road,AB+,PRBC,3,0,0,17,15,0
2026-04-23,HOSP-KAR-03,Manipal Hospital Old Airport Road,AB-,PRBC,3,0,0,1,0,0
2026-04-23,HOSP-KAR-03,Manipal Hospital Old Airport Road,O+,PRBC,3,0,0,50,46,0
2026-04-23,HOSP-KAR-03,Manipal Hospital Old Airport Road,O-,PRBC,3,0,0,8,7,0
2026-04-23,HOSP-TN-04,Apollo Hospitals Greams Road,A+,PRBC,3,0,0,12,11,0
2026-04-23,HOSP-TN-04,Apollo Hospitals Greams Road,A-,PRBC,3,0,0,2,1,0
2026-04-23,HOSP-TN-04,Apollo Hospitals Greams Road,B+,PRBC,3,0,0,48,40,0
2026-04-23,HOSP-TN-04,Apollo Hospitals Greams Road,B-,PRBC,3,0,0,3,2,0
2026-04-23,HOSP-TN-04,Apollo Hospitals Greams Road,AB+,PRBC,3,0,0,12,10,0
2026-04-23,HOSP-TN-04,Apollo Hospitals Greams Road,AB-,PRBC,3,0,0,1,0,0
2026-04-23,HOSP-TN-04,Apollo Hospitals Greams Road,O+,PRBC,3,0,0,60,56,1
2026-04-23,HOSP-TN-04,Apollo Hospitals Greams Road,O-,PRBC,3,0,0,5,4,0
2026-04-23,HOSP-WB-05,SSKM Hospital & IPGMER,A+,PRBC,3,0,0,16,15,0
2026-04-23,HOSP-WB-05,SSKM Hospital & IPGMER,A-,PRBC,3,0,0,3,2,1
2026-04-23,HOSP-WB-05,SSKM Hospital & IPGMER,B+,PRBC,3,0,0,60,54,0
2026-04-23,HOSP-WB-05,SSKM Hospital & IPGMER,B-,PRBC,3,0,0,4,3,0
2026-04-23,HOSP-WB-05,SSKM Hospital & IPGMER,AB+,PRBC,3,0,0,16,13,0
2026-04-23,HOSP-WB-05,SSKM Hospital & IPGMER,AB-,PRBC,3,0,0,1,0,0
2026-04-23,HOSP-WB-05,SSKM Hospital & IPGMER,O+,PRBC,3,0,0,89,77,0
2026-04-23,HOSP-WB-05,SSKM Hospital & IPGMER,O-,PRBC,3,0,0,5,4,0
2026-04-24,HOSP-DEL-01,Safdarjung Hospital,A+,PRBC,4,0,0,14,11,0
2026-04-24,HOSP-DEL-01,Safdarjung Hospital,A-,PRBC,4,0,0,4,3,1
2026-04-24,HOSP-DEL-01,Safdarjung Hospital,B+,PRBC,4,0,0,70,69,0
2026-04-24,HOSP-DEL-01,Safdarjung Hospital,B-,PRBC,4,0,0,4,3,1
2026-04-24,HOSP-DEL-01,Safdarjung Hospital,AB+,PRBC,4,0,0,12,10,0
2026-04-24,HOSP-DEL-01,Safdarjung Hospital,AB-,PRBC,4,0,0,1,0,0
2026-04-24,HOSP-DEL-01,Safdarjung Hospital,O+,PRBC,4,0,1,40,36,0
2026-04-24,HOSP-DEL-01,Safdarjung Hospital,O-,PRBC,4,0,0,2,1,0
2026-04-24,HOSP-MAH-02,Lilavati Hospital & Research Centre,A+,PRBC,4,0,0,39,36,0
2026-04-24,HOSP-MAH-02,Lilavati Hospital & Research Centre,A-,PRBC,4,0,0,2,1,0
2026-04-24,HOSP-MAH-02,Lilavati Hospital & Research Centre,B+,PRBC,4,0,0,38,32,0
2026-04-24,HOSP-MAH-02,Lilavati Hospital & Research Centre,B-,PRBC,4,0,0,5,4,0
2026-04-24,HOSP-MAH-02,Lilavati Hospital & Research Centre,AB+,PRBC,4,0,0,8,7,1
2026-04-24,HOSP-MAH-02,Lilavati Hospital & Research Centre,AB-,PRBC,4,0,0,3,2,0
2026-04-24,HOSP-MAH-02,Lilavati Hospital & Research Centre,O+,PRBC,4,0,0,66,56,0
2026-04-24,HOSP-MAH-02,Lilavati Hospital & Research Centre,O-,PRBC,4,0,0,2,1,0
2026-04-24,HOSP-KAR-03,Manipal Hospital Old Airport Road,A+,PRBC,4,0,1,32,27,0
2026-04-24,HOSP-KAR-03,Manipal Hospital Old Airport Road,A-,PRBC,4,0,0,3,2,0
2026-04-24,HOSP-KAR-03,Manipal Hospital Old Airport Road,B+,PRBC,4,0,0,61,52,0
2026-04-24,HOSP-KAR-03,Manipal Hospital Old Airport Road,B-,PRBC,4,0,0,1,0,0
2026-04-24,HOSP-KAR-03,Manipal Hospital Old Airport Road,AB+,PRBC,4,0,1,19,18,0
2026-04-24,HOSP-KAR-03,Manipal Hospital Old Airport Road,AB-,PRBC,4,0,1,15,14,0
2026-04-24,HOSP-KAR-03,Manipal Hospital Old Airport Road,O+,PRBC,4,0,0,89,88,1
2026-04-24,HOSP-KAR-03,Manipal Hospital Old Airport Road,O-,PRBC,4,0,0,5,4,0
2026-04-24,HOSP-TN-04,Apollo Hospitals Greams Road,A+,PRBC,4,0,0,19,17,0
2026-04-24,HOSP-TN-04,Apollo Hospitals Greams Road,A-,PRBC,4,0,0,1,0,0
2026-04-24,HOSP-TN-04,Apollo Hospitals Greams Road,B+,PRBC,4,0,0,23,20,0
2026-04-24,HOSP-TN-04,Apollo Hospitals Greams Road,B-,PRBC,4,0,0,7,6,0
2026-04-24,HOSP-TN-04,Apollo Hospitals Greams Road,AB+,PRBC,4,0,0,8,7,0
2026-04-24,HOSP-TN-04,Apollo Hospitals Greams Road,AB-,PRBC,4,0,0,3,2,0
2026-04-24,HOSP-TN-04,Apollo Hospitals Greams Road,O+,PRBC,4,0,0,26,22,0
2026-04-24,HOSP-TN-04,Apollo Hospitals Greams Road,O-,PRBC,4,0,0,7,6,0
2026-04-24,HOSP-WB-05,SSKM Hospital & IPGMER,A+,PRBC,4,0,0,17,16,0
2026-04-24,HOSP-WB-05,SSKM Hospital & IPGMER,A-,PRBC,4,0,0,2,1,0
2026-04-24,HOSP-WB-05,SSKM Hospital & IPGMER,B+,PRBC,4,0,0,26,23,0
2026-04-24,HOSP-WB-05,SSKM Hospital & IPGMER,B-,PRBC,4,0,0,6,5,0
2026-04-24,HOSP-WB-05,SSKM Hospital & IPGMER,AB+,PRBC,4,0,0,13,11,0
2026-04-24,HOSP-WB-05,SSKM Hospital & IPGMER,AB-,PRBC,4,0,0,1,0,0
2026-04-24,HOSP-WB-05,SSKM Hospital & IPGMER,O+,PRBC,4,0,0,42,40,0
2026-04-24,HOSP-WB-05,SSKM Hospital & IPGMER,O-,PRBC,4,0,0,6,5,0
2026-04-25,HOSP-DEL-01,Safdarjung Hospital,A+,PRBC,5,1,0,21,19,0
2026-04-25,HOSP-DEL-01,Safdarjung Hospital,A-,PRBC,5,1,1,8,7,0
2026-04-25,HOSP-DEL-01,Safdarjung Hospital,B+,PRBC,5,1,0,59,55,0
2026-04-25,HOSP-DEL-01,Safdarjung Hospital,B-,PRBC,5,1,0,4,3,0
2026-04-25,HOSP-DEL-01,Safdarjung Hospital,AB+,PRBC,5,1,1,27,24,1
2026-04-25,HOSP-DEL-01,Safdarjung Hospital,AB-,PRBC,5,1,0,1,0,0
2026-04-25,HOSP-DEL-01,Safdarjung Hospital,O+,PRBC,5,1,0,105,90,0
2026-04-25,HOSP-DEL-01,Safdarjung Hospital,O-,PRBC,5,1,0,5,4,0
2026-04-25,HOSP-MAH-02,Lilavati Hospital & Research Centre,A+,PRBC,5,1,0,38,35,0
2026-04-25,HOSP-MAH-02,Lilavati Hospital & Research Centre,A-,PRBC,5,1,0,5,4,0
2026-04-25,HOSP-MAH-02,Lilavati Hospital & Research Centre,B+,PRBC,5,1,0,65,60,0
2026-04-25,HOSP-MAH-02,Lilavati Hospital & Research Centre,B-,PRBC,5,1,0,1,0,0
2026-04-25,HOSP-MAH-02,Lilavati Hospital & Research Centre,AB+,PRBC,5,1,0,12,11,0
2026-04-25,HOSP-MAH-02,Lilavati Hospital & Research Centre,AB-,PRBC,5,1,0,3,2,0
2026-04-25,HOSP-MAH-02,Lilavati Hospital & Research Centre,O+,PRBC,5,1,0,56,54,0
2026-04-25,HOSP-MAH-02,Lilavati Hospital & Research Centre,O-,PRBC,5,1,0,3,2,1
2026-04-25,HOSP-KAR-03,Manipal Hospital Old Airport Road,A+,PRBC,5,1,0,27,26,0
2026-04-25,HOSP-KAR-03,Manipal Hospital Old Airport Road,A-,PRBC,5,1,0,1,0,2
2026-04-25,HOSP-KAR-03,Manipal Hospital Old Airport Road,B+,PRBC,5,1,0,41,36,0
2026-04-25,HOSP-KAR-03,Manipal Hospital Old Airport Road,B-,PRBC,5,1,0,5,4,0
2026-04-25,HOSP-KAR-03,Manipal Hospital Old Airport Road,AB+,PRBC,5,1,0,14,11,0
2026-04-25,HOSP-KAR-03,Manipal Hospital Old Airport Road,AB-,PRBC,5,1,0,2,1,0
2026-04-25,HOSP-KAR-03,Manipal Hospital Old Airport Road,O+,PRBC,5,1,0,51,50,0
2026-04-25,HOSP-KAR-03,Manipal Hospital Old Airport Road,O-,PRBC,5,1,0,5,4,1
2026-04-25,HOSP-TN-04,Apollo Hospitals Greams Road,A+,PRBC,5,1,0,47,44,0
2026-04-25,HOSP-TN-04,Apollo Hospitals Greams Road,A-,PRBC,5,1,0,1,0,1
2026-04-25,HOSP-TN-04,Apollo Hospitals Greams Road,B+,PRBC,5,1,0,46,41,1
2026-04-25,HOSP-TN-04,Apollo Hospitals Greams Road,B-,PRBC,5,1,0,8,7,1
2026-04-25,HOSP-TN-04,Apollo Hospitals Greams Road,AB+,PRBC,5,1,0,16,14,0
2026-04-25,HOSP-TN-04,Apollo Hospitals Greams Road,AB-,PRBC,5,1,0,2,1,0
2026-04-25,HOSP-TN-04,Apollo Hospitals Greams Road,O+,PRBC,5,1,0,84,80,0
2026-04-25,HOSP-TN-04,Apollo Hospitals Greams Road,O-,PRBC,5,1,0,3,2,0
2026-04-25,HOSP-WB-05,SSKM Hospital & IPGMER,A+,PRBC,5,1,0,39,35,0
2026-04-25,HOSP-WB-05,SSKM Hospital & IPGMER,A-,PRBC,5,1,0,1,0,0
2026-04-25,HOSP-WB-05,SSKM Hospital & IPGMER,B+,PRBC,5,1,0,35,30,0
2026-04-25,HOSP-WB-05,SSKM Hospital & IPGMER,B-,PRBC,5,1,0,1,0,0
2026-04-25,HOSP-WB-05,SSKM Hospital & IPGMER,AB+,PRBC,5,1,0,16,15,0
2026-04-25,HOSP-WB-05,SSKM Hospital & IPGMER,AB-,PRBC,5,1,0,2,1,0
2026-04-25,HOSP-WB-05,SSKM Hospital & IPGMER,O+,PRBC,5,1,0,38,35,0
2026-04-25,HOSP-WB-05,SSKM Hospital & IPGMER,O-,PRBC,5,1,0,12,10,0
2026-04-26,HOSP-DEL-01,Safdarjung Hospital,A+,PRBC,6,1,0,55,48,0
2026-04-26,HOSP-DEL-01,Safdarjung Hospital,A-,PRBC,6,1,0,1,0,0
2026-04-26,HOSP-DEL-01,Safdarjung Hospital,B+,PRBC,6,1,0,25,22,0
2026-04-26,HOSP-DEL-01,Safdarjung Hospital,B-,PRBC,6,1,0,1,0,0
2026-04-26,HOSP-DEL-01,Safdarjung Hospital,AB+,PRBC,6,1,0,27,23,0
2026-04-26,HOSP-DEL-01,Safdarjung Hospital,AB-,PRBC,6,1,1,5,4,0
2026-04-26,HOSP-DEL-01,Safdarjung Hospital,O+,PRBC,6,1,1,91,78,0
2026-04-26,HOSP-DEL-01,Safdarjung Hospital,O-,PRBC,6,1,0,6,5,0
2026-04-26,HOSP-MAH-02,Lilavati Hospital & Research Centre,A+,PRBC,6,1,0,56,55,0
2026-04-26,HOSP-MAH-02,Lilavati Hospital & Research Centre,A-,PRBC,6,1,0,3,2,0
2026-04-26,HOSP-MAH-02,Lilavati Hospital & Research Centre,B+,PRBC,6,1,0,34,31,0
2026-04-26,HOSP-MAH-02,Lilavati Hospital & Research Centre,B-,PRBC,6,1,0,1,0,0
2026-04-26,HOSP-MAH-02,Lilavati Hospital & Research Centre,AB+,PRBC,6,1,0,7,6,0
2026-04-26,HOSP-MAH-02,Lilavati Hospital & Research Centre,AB-,PRBC,6,1,0,1,0,0
2026-04-26,HOSP-MAH-02,Lilavati Hospital & Research Centre,O+,PRBC,6,1,0,100,99,1
2026-04-26,HOSP-MAH-02,Lilavati Hospital & Research Centre,O-,PRBC,6,1,0,3,2,0
2026-04-26,HOSP-KAR-03,Manipal Hospital Old Airport Road,A+,PRBC,6,1,0,34,33,0
2026-04-26,HOSP-KAR-03,Manipal Hospital Old Airport Road,A-,PRBC,6,1,0,3,2,1
2026-04-26,HOSP-KAR-03,Manipal Hospital Old Airport Road,B+,PRBC,6,1,0,43,40,0
2026-04-26,HOSP-KAR-03,Manipal Hospital Old Airport Road,B-,PRBC,6,1,0,2,1,0
2026-04-26,HOSP-KAR-03,Manipal Hospital Old Airport Road,AB+,PRBC,6,1,0,14,13,0
2026-04-26,HOSP-KAR-03,Manipal Hospital Old Airport Road,AB-,PRBC,6,1,1,16,13,0
2026-04-26,HOSP-KAR-03,Manipal Hospital Old Airport Road,O+,PRBC,6,1,0,102,100,0
2026-04-26,HOSP-KAR-03,Manipal Hospital Old Airport Road,O-,PRBC,6,1,0,6,5,0
2026-04-26,HOSP-TN-04,Apollo Hospitals Greams Road,A+,PRBC,6,1,0,52,44,2
2026-04-26,HOSP-TN-04,Apollo Hospitals Greams Road,A-,PRBC,6,1,0,4,3,0
2026-04-26,HOSP-TN-04,Apollo Hospitals Greams Road,B+,PRBC,6,1,0,75,72,0
2026-04-26,HOSP-TN-04,Apollo Hospitals Greams Road,B-,PRBC,6,1,0,8,7,1
2026-04-26,HOSP-TN-04,Apollo Hospitals Greams Road,AB+,PRBC,6,1,0,13,11,0
2026-04-26,HOSP-TN-04,Apollo Hospitals Greams Road,AB-,PRBC,6,1,0,2,1,0
2026-04-26,HOSP-TN-04,Apollo Hospitals Greams Road,O+,PRBC,6,1,0,39,38,2
2026-04-26,HOSP-TN-04,Apollo Hospitals Greams Road,O-,PRBC,6,1,0,7,6,1
2026-04-26,HOSP-WB-05,SSKM Hospital & IPGMER,A+,PRBC,6,1,0,37,35,0
2026-04-26,HOSP-WB-05,SSKM Hospital & IPGMER,A-,PRBC,6,1,0,4,3,0
2026-04-26,HOSP-WB-05,SSKM Hospital & IPGMER,B+,PRBC,6,1,0,66,61,0
2026-04-26,HOSP-WB-05,SSKM Hospital & IPGMER,B-,PRBC,6,1,1,15,13,2
2026-04-26,HOSP-WB-05,SSKM Hospital & IPGMER,AB+,PRBC,6,1,0,8,7,0
2026-04-26,HOSP-WB-05,SSKM Hospital & IPGMER,AB-,PRBC,6,1,0,1,0,0
2026-04-26,HOSP-WB-05,SSKM Hospital & IPGMER,O+,PRBC,6,1,1,90,82,0
2026-04-26,HOSP-WB-05,SSKM Hospital & IPGMER,O-,PRBC,6,1,0,1,0,1
2026-04-27,HOSP-DEL-01,Safdarjung Hospital,A+,PRBC,0,0,0,38,34,0
2026-04-27,HOSP-DEL-01,Safdarjung Hospital,A-,PRBC,0,0,0,1,0,0
2026-04-27,HOSP-DEL-01,Safdarjung Hospital,B+,PRBC,0,0,0,37,35,0
2026-04-27,HOSP-DEL-01,Safdarjung Hospital,B-,PRBC,0,0,0,2,1,0
2026-04-27,HOSP-DEL-01,Safdarjung Hospital,AB+,PRBC,0,0,0,17,16,0
2026-04-27,HOSP-DEL-01,Safdarjung Hospital,AB-,PRBC,0,0,1,7,6,0
2026-04-27,HOSP-DEL-01,Safdarjung Hospital,O+,PRBC,0,0,0,27,26,0
2026-04-27,HOSP-DEL-01,Safdarjung Hospital,O-,PRBC,0,0,0,4,3,0
2026-04-27,HOSP-MAH-02,Lilavati Hospital & Research Centre,A+,PRBC,0,0,0,43,40,0
2026-04-27,HOSP-MAH-02,Lilavati Hospital & Research Centre,A-,PRBC,0,0,0,4,3,0
2026-04-27,HOSP-MAH-02,Lilavati Hospital & Research Centre,B+,PRBC,0,0,0,47,43,0
2026-04-27,HOSP-MAH-02,Lilavati Hospital & Research Centre,B-,PRBC,0,0,0,1,0,0
2026-04-27,HOSP-MAH-02,Lilavati Hospital & Research Centre,AB+,PRBC,0,0,0,13,11,0
2026-04-27,HOSP-MAH-02,Lilavati Hospital & Research Centre,AB-,PRBC,0,0,1,8,7,0
2026-04-27,HOSP-MAH-02,Lilavati Hospital & Research Centre,O+,PRBC,0,0,0,38,34,0
2026-04-27,HOSP-MAH-02,Lilavati Hospital & Research Centre,O-,PRBC,0,0,0,8,7,0
2026-04-27,HOSP-KAR-03,Manipal Hospital Old Airport Road,A+,PRBC,0,0,0,35,32,1
2026-04-27,HOSP-KAR-03,Manipal Hospital Old Airport Road,A-,PRBC,0,0,0,1,0,0
2026-04-27,HOSP-KAR-03,Manipal Hospital Old Airport Road,B+,PRBC,0,0,0,58,51,0
2026-04-27,HOSP-KAR-03,Manipal Hospital Old Airport Road,B-,PRBC,0,0,0,5,4,0
2026-04-27,HOSP-KAR-03,Manipal Hospital Old Airport Road,AB+,PRBC,0,0,1,24,23,0
2026-04-27,HOSP-KAR-03,Manipal Hospital Old Airport Road,AB-,PRBC,0,0,0,2,1,2
2026-04-27,HOSP-KAR-03,Manipal Hospital Old Airport Road,O+,PRBC,0,0,0,37,32,0
2026-04-27,HOSP-KAR-03,Manipal Hospital Old Airport Road,O-,PRBC,0,0,0,7,6,0
2026-04-27,HOSP-TN-04,Apollo Hospitals Greams Road,A+,PRBC,0,0,0,34,33,0
2026-04-27,HOSP-TN-04,Apollo Hospitals Greams Road,A-,PRBC,0,0,0,1,0,0
2026-04-27,HOSP-TN-04,Apollo Hospitals Greams Road,B+,PRBC,0,0,0,24,23,0
2026-04-27,HOSP-TN-04,Apollo Hospitals Greams Road,B-,PRBC,0,0,0,5,4,0
2026-04-27,HOSP-TN-04,Apollo Hospitals Greams Road,AB+,PRBC,0,0,0,13,11,0
2026-04-27,HOSP-TN-04,Apollo Hospitals Greams Road,AB-,PRBC,0,0,1,15,13,0
2026-04-27,HOSP-TN-04,Apollo Hospitals Greams Road,O+,PRBC,0,0,1,66,59,0
2026-04-27,HOSP-TN-04,Apollo Hospitals Greams Road,O-,PRBC,0,0,0,3,2,0
2026-04-27,HOSP-WB-05,SSKM Hospital & IPGMER,A+,PRBC,0,0,0,37,36,0
2026-04-27,HOSP-WB-05,SSKM Hospital & IPGMER,A-,PRBC,0,0,0,1,0,0
2026-04-27,HOSP-WB-05,SSKM Hospital & IPGMER,B+,PRBC,0,0,0,60,51,0
2026-04-27,HOSP-WB-05,SSKM Hospital & IPGMER,B-,PRBC,0,0,0,2,1,0
2026-04-27,HOSP-WB-05,SSKM Hospital & IPGMER,AB+,PRBC,0,0,0,18,16,0
2026-04-27,HOSP-WB-05,SSKM Hospital & IPGMER,AB-,PRBC,0,0,0,2,1,0
2026-04-27,HOSP-WB-05,SSKM Hospital & IPGMER,O+,PRBC,0,0,0,42,35,0
2026-04-27,HOSP-WB-05,SSKM Hospital & IPGMER,O-,PRBC,0,0,0,5,4,0
2026-04-28,HOSP-DEL-01,Safdarjung Hospital,A+,PRBC,1,0,0,31,29,0
2026-04-28,HOSP-DEL-01,Safdarjung Hospital,A-,PRBC,1,0,0,1,0,1
2026-04-28,HOSP-DEL-01,Safdarjung Hospital,B+,PRBC,1,0,0,25,23,0
2026-04-28,HOSP-DEL-01,Safdarjung Hospital,B-,PRBC,1,0,0,2,1,1
2026-04-28,HOSP-DEL-01,Safdarjung Hospital,AB+,PRBC,1,0,0,17,14,0
2026-04-28,HOSP-DEL-01,Safdarjung Hospital,AB-,PRBC,1,0,0,1,0,0
2026-04-28,HOSP-DEL-01,Safdarjung Hospital,O+,PRBC,1,0,0,60,59,0
2026-04-28,HOSP-DEL-01,Safdarjung Hospital,O-,PRBC,1,0,0,4,3,0
2026-04-28,HOSP-MAH-02,Lilavati Hospital & Research Centre,A+,PRBC,1,0,0,44,39,0
2026-04-28,HOSP-MAH-02,Lilavati Hospital & Research Centre,A-,PRBC,1,0,0,3,2,0
2026-04-28,HOSP-MAH-02,Lilavati Hospital & Research Centre,B+,PRBC,1,0,0,17,14,0
2026-04-28,HOSP-MAH-02,Lilavati Hospital & Research Centre,B-,PRBC,1,0,0,6,5,0
2026-04-28,HOSP-MAH-02,Lilavati Hospital & Research Centre,AB+,PRBC,1,0,0,6,5,0
2026-04-28,HOSP-MAH-02,Lilavati Hospital & Research Centre,AB-,PRBC,1,0,0,1,0,0
2026-04-28,HOSP-MAH-02,Lilavati Hospital & Research Centre,O+,PRBC,1,0,0,49,48,0
2026-04-28,HOSP-MAH-02,Lilavati Hospital & Research Centre,O-,PRBC,1,0,0,5,4,0
2026-04-28,HOSP-KAR-03,Manipal Hospital Old Airport Road,A+,PRBC,1,0,0,40,34,1
2026-04-28,HOSP-KAR-03,Manipal Hospital Old Airport Road,A-,PRBC,1,0,0,1,0,1
2026-04-28,HOSP-KAR-03,Manipal Hospital Old Airport Road,B+,PRBC,1,0,0,46,43,0
2026-04-28,HOSP-KAR-03,Manipal Hospital Old Airport Road,B-,PRBC,1,0,0,1,0,0
2026-04-28,HOSP-KAR-03,Manipal Hospital Old Airport Road,AB+,PRBC,1,0,0,21,20,0
2026-04-28,HOSP-KAR-03,Manipal Hospital Old Airport Road,AB-,PRBC,1,0,0,2,1,0
2026-04-28,HOSP-KAR-03,Manipal Hospital Old Airport Road,O+,PRBC,1,0,0,41,36,0
2026-04-28,HOSP-KAR-03,Manipal Hospital Old Airport Road,O-,PRBC,1,0,0,5,4,0
2026-04-28,HOSP-TN-04,Apollo Hospitals Greams Road,A+,PRBC,1,0,0,23,21,0
2026-04-28,HOSP-TN-04,Apollo Hospitals Greams Road,A-,PRBC,1,0,0,3,2,0
2026-04-28,HOSP-TN-04,Apollo Hospitals Greams Road,B+,PRBC,1,0,0,21,19,0
2026-04-28,HOSP-TN-04,Apollo Hospitals Greams Road,B-,PRBC,1,0,0,4,3,0
2026-04-28,HOSP-TN-04,Apollo Hospitals Greams Road,AB+,PRBC,1,0,0,17,15,0
2026-04-28,HOSP-TN-04,Apollo Hospitals Greams Road,AB-,PRBC,1,0,0,2,1,0
2026-04-28,HOSP-TN-04,Apollo Hospitals Greams Road,O+,PRBC,1,0,0,41,35,0
2026-04-28,HOSP-TN-04,Apollo Hospitals Greams Road,O-,PRBC,1,0,0,7,6,0
2026-04-28,HOSP-WB-05,SSKM Hospital & IPGMER,A+,PRBC,1,0,0,20,19,0
2026-04-28,HOSP-WB-05,SSKM Hospital & IPGMER,A-,PRBC,1,0,0,1,0,0
2026-04-28,HOSP-WB-05,SSKM Hospital & IPGMER,B+,PRBC,1,0,0,50,47,0
2026-04-28,HOSP-WB-05,SSKM Hospital & IPGMER,B-,PRBC,1,0,0,3,2,1
2026-04-28,HOSP-WB-05,SSKM Hospital & IPGMER,AB+,PRBC,1,0,0,13,12,0
2026-04-28,HOSP-WB-05,SSKM Hospital & IPGMER,AB-,PRBC,1,0,0,1,0,1
2026-04-28,HOSP-WB-05,SSKM Hospital & IPGMER,O+,PRBC,1,0,1,98,84,0
2026-04-28,HOSP-WB-05,SSKM Hospital & IPGMER,O-,PRBC,1,0,0,3,2,0
2026-04-29,HOSP-DEL-01,Safdarjung Hospital,A+,PRBC,2,0,0,27,23,0
2026-04-29,HOSP-DEL-01,Safdarjung Hospital,A-,PRBC,2,0,0,1,0,0
2026-04-29,HOSP-DEL-01,Safdarjung Hospital,B+,PRBC,2,0,0,73,62,0
2026-04-29,HOSP-DEL-01,Safdarjung Hospital,B-,PRBC,2,0,0,4,3,2
2026-04-29,HOSP-DEL-01,Safdarjung Hospital,AB+,PRBC,2,0,0,6,5,1
2026-04-29,HOSP-DEL-01,Safdarjung Hospital,AB-,PRBC,2,0,0,2,1,0
2026-04-29,HOSP-DEL-01,Safdarjung Hospital,O+,PRBC,2,0,0,56,49,0
2026-04-29,HOSP-DEL-01,Safdarjung Hospital,O-,PRBC,2,0,0,4,3,0
2026-04-29,HOSP-MAH-02,Lilavati Hospital & Research Centre,A+,PRBC,2,0,0,26,22,0
2026-04-29,HOSP-MAH-02,Lilavati Hospital & Research Centre,A-,PRBC,2,0,0,4,3,0
2026-04-29,HOSP-MAH-02,Lilavati Hospital & Research Centre,B+,PRBC,2,0,0,23,21,0
2026-04-29,HOSP-MAH-02,Lilavati Hospital & Research Centre,B-,PRBC,2,0,0,5,4,0
2026-04-29,HOSP-MAH-02,Lilavati Hospital & Research Centre,AB+,PRBC,2,0,0,16,15,0
2026-04-29,HOSP-MAH-02,Lilavati Hospital & Research Centre,AB-,PRBC,2,0,0,1,0,0
2026-04-29,HOSP-MAH-02,Lilavati Hospital & Research Centre,O+,PRBC,2,0,0,51,46,2
2026-04-29,HOSP-MAH-02,Lilavati Hospital & Research Centre,O-,PRBC,2,0,0,6,5,0
2026-04-29,HOSP-KAR-03,Manipal Hospital Old Airport Road,A+,PRBC,2,0,0,37,34,0
2026-04-29,HOSP-KAR-03,Manipal Hospital Old Airport Road,A-,PRBC,2,0,0,2,1,0
2026-04-29,HOSP-KAR-03,Manipal Hospital Old Airport Road,B+,PRBC,2,0,0,34,29,0
2026-04-29,HOSP-KAR-03,Manipal Hospital Old Airport Road,B-,PRBC,2,0,0,2,1,0
2026-04-29,HOSP-KAR-03,Manipal Hospital Old Airport Road,AB+,PRBC,2,0,0,7,6,0
2026-04-29,HOSP-KAR-03,Manipal Hospital Old Airport Road,AB-,PRBC,2,0,0,3,2,0
2026-04-29,HOSP-KAR-03,Manipal Hospital Old Airport Road,O+,PRBC,2,0,1,59,55,0
2026-04-29,HOSP-KAR-03,Manipal Hospital Old Airport Road,O-,PRBC,2,0,0,7,6,0
2026-04-29,HOSP-TN-04,Apollo Hospitals Greams Road,A+,PRBC,2,0,0,26,24,0
2026-04-29,HOSP-TN-04,Apollo Hospitals Greams Road,A-,PRBC,2,0,0,1,0,0
2026-04-29,HOSP-TN-04,Apollo Hospitals Greams Road,B+,PRBC,2,0,0,45,39,0
2026-04-29,HOSP-TN-04,Apollo Hospitals Greams Road,B-,PRBC,2,0,0,4,3,0
2026-04-29,HOSP-TN-04,Apollo Hospitals Greams Road,AB+,PRBC,2,0,0,21,18,0
2026-04-29,HOSP-TN-04,Apollo Hospitals Greams Road,AB-,PRBC,2,0,0,3,2,1
2026-04-29,HOSP-TN-04,Apollo Hospitals Greams Road,O+,PRBC,2,0,0,47,42,0
2026-04-29,HOSP-TN-04,Apollo Hospitals Greams Road,O-,PRBC,2,0,0,3,2,0
2026-04-29,HOSP-WB-05,SSKM Hospital & IPGMER,A+,PRBC,2,0,0,18,16,0
2026-04-29,HOSP-WB-05,SSKM Hospital & IPGMER,A-,PRBC,2,0,0,1,0,0
2026-04-29,HOSP-WB-05,SSKM Hospital & IPGMER,B+,PRBC,2,0,0,13,12,0
2026-04-29,HOSP-WB-05,SSKM Hospital & IPGMER,B-,PRBC,2,0,0,1,0,0
2026-04-29,HOSP-WB-05,SSKM Hospital & IPGMER,AB+,PRBC,2,0,0,18,17,0
2026-04-29,HOSP-WB-05,SSKM Hospital & IPGMER,AB-,PRBC,2,0,0,2,1,0
2026-04-29,HOSP-WB-05,SSKM Hospital & IPGMER,O+,PRBC,2,0,0,79,77,0
2026-04-29,HOSP-WB-05,SSKM Hospital & IPGMER,O-,PRBC,2,0,0,1,0,1
2026-04-30,HOSP-DEL-01,Safdarjung Hospital,A+,PRBC,3,0,0,24,23,0
2026-04-30,HOSP-DEL-01,Safdarjung Hospital,A-,PRBC,3,0,1,7,6,2
2026-04-30,HOSP-DEL-01,Safdarjung Hospital,B+,PRBC,3,0,0,29,26,0
2026-04-30,HOSP-DEL-01,Safdarjung Hospital,B-,PRBC,3,0,0,3,2,0
2026-04-30,HOSP-DEL-01,Safdarjung Hospital,AB+,PRBC,3,0,0,14,13,1
2026-04-30,HOSP-DEL-01,Safdarjung Hospital,AB-,PRBC,3,0,0,1,0,0
2026-04-30,HOSP-DEL-01,Safdarjung Hospital,O+,PRBC,3,0,1,82,77,0
2026-04-30,HOSP-DEL-01,Safdarjung Hospital,O-,PRBC,3,0,0,1,0,1
2026-04-30,HOSP-MAH-02,Lilavati Hospital & Research Centre,A+,PRBC,3,0,0,33,30,0
2026-04-30,HOSP-MAH-02,Lilavati Hospital & Research Centre,A-,PRBC,3,0,0,1,0,0
2026-04-30,HOSP-MAH-02,Lilavati Hospital & Research Centre,B+,PRBC,3,0,0,73,63,0
2026-04-30,HOSP-MAH-02,Lilavati Hospital & Research Centre,B-,PRBC,3,0,0,4,3,0
2026-04-30,HOSP-MAH-02,Lilavati Hospital & Research Centre,AB+,PRBC,3,0,0,21,20,0
2026-04-30,HOSP-MAH-02,Lilavati Hospital & Research Centre,AB-,PRBC,3,0,0,1,0,0
2026-04-30,HOSP-MAH-02,Lilavati Hospital & Research Centre,O+,PRBC,3,0,0,19,17,0
2026-04-30,HOSP-MAH-02,Lilavati Hospital & Research Centre,O-,PRBC,3,0,0,3,2,0
2026-04-30,HOSP-KAR-03,Manipal Hospital Old Airport Road,A+,PRBC,3,0,0,38,32,2
2026-04-30,HOSP-KAR-03,Manipal Hospital Old Airport Road,A-,PRBC,3,0,0,3,2,0
2026-04-30,HOSP-KAR-03,Manipal Hospital Old Airport Road,B+,PRBC,3,0,0,70,59,0
2026-04-30,HOSP-KAR-03,Manipal Hospital Old Airport Road,B-,PRBC,3,0,1,9,8,0
2026-04-30,HOSP-KAR-03,Manipal Hospital Old Airport Road,AB+,PRBC,3,0,0,13,11,0
2026-04-30,HOSP-KAR-03,Manipal Hospital Old Airport Road,AB-,PRBC,3,0,1,9,8,0
2026-04-30,HOSP-KAR-03,Manipal Hospital Old Airport Road,O+,PRBC,3,0,1,95,80,0
2026-04-30,HOSP-KAR-03,Manipal Hospital Old Airport Road,O-,PRBC,3,0,0,4,3,0
2026-04-30,HOSP-TN-04,Apollo Hospitals Greams Road,A+,PRBC,3,0,0,31,26,0
2026-04-30,HOSP-TN-04,Apollo Hospitals Greams Road,A-,PRBC,3,0,1,11,9,0
2026-04-30,HOSP-TN-04,Apollo Hospitals Greams Road,B+,PRBC,3,0,0,57,56,0
2026-04-30,HOSP-TN-04,Apollo Hospitals Greams Road,B-,PRBC,3,0,0,1,0,0
2026-04-30,HOSP-TN-04,Apollo Hospitals Greams Road,AB+,PRBC,3,0,0,8,7,0
2026-04-30,HOSP-TN-04,Apollo Hospitals Greams Road,AB-,PRBC,3,0,0,1,0,0
2026-04-30,HOSP-TN-04,Apollo Hospitals Greams Road,O+,PRBC,3,0,0,26,23,0
2026-04-30,HOSP-TN-04,Apollo Hospitals Greams Road,O-,PRBC,3,0,0,4,3,0
2026-04-30,HOSP-WB-05,SSKM Hospital & IPGMER,A+,PRBC,3,0,0,37,35,0
2026-04-30,HOSP-WB-05,SSKM Hospital & IPGMER,A-,PRBC,3,0,0,1,0,0
2026-04-30,HOSP-WB-05,SSKM Hospital & IPGMER,B+,PRBC,3,0,0,41,39,0
2026-04-30,HOSP-WB-05,SSKM Hospital & IPGMER,B-,PRBC,3,0,0,1,0,0
2026-04-30,HOSP-WB-05,SSKM Hospital & IPGMER,AB+,PRBC,3,0,1,16,13,0
2026-04-30,HOSP-WB-05,SSKM Hospital & IPGMER,AB-,PRBC,3,0,0,2,1,0
2026-04-30,HOSP-WB-05,SSKM Hospital & IPGMER,O+,PRBC,3,0,0,59,51,0
2026-04-30,HOSP-WB-05,SSKM Hospital & IPGMER,O-,PRBC,3,0,0,6,5,0
2026-05-01,HOSP-DEL-01,Safdarjung Hospital,A+,PRBC,4,0,1,56,49,0
2026-05-01,HOSP-DEL-01,Safdarjung Hospital,A-,PRBC,4,0,0,3,2,0
2026-05-01,HOSP-DEL-01,Safdarjung Hospital,B+,PRBC,4,0,0,68,62,0
2026-05-01,HOSP-DEL-01,Safdarjung Hospital,B-,PRBC,4,0,0,6,5,0
2026-05-01,HOSP-DEL-01,Safdarjung Hospital,AB+,PRBC,4,0,0,14,13,0
2026-05-01,HOSP-DEL-01,Safdarjung Hospital,AB-,PRBC,4,0,0,1,0,0
2026-05-01,HOSP-DEL-01,Safdarjung Hospital,O+,PRBC,4,0,0,51,44,1
2026-05-01,HOSP-DEL-01,Safdarjung Hospital,O-,PRBC,4,0,0,3,2,0
2026-05-01,HOSP-MAH-02,Lilavati Hospital & Research Centre,A+,PRBC,4,0,0,24,20,0
2026-05-01,HOSP-MAH-02,Lilavati Hospital & Research Centre,A-,PRBC,4,0,0,1,0,0
2026-05-01,HOSP-MAH-02,Lilavati Hospital & Research Centre,B+,PRBC,4,0,0,37,32,0
2026-05-01,HOSP-MAH-02,Lilavati Hospital & Research Centre,B-,PRBC,4,0,0,6,5,1
2026-05-01,HOSP-MAH-02,Lilavati Hospital & Research Centre,AB+,PRBC,4,0,0,6,5,0
2026-05-01,HOSP-MAH-02,Lilavati Hospital & Research Centre,AB-,PRBC,4,0,0,1,0,0
2026-05-01,HOSP-MAH-02,Lilavati Hospital & Research Centre,O+,PRBC,4,0,0,36,31,1
2026-05-01,HOSP-MAH-02,Lilavati Hospital & Research Centre,O-,PRBC,4,0,0,5,4,0
2026-05-01,HOSP-KAR-03,Manipal Hospital Old Airport Road,A+,PRBC,4,0,0,51,43,0
2026-05-01,HOSP-KAR-03,Manipal Hospital Old Airport Road,A-,PRBC,4,0,0,1,0,0
2026-05-01,HOSP-KAR-03,Manipal Hospital Old Airport Road,B+,PRBC,4,0,1,58,50,0
2026-05-01,HOSP-KAR-03,Manipal Hospital Old Airport Road,B-,PRBC,4,0,0,4,3,0
2026-05-01,HOSP-KAR-03,Manipal Hospital Old Airport Road,AB+,PRBC,4,0,0,13,11,0
2026-05-01,HOSP-KAR-03,Manipal Hospital Old Airport Road,AB-,PRBC,4,0,0,2,1,1
2026-05-01,HOSP-KAR-03,Manipal Hospital Old Airport Road,O+,PRBC,4,0,0,59,57,0
2026-05-01,HOSP-KAR-03,Manipal Hospital Old Airport Road,O-,PRBC,4,0,0,4,3,0
2026-05-01,HOSP-TN-04,Apollo Hospitals Greams Road,A+,PRBC,4,0,0,39,37,0
2026-05-01,HOSP-TN-04,Apollo Hospitals Greams Road,A-,PRBC,4,0,0,3,2,0
2026-05-01,HOSP-TN-04,Apollo Hospitals Greams Road,B+,PRBC,4,0,0,67,58,0
2026-05-01,HOSP-TN-04,Apollo Hospitals Greams Road,B-,PRBC,4,0,0,2,1,0
2026-05-01,HOSP-TN-04,Apollo Hospitals Greams Road,AB+,PRBC,4,0,0,11,10,0
2026-05-01,HOSP-TN-04,Apollo Hospitals Greams Road,AB-,PRBC,4,0,0,2,1,0
2026-05-01,HOSP-TN-04,Apollo Hospitals Greams Road,O+,PRBC,4,0,0,70,63,0
2026-05-01,HOSP-TN-04,Apollo Hospitals Greams Road,O-,PRBC,4,0,0,3,2,0
2026-05-01,HOSP-WB-05,SSKM Hospital & IPGMER,A+,PRBC,4,0,0,31,29,0
2026-05-01,HOSP-WB-05,SSKM Hospital & IPGMER,A-,PRBC,4,0,0,4,3,0
2026-05-01,HOSP-WB-05,SSKM Hospital & IPGMER,B+,PRBC,4,0,0,54,47,1
2026-05-01,HOSP-WB-05,SSKM Hospital & IPGMER,B-,PRBC,4,0,0,1,0,1
2026-05-01,HOSP-WB-05,SSKM Hospital & IPGMER,AB+,PRBC,4,0,0,8,6,0
2026-05-01,HOSP-WB-05,SSKM Hospital & IPGMER,AB-,PRBC,4,0,0,1,0,1
2026-05-01,HOSP-WB-05,SSKM Hospital & IPGMER,O+,PRBC,4,0,0,55,50,0
2026-05-01,HOSP-WB-05,SSKM Hospital & IPGMER,O-,PRBC,4,0,0,1,0,0
2026-05-02,HOSP-DEL-01,Safdarjung Hospital,A+,PRBC,5,1,0,62,58,0
2026-05-02,HOSP-DEL-01,Safdarjung Hospital,A-,PRBC,5,1,0,6,5,0
2026-05-02,HOSP-DEL-01,Safdarjung Hospital,B+,PRBC,5,1,0,52,51,0
2026-05-02,HOSP-DEL-01,Safdarjung Hospital,B-,PRBC,5,1,0,5,4,0
2026-05-02,HOSP-DEL-01,Safdarjung Hospital,AB+,PRBC,5,1,0,6,5,0
2026-05-02,HOSP-DEL-01,Safdarjung Hospital,AB-,PRBC,5,1,0,1,0,0
2026-05-02,HOSP-DEL-01,Safdarjung Hospital,O+,PRBC,5,1,0,84,73,0
2026-05-02,HOSP-DEL-01,Safdarjung Hospital,O-,PRBC,5,1,0,10,8,0
2026-05-02,HOSP-MAH-02,Lilavati Hospital & Research Centre,A+,PRBC,5,1,1,51,44,0
2026-05-02,HOSP-MAH-02,Lilavati Hospital & Research Centre,A-,PRBC,5,1,0,1,0,0
2026-05-02,HOSP-MAH-02,Lilavati Hospital & Research Centre,B+,PRBC,5,1,0,58,57,0
2026-05-02,HOSP-MAH-02,Lilavati Hospital & Research Centre,B-,PRBC,5,1,0,7,6,0
2026-05-02,HOSP-MAH-02,Lilavati Hospital & Research Centre,AB+,PRBC,5,1,0,16,15,0
2026-05-02,HOSP-MAH-02,Lilavati Hospital & Research Centre,AB-,PRBC,5,1,0,1,0,0
2026-05-02,HOSP-MAH-02,Lilavati Hospital & Research Centre,O+,PRBC,5,1,0,106,91,0
2026-05-02,HOSP-MAH-02,Lilavati Hospital & Research Centre,O-,PRBC,5,1,0,6,5,0
2026-05-02,HOSP-KAR-03,Manipal Hospital Old Airport Road,A+,PRBC,5,1,0,44,42,0
2026-05-02,HOSP-KAR-03,Manipal Hospital Old Airport Road,A-,PRBC,5,1,0,2,1,1
2026-05-02,HOSP-KAR-03,Manipal Hospital Old Airport Road,B+,PRBC,5,1,0,95,85,0
2026-05-02,HOSP-KAR-03,Manipal Hospital Old Airport Road,B-,PRBC,5,1,0,5,4,0
2026-05-02,HOSP-KAR-03,Manipal Hospital Old Airport Road,AB+,PRBC,5,1,0,11,9,0
2026-05-02,HOSP-KAR-03,Manipal Hospital Old Airport Road,AB-,PRBC,5,1,0,1,0,1
2026-05-02,HOSP-KAR-03,Manipal Hospital Old Airport Road,O+,PRBC,5,1,0,90,80,0
2026-05-02,HOSP-KAR-03,Manipal Hospital Old Airport Road,O-,PRBC,5,1,0,10,8,0
2026-05-02,HOSP-TN-04,Apollo Hospitals Greams Road,A+,PRBC,5,1,0,17,16,0
2026-05-02,HOSP-TN-04,Apollo Hospitals Greams Road,A-,PRBC,5,1,0,3,2,0
2026-05-02,HOSP-TN-04,Apollo Hospitals Greams Road,B+,PRBC,5,1,0,51,44,0
2026-05-02,HOSP-TN-04,Apollo Hospitals Greams Road,B-,PRBC,5,1,0,2,1,0
2026-05-02,HOSP-TN-04,Apollo Hospitals Greams Road,AB+,PRBC,5,1,1,26,23,0
2026-05-02,HOSP-TN-04,Apollo Hospitals Greams Road,AB-,PRBC,5,1,1,4,3,1
2026-05-02,HOSP-TN-04,Apollo Hospitals Greams Road,O+,PRBC,5,1,0,100,94,0
2026-05-02,HOSP-TN-04,Apollo Hospitals Greams Road,O-,PRBC,5,1,0,5,4,0
2026-05-02,HOSP-WB-05,SSKM Hospital & IPGMER,A+,PRBC,5,1,0,25,23,0
2026-05-02,HOSP-WB-05,SSKM Hospital & IPGMER,A-,PRBC,5,1,0,2,1,0
2026-05-02,HOSP-WB-05,SSKM Hospital & IPGMER,B+,PRBC,5,1,0,74,71,0
2026-05-02,HOSP-WB-05,SSKM Hospital & IPGMER,B-,PRBC,5,1,0,1,0,1
2026-05-02,HOSP-WB-05,SSKM Hospital & IPGMER,AB+,PRBC,5,1,0,7,6,0
2026-05-02,HOSP-WB-05,SSKM Hospital & IPGMER,AB-,PRBC,5,1,1,12,11,0
2026-05-02,HOSP-WB-05,SSKM Hospital & IPGMER,O+,PRBC,5,1,0,38,35,0
2026-05-02,HOSP-WB-05,SSKM Hospital & IPGMER,O-,PRBC,5,1,0,6,5,0
2026-05-03,HOSP-DEL-01,Safdarjung Hospital,A+,PRBC,6,1,0,50,46,0
2026-05-03,HOSP-DEL-01,Safdarjung Hospital,A-,PRBC,6,1,0,1,0,0
2026-05-03,HOSP-DEL-01,Safdarjung Hospital,B+,PRBC,6,1,0,90,78,0
2026-05-03,HOSP-DEL-01,Safdarjung Hospital,B-,PRBC,6,1,0,3,2,1
2026-05-03,HOSP-DEL-01,Safdarjung Hospital,AB+,PRBC,6,1,0,25,24,0
2026-05-03,HOSP-DEL-01,Safdarjung Hospital,AB-,PRBC,6,1,1,5,4,0
2026-05-03,HOSP-DEL-01,Safdarjung Hospital,O+,PRBC,6,1,0,56,51,2
2026-05-03,HOSP-DEL-01,Safdarjung Hospital,O-,PRBC,6,1,0,5,4,0
2026-05-03,HOSP-MAH-02,Lilavati Hospital & Research Centre,A+,PRBC,6,1,0,56,50,0
2026-05-03,HOSP-MAH-02,Lilavati Hospital & Research Centre,A-,PRBC,6,1,0,1,0,0
2026-05-03,HOSP-MAH-02,Lilavati Hospital & Research Centre,B+,PRBC,6,1,1,82,79,0
2026-05-03,HOSP-MAH-02,Lilavati Hospital & Research Centre,B-,PRBC,6,1,0,1,0,0
2026-05-03,HOSP-MAH-02,Lilavati Hospital & Research Centre,AB+,PRBC,6,1,0,3,2,0
2026-05-03,HOSP-MAH-02,Lilavati Hospital & Research Centre,AB-,PRBC,6,1,0,1,0,0
2026-05-03,HOSP-MAH-02,Lilavati Hospital & Research Centre,O+,PRBC,6,1,0,91,82,0
2026-05-03,HOSP-MAH-02,Lilavati Hospital & Research Centre,O-,PRBC,6,1,0,4,3,0
2026-05-03,HOSP-KAR-03,Manipal Hospital Old Airport Road,A+,PRBC,6,1,0,56,49,0
2026-05-03,HOSP-KAR-03,Manipal Hospital Old Airport Road,A-,PRBC,6,1,0,3,2,0
2026-05-03,HOSP-KAR-03,Manipal Hospital Old Airport Road,B+,PRBC,6,1,0,94,86,0
2026-05-03,HOSP-KAR-03,Manipal Hospital Old Airport Road,B-,PRBC,6,1,0,1,0,0
2026-05-03,HOSP-KAR-03,Manipal Hospital Old Airport Road,AB+,PRBC,6,1,0,12,10,0
2026-05-03,HOSP-KAR-03,Manipal Hospital Old Airport Road,AB-,PRBC,6,1,0,2,1,0
2026-05-03,HOSP-KAR-03,Manipal Hospital Old Airport Road,O+,PRBC,6,1,0,83,71,0
2026-05-03,HOSP-KAR-03,Manipal Hospital Old Airport Road,O-,PRBC,6,1,0,6,5,2
2026-05-03,HOSP-TN-04,Apollo Hospitals Greams Road,A+,PRBC,6,1,0,35,34,0
2026-05-03,HOSP-TN-04,Apollo Hospitals Greams Road,A-,PRBC,6,1,0,4,3,0
2026-05-03,HOSP-TN-04,Apollo Hospitals Greams Road,B+,PRBC,6,1,0,22,19,0
2026-05-03,HOSP-TN-04,Apollo Hospitals Greams Road,B-,PRBC,6,1,0,2,1,0
2026-05-03,HOSP-TN-04,Apollo Hospitals Greams Road,AB+,PRBC,6,1,0,23,19,2
2026-05-03,HOSP-TN-04,Apollo Hospitals Greams Road,AB-,PRBC,6,1,0,1,0,0
2026-05-03,HOSP-TN-04,Apollo Hospitals Greams Road,O+,PRBC,6,1,0,91,87,0
2026-05-03,HOSP-TN-04,Apollo Hospitals Greams Road,O-,PRBC,6,1,0,8,7,0
2026-05-03,HOSP-WB-05,SSKM Hospital & IPGMER,A+,PRBC,6,1,0,64,57,0
2026-05-03,HOSP-WB-05,SSKM Hospital & IPGMER,A-,PRBC,6,1,0,2,1,1
2026-05-03,HOSP-WB-05,SSKM Hospital & IPGMER,B+,PRBC,6,1,0,18,16,0
2026-05-03,HOSP-WB-05,SSKM Hospital & IPGMER,B-,PRBC,6,1,0,1,0,0
2026-05-03,HOSP-WB-05,SSKM Hospital & IPGMER,AB+,PRBC,6,1,1,20,19,0
2026-05-03,HOSP-WB-05,SSKM Hospital & IPGMER,AB-,PRBC,6,1,0,1,0,0
2026-05-03,HOSP-WB-05,SSKM Hospital & IPGMER,O+,PRBC,6,1,1,77,75,0
2026-05-03,HOSP-WB-05,SSKM Hospital & IPGMER,O-,PRBC,6,1,0,6,5,0
2026-05-04,HOSP-DEL-01,Safdarjung Hospital,A+,PRBC,0,0,0,32,31,0
2026-05-04,HOSP-DEL-01,Safdarjung Hospital,A-,PRBC,0,0,0,3,2,0
2026-05-04,HOSP-DEL-01,Safdarjung Hospital,B+,PRBC,0,0,0,58,53,0
2026-05-04,HOSP-DEL-01,Safdarjung Hospital,B-,PRBC,0,0,0,1,0,0
2026-05-04,HOSP-DEL-01,Safdarjung Hospital,AB+,PRBC,0,0,0,19,18,0
2026-05-04,HOSP-DEL-01,Safdarjung Hospital,AB-,PRBC,0,0,0,1,0,0
2026-05-04,HOSP-DEL-01,Safdarjung Hospital,O+,PRBC,0,0,1,84,76,0
2026-05-04,HOSP-DEL-01,Safdarjung Hospital,O-,PRBC,0,0,0,5,4,0
2026-05-04,HOSP-MAH-02,Lilavati Hospital & Research Centre,A+,PRBC,0,0,0,38,32,0
2026-05-04,HOSP-MAH-02,Lilavati Hospital & Research Centre,A-,PRBC,0,0,1,9,8,1
2026-05-04,HOSP-MAH-02,Lilavati Hospital & Research Centre,B+,PRBC,0,0,0,49,41,0
2026-05-04,HOSP-MAH-02,Lilavati Hospital & Research Centre,B-,PRBC,0,0,0,3,2,0
2026-05-04,HOSP-MAH-02,Lilavati Hospital & Research Centre,AB+,PRBC,0,0,0,19,16,0
2026-05-04,HOSP-MAH-02,Lilavati Hospital & Research Centre,AB-,PRBC,0,0,0,1,0,0
2026-05-04,HOSP-MAH-02,Lilavati Hospital & Research Centre,O+,PRBC,0,0,0,46,44,0
2026-05-04,HOSP-MAH-02,Lilavati Hospital & Research Centre,O-,PRBC,0,0,1,18,17,0
2026-05-04,HOSP-KAR-03,Manipal Hospital Old Airport Road,A+,PRBC,0,0,0,50,43,0
2026-05-04,HOSP-KAR-03,Manipal Hospital Old Airport Road,A-,PRBC,0,0,0,1,0,0
2026-05-04,HOSP-KAR-03,Manipal Hospital Old Airport Road,B+,PRBC,0,0,0,21,20,0
2026-05-04,HOSP-KAR-03,Manipal Hospital Old Airport Road,B-,PRBC,0,0,0,4,3,0
2026-05-04,HOSP-KAR-03,Manipal Hospital Old Airport Road,AB+,PRBC,0,0,0,12,11,0
2026-05-04,HOSP-KAR-03,Manipal Hospital Old Airport Road,AB-,PRBC,0,0,0,3,2,0
2026-05-04,HOSP-KAR-03,Manipal Hospital Old Airport Road,O+,PRBC,0,0,0,52,50,1
2026-05-04,HOSP-KAR-03,Manipal Hospital Old Airport Road,O-,PRBC,0,0,0,9,8,0
2026-05-04,HOSP-TN-04,Apollo Hospitals Greams Road,A+,PRBC,0,0,0,23,22,0
2026-05-04,HOSP-TN-04,Apollo Hospitals Greams Road,A-,PRBC,0,0,0,1,0,0
2026-05-04,HOSP-TN-04,Apollo Hospitals Greams Road,B+,PRBC,0,0,0,30,26,0
2026-05-04,HOSP-TN-04,Apollo Hospitals Greams Road,B-,PRBC,0,0,0,1,0,0
2026-05-04,HOSP-TN-04,Apollo Hospitals Greams Road,AB+,PRBC,0,0,0,9,8,1
2026-05-04,HOSP-TN-04,Apollo Hospitals Greams Road,AB-,PRBC,0,0,0,1,0,0
2026-05-04,HOSP-TN-04,Apollo Hospitals Greams Road,O+,PRBC,0,0,0,61,60,0
2026-05-04,HOSP-TN-04,Apollo Hospitals Greams Road,O-,PRBC,0,0,0,1,0,0
2026-05-04,HOSP-WB-05,SSKM Hospital & IPGMER,A+,PRBC,0,0,0,12,11,1
2026-05-04,HOSP-WB-05,SSKM Hospital & IPGMER,A-,PRBC,0,0,0,1,0,0
2026-05-04,HOSP-WB-05,SSKM Hospital & IPGMER,B+,PRBC,0,0,0,48,46,1
2026-05-04,HOSP-WB-05,SSKM Hospital & IPGMER,B-,PRBC,0,0,0,2,1,0
2026-05-04,HOSP-WB-05,SSKM Hospital & IPGMER,AB+,PRBC,0,0,0,18,17,0
2026-05-04,HOSP-WB-05,SSKM Hospital & IPGMER,AB-,PRBC,0,0,0,1,0,0
2026-05-04,HOSP-WB-05,SSKM Hospital & IPGMER,O+,PRBC,0,0,0,85,83,0
2026-05-04,HOSP-WB-05,SSKM Hospital & IPGMER,O-,PRBC,0,0,0,2,1,0
2026-05-05,HOSP-DEL-01,Safdarjung Hospital,A+,PRBC,1,0,0,36,32,0
2026-05-05,HOSP-DEL-01,Safdarjung Hospital,A-,PRBC,1,0,1,15,14,0
2026-05-05,HOSP-DEL-01,Safdarjung Hospital,B+,PRBC,1,0,0,74,65,0
2026-05-05,HOSP-DEL-01,Safdarjung Hospital,B-,PRBC,1,0,0,2,1,0
2026-05-05,HOSP-DEL-01,Safdarjung Hospital,AB+,PRBC,1,0,0,13,11,1
2026-05-05,HOSP-DEL-01,Safdarjung Hospital,AB-,PRBC,1,0,0,1,0,1
2026-05-05,HOSP-DEL-01,Safdarjung Hospital,O+,PRBC,1,0,0,69,68,0
2026-05-05,HOSP-DEL-01,Safdarjung Hospital,O-,PRBC,1,0,0,7,6,0
2026-05-05,HOSP-MAH-02,Lilavati Hospital & Research Centre,A+,PRBC,1,0,0,14,12,0
2026-05-05,HOSP-MAH-02,Lilavati Hospital & Research Centre,A-,PRBC,1,0,0,1,0,0
2026-05-05,HOSP-MAH-02,Lilavati Hospital & Research Centre,B+,PRBC,1,0,0,47,45,0
2026-05-05,HOSP-MAH-02,Lilavati Hospital & Research Centre,B-,PRBC,1,0,0,1,0,0
2026-05-05,HOSP-MAH-02,Lilavati Hospital & Research Centre,AB+,PRBC,1,0,0,9,8,0
2026-05-05,HOSP-MAH-02,Lilavati Hospital & Research Centre,AB-,PRBC,1,0,0,1,0,0
2026-05-05,HOSP-MAH-02,Lilavati Hospital & Research Centre,O+,PRBC,1,0,0,70,68,0
2026-05-05,HOSP-MAH-02,Lilavati Hospital & Research Centre,O-,PRBC,1,0,0,7,6,0
2026-05-05,HOSP-KAR-03,Manipal Hospital Old Airport Road,A+,PRBC,1,0,0,16,15,0
2026-05-05,HOSP-KAR-03,Manipal Hospital Old Airport Road,A-,PRBC,1,0,0,2,1,1
2026-05-05,HOSP-KAR-03,Manipal Hospital Old Airport Road,B+,PRBC,1,0,0,30,28,0
2026-05-05,HOSP-KAR-03,Manipal Hospital Old Airport Road,B-,PRBC,1,0,0,3,2,1
2026-05-05,HOSP-KAR-03,Manipal Hospital Old Airport Road,AB+,PRBC,1,0,0,6,5,0
2026-05-05,HOSP-KAR-03,Manipal Hospital Old Airport Road,AB-,PRBC,1,0,0,1,0,0
2026-05-05,HOSP-KAR-03,Manipal Hospital Old Airport Road,O+,PRBC,1,0,0,74,68,0
2026-05-05,HOSP-KAR-03,Manipal Hospital Old Airport Road,O-,PRBC,1,0,0,2,1,0
2026-05-05,HOSP-TN-04,Apollo Hospitals Greams Road,A+,PRBC,1,0,0,17,14,0
2026-05-05,HOSP-TN-04,Apollo Hospitals Greams Road,A-,PRBC,1,0,0,1,0,0
2026-05-05,HOSP-TN-04,Apollo Hospitals Greams Road,B+,PRBC,1,0,0,34,31,0
2026-05-05,HOSP-TN-04,Apollo Hospitals Greams Road,B-,PRBC,1,0,0,1,0,0
2026-05-05,HOSP-TN-04,Apollo Hospitals Greams Road,AB+,PRBC,1,0,0,12,10,0
2026-05-05,HOSP-TN-04,Apollo Hospitals Greams Road,AB-,PRBC,1,0,0,1,0,0
2026-05-05,HOSP-TN-04,Apollo Hospitals Greams Road,O+,PRBC,1,0,0,40,39,1
2026-05-05,HOSP-TN-04,Apollo Hospitals Greams Road,O-,PRBC,1,0,0,10,9,0
2026-05-05,HOSP-WB-05,SSKM Hospital & IPGMER,A+,PRBC,1,0,0,31,29,0
2026-05-05,HOSP-WB-05,SSKM Hospital & IPGMER,A-,PRBC,1,0,1,10,8,0
2026-05-05,HOSP-WB-05,SSKM Hospital & IPGMER,B+,PRBC,1,0,0,33,29,0
2026-05-05,HOSP-WB-05,SSKM Hospital & IPGMER,B-,PRBC,1,0,0,1,0,0
2026-05-05,HOSP-WB-05,SSKM Hospital & IPGMER,AB+,PRBC,1,0,0,19,18,0
2026-05-05,HOSP-WB-05,SSKM Hospital & IPGMER,AB-,PRBC,1,0,0,1,0,0
2026-05-05,HOSP-WB-05,SSKM Hospital & IPGMER,O+,PRBC,1,0,0,30,28,0
2026-05-05,HOSP-WB-05,SSKM Hospital & IPGMER,O-,PRBC,1,0,0,7,6,0
2026-05-06,HOSP-DEL-01,Safdarjung Hospital,A+,PRBC,2,0,1,27,25,0
2026-05-06,HOSP-DEL-01,Safdarjung Hospital,A-,PRBC,2,0,0,1,0,2
2026-05-06,HOSP-DEL-01,Safdarjung Hospital,B+,PRBC,2,0,0,46,44,1
2026-05-06,HOSP-DEL-01,Safdarjung Hospital,B-,PRBC,2,0,0,1,0,0
2026-05-06,HOSP-DEL-01,Safdarjung Hospital,AB+,PRBC,2,0,0,15,14,0
2026-05-06,HOSP-DEL-01,Safdarjung Hospital,AB-,PRBC,2,0,0,3,2,1
2026-05-06,HOSP-DEL-01,Safdarjung Hospital,O+,PRBC,2,0,0,32,31,0
2026-05-06,HOSP-DEL-01,Safdarjung Hospital,O-,PRBC,2,0,0,6,5,1
2026-05-06,HOSP-MAH-02,Lilavati Hospital & Research Centre,A+,PRBC,2,0,0,12,10,0
2026-05-06,HOSP-MAH-02,Lilavati Hospital & Research Centre,A-,PRBC,2,0,0,2,1,0
2026-05-06,HOSP-MAH-02,Lilavati Hospital & Research Centre,B+,PRBC,2,0,0,74,66,0
2026-05-06,HOSP-MAH-02,Lilavati Hospital & Research Centre,B-,PRBC,2,0,0,5,4,1
2026-05-06,HOSP-MAH-02,Lilavati Hospital & Research Centre,AB+,PRBC,2,0,0,14,13,0
2026-05-06,HOSP-MAH-02,Lilavati Hospital & Research Centre,AB-,PRBC,2,0,0,1,0,1
2026-05-06,HOSP-MAH-02,Lilavati Hospital & Research Centre,O+,PRBC,2,0,0,77,67,0
2026-05-06,HOSP-MAH-02,Lilavati Hospital & Research Centre,O-,PRBC,2,0,0,6,5,0
2026-05-06,HOSP-KAR-03,Manipal Hospital Old Airport Road,A+,PRBC,2,0,0,42,41,0
2026-05-06,HOSP-KAR-03,Manipal Hospital Old Airport Road,A-,PRBC,2,0,0,1,0,0
2026-05-06,HOSP-KAR-03,Manipal Hospital Old Airport Road,B+,PRBC,2,0,0,70,65,0
2026-05-06,HOSP-KAR-03,Manipal Hospital Old Airport Road,B-,PRBC,2,0,0,1,0,0
2026-05-06,HOSP-KAR-03,Manipal Hospital Old Airport Road,AB+,PRBC,2,0,0,5,4,0
2026-05-06,HOSP-KAR-03,Manipal Hospital Old Airport Road,AB-,PRBC,2,0,0,2,1,0
2026-05-06,HOSP-KAR-03,Manipal Hospital Old Airport Road,O+,PRBC,2,0,0,38,34,2
2026-05-06,HOSP-KAR-03,Manipal Hospital Old Airport Road,O-,PRBC,2,0,0,4,3,0
2026-05-06,HOSP-TN-04,Apollo Hospitals Greams Road,A+,PRBC,2,0,1,18,15,0
2026-05-06,HOSP-TN-04,Apollo Hospitals Greams Road,A-,PRBC,2,0,0,3,2,0
2026-05-06,HOSP-TN-04,Apollo Hospitals Greams Road,B+,PRBC,2,0,0,48,41,0
2026-05-06,HOSP-TN-04,Apollo Hospitals Greams Road,B-,PRBC,2,0,0,2,1,0
2026-05-06,HOSP-TN-04,Apollo Hospitals Greams Road,AB+,PRBC,2,0,0,18,16,0
2026-05-06,HOSP-TN-04,Apollo Hospitals Greams Road,AB-,PRBC,2,0,0,1,0,0
2026-05-06,HOSP-TN-04,Apollo Hospitals Greams Road,O+,PRBC,2,0,0,89,77,0
2026-05-06,HOSP-TN-04,Apollo Hospitals Greams Road,O-,PRBC,2,0,0,1,0,0
2026-05-06,HOSP-WB-05,SSKM Hospital & IPGMER,A+,PRBC,2,0,0,29,27,0
2026-05-06,HOSP-WB-05,SSKM Hospital & IPGMER,A-,PRBC,2,0,0,2,1,1
2026-05-06,HOSP-WB-05,SSKM Hospital & IPGMER,B+,PRBC,2,0,0,53,46,0
2026-05-06,HOSP-WB-05,SSKM Hospital & IPGMER,B-,PRBC,2,0,1,7,6,0
2026-05-06,HOSP-WB-05,SSKM Hospital & IPGMER,AB+,PRBC,2,0,0,17,16,0
2026-05-06,HOSP-WB-05,SSKM Hospital & IPGMER,AB-,PRBC,2,0,0,1,0,0
2026-05-06,HOSP-WB-05,SSKM Hospital & IPGMER,O+,PRBC,2,0,0,32,29,0
2026-05-06,HOSP-WB-05,SSKM Hospital & IPGMER,O-,PRBC,2,0,0,1,0,0
2026-05-07,HOSP-DEL-01,Safdarjung Hospital,A+,PRBC,3,0,1,46,43,0
2026-05-07,HOSP-DEL-01,Safdarjung Hospital,A-,PRBC,3,0,0,6,5,0
2026-05-07,HOSP-DEL-01,Safdarjung Hospital,B+,PRBC,3,0,1,86,79,0
2026-05-07,HOSP-DEL-01,Safdarjung Hospital,B-,PRBC,3,0,0,5,4,0
2026-05-07,HOSP-DEL-01,Safdarjung Hospital,AB+,PRBC,3,0,0,6,5,1
2026-05-07,HOSP-DEL-01,Safdarjung Hospital,AB-,PRBC,3,0,0,1,0,0
2026-05-07,HOSP-DEL-01,Safdarjung Hospital,O+,PRBC,3,0,0,47,41,0
2026-05-07,HOSP-DEL-01,Safdarjung Hospital,O-,PRBC,3,0,0,2,1,0
2026-05-07,HOSP-MAH-02,Lilavati Hospital & Research Centre,A+,PRBC,3,0,0,49,46,0
2026-05-07,HOSP-MAH-02,Lilavati Hospital & Research Centre,A-,PRBC,3,0,0,2,1,0
2026-05-07,HOSP-MAH-02,Lilavati Hospital & Research Centre,B+,PRBC,3,0,0,58,54,0
2026-05-07,HOSP-MAH-02,Lilavati Hospital & Research Centre,B-,PRBC,3,0,0,2,1,0
2026-05-07,HOSP-MAH-02,Lilavati Hospital & Research Centre,AB+,PRBC,3,0,0,12,10,0
2026-05-07,HOSP-MAH-02,Lilavati Hospital & Research Centre,AB-,PRBC,3,0,1,9,8,0
2026-05-07,HOSP-MAH-02,Lilavati Hospital & Research Centre,O+,PRBC,3,0,0,75,67,0
2026-05-07,HOSP-MAH-02,Lilavati Hospital & Research Centre,O-,PRBC,3,0,0,3,2,0
2026-05-07,HOSP-KAR-03,Manipal Hospital Old Airport Road,A+,PRBC,3,0,1,37,36,1
2026-05-07,HOSP-KAR-03,Manipal Hospital Old Airport Road,A-,PRBC,3,0,0,1,0,1
2026-05-07,HOSP-KAR-03,Manipal Hospital Old Airport Road,B+,PRBC,3,0,0,39,38,0
2026-05-07,HOSP-KAR-03,Manipal Hospital Old Airport Road,B-,PRBC,3,0,0,1,0,0
2026-05-07,HOSP-KAR-03,Manipal Hospital Old Airport Road,AB+,PRBC,3,0,0,4,3,0
2026-05-07,HOSP-KAR-03,Manipal Hospital Old Airport Road,AB-,PRBC,3,0,0,2,1,1
2026-05-07,HOSP-KAR-03,Manipal Hospital Old Airport Road,O+,PRBC,3,0,0,27,23,0
2026-05-07,HOSP-KAR-03,Manipal Hospital Old Airport Road,O-,PRBC,3,0,0,5,4,0
2026-05-07,HOSP-TN-04,Apollo Hospitals Greams Road,A+,PRBC,3,0,0,21,18,0
2026-05-07,HOSP-TN-04,Apollo Hospitals Greams Road,A-,PRBC,3,0,0,1,0,0
2026-05-07,HOSP-TN-04,Apollo Hospitals Greams Road,B+,PRBC,3,0,0,41,37,0
2026-05-07,HOSP-TN-04,Apollo Hospitals Greams Road,B-,PRBC,3,0,0,5,4,0
2026-05-07,HOSP-TN-04,Apollo Hospitals Greams Road,AB+,PRBC,3,0,1,17,14,0
2026-05-07,HOSP-TN-04,Apollo Hospitals Greams Road,AB-,PRBC,3,0,0,1,0,0
2026-05-07,HOSP-TN-04,Apollo Hospitals Greams Road,O+,PRBC,3,0,0,84,72,0
2026-05-07,HOSP-TN-04,Apollo Hospitals Greams Road,O-,PRBC,3,0,0,7,6,0
2026-05-07,HOSP-WB-05,SSKM Hospital & IPGMER,A+,PRBC,3,0,0,45,43,0
2026-05-07,HOSP-WB-05,SSKM Hospital & IPGMER,A-,PRBC,3,0,0,3,2,0
2026-05-07,HOSP-WB-05,SSKM Hospital & IPGMER,B+,PRBC,3,0,0,41,38,0
2026-05-07,HOSP-WB-05,SSKM Hospital & IPGMER,B-,PRBC,3,0,0,5,4,0
2026-05-07,HOSP-WB-05,SSKM Hospital & IPGMER,AB+,PRBC,3,0,1,19,18,0
2026-05-07,HOSP-WB-05,SSKM Hospital & IPGMER,AB-,PRBC,3,0,0,1,0,0
2026-05-07,HOSP-WB-05,SSKM Hospital & IPGMER,O+,PRBC,3,0,0,42,36,0
2026-05-07,HOSP-WB-05,SSKM Hospital & IPGMER,O-,PRBC,3,0,0,5,4,0
2026-05-08,HOSP-DEL-01,Safdarjung Hospital,A+,PRBC,4,0,0,29,24,0
2026-05-08,HOSP-DEL-01,Safdarjung Hospital,A-,PRBC,4,0,0,1,0,1
2026-05-08,HOSP-DEL-01,Safdarjung Hospital,B+,PRBC,4,0,0,39,35,2
2026-05-08,HOSP-DEL-01,Safdarjung Hospital,B-,PRBC,4,0,0,6,5,1
2026-05-08,HOSP-DEL-01,Safdarjung Hospital,AB+,PRBC,4,0,0,13,11,0
2026-05-08,HOSP-DEL-01,Safdarjung Hospital,AB-,PRBC,4,0,0,4,3,0
2026-05-08,HOSP-DEL-01,Safdarjung Hospital,O+,PRBC,4,0,0,71,66,0
2026-05-08,HOSP-DEL-01,Safdarjung Hospital,O-,PRBC,4,0,0,6,5,0
2026-05-08,HOSP-MAH-02,Lilavati Hospital & Research Centre,A+,PRBC,4,0,0,12,11,0
2026-05-08,HOSP-MAH-02,Lilavati Hospital & Research Centre,A-,PRBC,4,0,0,3,2,0
2026-05-08,HOSP-MAH-02,Lilavati Hospital & Research Centre,B+,PRBC,4,0,0,70,63,0
2026-05-08,HOSP-MAH-02,Lilavati Hospital & Research Centre,B-,PRBC,4,0,0,5,4,0
2026-05-08,HOSP-MAH-02,Lilavati Hospital & Research Centre,AB+,PRBC,4,0,0,5,4,0
2026-05-08,HOSP-MAH-02,Lilavati Hospital & Research Centre,AB-,PRBC,4,0,0,1,0,0
2026-05-08,HOSP-MAH-02,Lilavati Hospital & Research Centre,O+,PRBC,4,0,0,81,76,0
2026-05-08,HOSP-MAH-02,Lilavati Hospital & Research Centre,O-,PRBC,4,0,0,1,0,0
2026-05-08,HOSP-KAR-03,Manipal Hospital Old Airport Road,A+,PRBC,4,0,0,22,20,0
2026-05-08,HOSP-KAR-03,Manipal Hospital Old Airport Road,A-,PRBC,4,0,0,1,0,0
2026-05-08,HOSP-KAR-03,Manipal Hospital Old Airport Road,B+,PRBC,4,0,0,35,32,0
2026-05-08,HOSP-KAR-03,Manipal Hospital Old Airport Road,B-,PRBC,4,0,0,3,2,0
2026-05-08,HOSP-KAR-03,Manipal Hospital Old Airport Road,AB+,PRBC,4,0,0,12,11,0
2026-05-08,HOSP-KAR-03,Manipal Hospital Old Airport Road,AB-,PRBC,4,0,0,2,1,0
2026-05-08,HOSP-KAR-03,Manipal Hospital Old Airport Road,O+,PRBC,4,0,0,67,60,0
2026-05-08,HOSP-KAR-03,Manipal Hospital Old Airport Road,O-,PRBC,4,0,0,4,3,0
2026-05-08,HOSP-TN-04,Apollo Hospitals Greams Road,A+,PRBC,4,0,0,12,11,0
2026-05-08,HOSP-TN-04,Apollo Hospitals Greams Road,A-,PRBC,4,0,0,5,4,0
2026-05-08,HOSP-TN-04,Apollo Hospitals Greams Road,B+,PRBC,4,0,0,36,33,0
2026-05-08,HOSP-TN-04,Apollo Hospitals Greams Road,B-,PRBC,4,0,0,1,0,0
2026-05-08,HOSP-TN-04,Apollo Hospitals Greams Road,AB+,PRBC,4,0,0,14,12,1
2026-05-08,HOSP-TN-04,Apollo Hospitals Greams Road,AB-,PRBC,4,0,1,7,6,0
2026-05-08,HOSP-TN-04,Apollo Hospitals Greams Road,O+,PRBC,4,0,0,60,56,0
2026-05-08,HOSP-TN-04,Apollo Hospitals Greams Road,O-,PRBC,4,0,0,1,0,0
2026-05-08,HOSP-WB-05,SSKM Hospital & IPGMER,A+,PRBC,4,0,0,11,9,0
2026-05-08,HOSP-WB-05,SSKM Hospital & IPGMER,A-,PRBC,4,0,0,1,0,0
2026-05-08,HOSP-WB-05,SSKM Hospital & IPGMER,B+,PRBC,4,0,0,27,23,0
2026-05-08,HOSP-WB-05,SSKM Hospital & IPGMER,B-,PRBC,4,0,1,7,6,0
2026-05-08,HOSP-WB-05,SSKM Hospital & IPGMER,AB+,PRBC,4,0,0,11,10,1
2026-05-08,HOSP-WB-05,SSKM Hospital & IPGMER,AB-,PRBC,4,0,0,2,1,0
2026-05-08,HOSP-WB-05,SSKM Hospital & IPGMER,O+,PRBC,4,0,0,68,60,0
2026-05-08,HOSP-WB-05,SSKM Hospital & IPGMER,O-,PRBC,4,0,1,10,9,1
2026-05-09,HOSP-DEL-01,Safdarjung Hospital,A+,PRBC,5,1,0,15,14,0
2026-05-09,HOSP-DEL-01,Safdarjung Hospital,A-,PRBC,5,1,0,2,1,0
2026-05-09,HOSP-DEL-01,Safdarjung Hospital,B+,PRBC,5,1,0,83,75,2
2026-05-09,HOSP-DEL-01,Safdarjung Hospital,B-,PRBC,5,1,0,6,5,0
2026-05-09,HOSP-DEL-01,Safdarjung Hospital,AB+,PRBC,5,1,0,7,6,2
2026-05-09,HOSP-DEL-01,Safdarjung Hospital,AB-,PRBC,5,1,0,1,0,0
2026-05-09,HOSP-DEL-01,Safdarjung Hospital,O+,PRBC,5,1,0,87,76,0
2026-05-09,HOSP-DEL-01,Safdarjung Hospital,O-,PRBC,5,1,0,5,4,0
2026-05-09,HOSP-MAH-02,Lilavati Hospital & Research Centre,A+,PRBC,5,1,0,31,29,2
2026-05-09,HOSP-MAH-02,Lilavati Hospital & Research Centre,A-,PRBC,5,1,0,5,4,0
2026-05-09,HOSP-MAH-02,Lilavati Hospital & Research Centre,B+,PRBC,5,1,0,71,70,0
2026-05-09,HOSP-MAH-02,Lilavati Hospital & Research Centre,B-,PRBC,5,1,0,2,1,0
2026-05-09,HOSP-MAH-02,Lilavati Hospital & Research Centre,AB+,PRBC,5,1,1,26,25,0
2026-05-09,HOSP-MAH-02,Lilavati Hospital & Research Centre,AB-,PRBC,5,1,1,8,7,0
2026-05-09,HOSP-MAH-02,Lilavati Hospital & Research Centre,O+,PRBC,5,1,0,64,61,0
2026-05-09,HOSP-MAH-02,Lilavati Hospital & Research Centre,O-,PRBC,5,1,1,17,16,0
2026-05-09,HOSP-KAR-03,Manipal Hospital Old Airport Road,A+,PRBC,5,1,0,54,49,0
2026-05-09,HOSP-KAR-03,Manipal Hospital Old Airport Road,A-,PRBC,5,1,0,1,0,1
2026-05-09,HOSP-KAR-03,Manipal Hospital Old Airport Road,B+,PRBC,5,1,0,51,49,0
2026-05-09,HOSP-KAR-03,Manipal Hospital Old Airport Road,B-,PRBC,5,1,0,5,4,0
2026-05-09,HOSP-KAR-03,Manipal Hospital Old Airport Road,AB+,PRBC,5,1,0,9,7,0
2026-05-09,HOSP-KAR-03,Manipal Hospital Old Airport Road,AB-,PRBC,5,1,0,1,0,0
2026-05-09,HOSP-KAR-03,Manipal Hospital Old Airport Road,O+,PRBC,5,1,0,60,55,0
2026-05-09,HOSP-KAR-03,Manipal Hospital Old Airport Road,O-,PRBC,5,1,0,5,4,0
2026-05-09,HOSP-TN-04,Apollo Hospitals Greams Road,A+,PRBC,5,1,0,13,11,1
2026-05-09,HOSP-TN-04,Apollo Hospitals Greams Road,A-,PRBC,5,1,0,6,5,0
2026-05-09,HOSP-TN-04,Apollo Hospitals Greams Road,B+,PRBC,5,1,0,74,70,0
2026-05-09,HOSP-TN-04,Apollo Hospitals Greams Road,B-,PRBC,5,1,0,1,0,0
2026-05-09,HOSP-TN-04,Apollo Hospitals Greams Road,AB+,PRBC,5,1,1,35,34,0
2026-05-09,HOSP-TN-04,Apollo Hospitals Greams Road,AB-,PRBC,5,1,0,1,0,0
2026-05-09,HOSP-TN-04,Apollo Hospitals Greams Road,O+,PRBC,5,1,0,102,100,0
2026-05-09,HOSP-TN-04,Apollo Hospitals Greams Road,O-,PRBC,5,1,0,3,2,0
2026-05-09,HOSP-WB-05,SSKM Hospital & IPGMER,A+,PRBC,5,1,0,17,15,0
2026-05-09,HOSP-WB-05,SSKM Hospital & IPGMER,A-,PRBC,5,1,0,1,0,0
2026-05-09,HOSP-WB-05,SSKM Hospital & IPGMER,B+,PRBC,5,1,0,18,16,0
2026-05-09,HOSP-WB-05,SSKM Hospital & IPGMER,B-,PRBC,5,1,0,1,0,1
2026-05-09,HOSP-WB-05,SSKM Hospital & IPGMER,AB+,PRBC,5,1,0,24,23,1
2026-05-09,HOSP-WB-05,SSKM Hospital & IPGMER,AB-,PRBC,5,1,0,1,0,0
2026-05-09,HOSP-WB-05,SSKM Hospital & IPGMER,O+,PRBC,5,1,1,35,31,0
2026-05-09,HOSP-WB-05,SSKM Hospital & IPGMER,O-,PRBC,5,1,0,2,1,0
2026-05-10,HOSP-DEL-01,Safdarjung Hospital,A+,PRBC,6,1,0,33,30,0
2026-05-10,HOSP-DEL-01,Safdarjung Hospital,A-,PRBC,6,1,0,2,1,0
2026-05-10,HOSP-DEL-01,Safdarjung Hospital,B+,PRBC,6,1,1,82,79,1
2026-05-10,HOSP-DEL-01,Safdarjung Hospital,B-,PRBC,6,1,0,6,5,0
2026-05-10,HOSP-DEL-01,Safdarjung Hospital,AB+,PRBC,6,1,0,9,7,0
2026-05-10,HOSP-DEL-01,Safdarjung Hospital,AB-,PRBC,6,1,0,2,1,0
2026-05-10,HOSP-DEL-01,Safdarjung Hospital,O+,PRBC,6,1,0,56,51,0
2026-05-10,HOSP-DEL-01,Safdarjung Hospital,O-,PRBC,6,1,1,18,16,1
2026-05-10,HOSP-MAH-02,Lilavati Hospital & Research Centre,A+,PRBC,6,1,0,54,52,0
2026-05-10,HOSP-MAH-02,Lilavati Hospital & Research Centre,A-,PRBC,6,1,0,1,0,0
2026-05-10,HOSP-MAH-02,Lilavati Hospital & Research Centre,B+,PRBC,6,1,0,69,63,0
2026-05-10,HOSP-MAH-02,Lilavati Hospital & Research Centre,B-,PRBC,6,1,0,4,3,0
2026-05-10,HOSP-MAH-02,Lilavati Hospital & Research Centre,AB+,PRBC,6,1,1,20,18,0
2026-05-10,HOSP-MAH-02,Lilavati Hospital & Research Centre,AB-,PRBC,6,1,0,2,1,0
2026-05-10,HOSP-MAH-02,Lilavati Hospital & Research Centre,O+,PRBC,6,1,0,47,43,0
2026-05-10,HOSP-MAH-02,Lilavati Hospital & Research Centre,O-,PRBC,6,1,0,1,0,0
2026-05-10,HOSP-KAR-03,Manipal Hospital Old Airport Road,A+,PRBC,6,1,0,37,35,1
2026-05-10,HOSP-KAR-03,Manipal Hospital Old Airport Road,A-,PRBC,6,1,0,1,0,0
2026-05-10,HOSP-KAR-03,Manipal Hospital Old Airport Road,B+,PRBC,6,1,1,27,25,0
2026-05-10,HOSP-KAR-03,Manipal Hospital Old Airport Road,B-,PRBC,6,1,0,2,1,0
2026-05-10,HOSP-KAR-03,Manipal Hospital Old Airport Road,AB+,PRBC,6,1,0,9,8,0
2026-05-10,HOSP-KAR-03,Manipal Hospital Old Airport Road,AB-,PRBC,6,1,0,1,0,0
2026-05-10,HOSP-KAR-03,Manipal Hospital Old Airport Road,O+,PRBC,6,1,0,30,27,0
2026-05-10,HOSP-KAR-03,Manipal Hospital Old Airport Road,O-,PRBC,6,1,0,2,1,0
2026-05-10,HOSP-TN-04,Apollo Hospitals Greams Road,A+,PRBC,6,1,0,33,32,2
2026-05-10,HOSP-TN-04,Apollo Hospitals Greams Road,A-,PRBC,6,1,0,1,0,1
2026-05-10,HOSP-TN-04,Apollo Hospitals Greams Road,B+,PRBC,6,1,0,30,27,0
2026-05-10,HOSP-TN-04,Apollo Hospitals Greams Road,B-,PRBC,6,1,0,2,1,0
2026-05-10,HOSP-TN-04,Apollo Hospitals Greams Road,AB+,PRBC,6,1,0,16,15,0
2026-05-10,HOSP-TN-04,Apollo Hospitals Greams Road,AB-,PRBC,6,1,0,1,0,1
2026-05-10,HOSP-TN-04,Apollo Hospitals Greams Road,O+,PRBC,6,1,0,100,96,0
2026-05-10,HOSP-TN-04,Apollo Hospitals Greams Road,O-,PRBC,6,1,0,7,6,0
2026-05-10,HOSP-WB-05,SSKM Hospital & IPGMER,A+,PRBC,6,1,0,40,35,0
2026-05-10,HOSP-WB-05,SSKM Hospital & IPGMER,A-,PRBC,6,1,0,3,2,0
2026-05-10,HOSP-WB-05,SSKM Hospital & IPGMER,B+,PRBC,6,1,0,71,60,0
2026-05-10,HOSP-WB-05,SSKM Hospital & IPGMER,B-,PRBC,6,1,0,2,1,0
2026-05-10,HOSP-WB-05,SSKM Hospital & IPGMER,AB+,PRBC,6,1,0,13,11,0
2026-05-10,HOSP-WB-05,SSKM Hospital & IPGMER,AB-,PRBC,6,1,0,3,2,0
2026-05-10,HOSP-WB-05,SSKM Hospital & IPGMER,O+,PRBC,6,1,0,66,60,0
2026-05-10,HOSP-WB-05,SSKM Hospital & IPGMER,O-,PRBC,6,1,0,3,2,0
2026-05-11,HOSP-DEL-01,Safdarjung Hospital,A+,PRBC,0,0,0,19,18,0
2026-05-11,HOSP-DEL-01,Safdarjung Hospital,A-,PRBC,0,0,0,1,0,1
2026-05-11,HOSP-DEL-01,Safdarjung Hospital,B+,PRBC,0,0,1,27,23,0
2026-05-11,HOSP-DEL-01,Safdarjung Hospital,B-,PRBC,0,0,0,5,4,0
2026-05-11,HOSP-DEL-01,Safdarjung Hospital,AB+,PRBC,0,0,0,16,15,1
2026-05-11,HOSP-DEL-01,Safdarjung Hospital,AB-,PRBC,0,0,0,1,0,0
2026-05-11,HOSP-DEL-01,Safdarjung Hospital,O+,PRBC,0,0,0,48,40,0
2026-05-11,HOSP-DEL-01,Safdarjung Hospital,O-,PRBC,0,0,0,8,7,0
2026-05-11,HOSP-MAH-02,Lilavati Hospital & Research Centre,A+,PRBC,0,0,0,20,19,0
2026-05-11,HOSP-MAH-02,Lilavati Hospital & Research Centre,A-,PRBC,0,0,0,1,0,0
2026-05-11,HOSP-MAH-02,Lilavati Hospital & Research Centre,B+,PRBC,0,0,0,60,54,1
2026-05-11,HOSP-MAH-02,Lilavati Hospital & Research Centre,B-,PRBC,0,0,0,1,0,0
2026-05-11,HOSP-MAH-02,Lilavati Hospital & Research Centre,AB+,PRBC,0,0,0,11,9,0
2026-05-11,HOSP-MAH-02,Lilavati Hospital & Research Centre,AB-,PRBC,0,0,0,3,2,0
2026-05-11,HOSP-MAH-02,Lilavati Hospital & Research Centre,O+,PRBC,0,0,0,18,15,1
2026-05-11,HOSP-MAH-02,Lilavati Hospital & Research Centre,O-,PRBC,0,0,0,5,4,0
2026-05-11,HOSP-KAR-03,Manipal Hospital Old Airport Road,A+,PRBC,0,0,0,26,22,0
2026-05-11,HOSP-KAR-03,Manipal Hospital Old Airport Road,A-,PRBC,0,0,0,3,2,0
2026-05-11,HOSP-KAR-03,Manipal Hospital Old Airport Road,B+,PRBC,0,0,0,24,20,0
2026-05-11,HOSP-KAR-03,Manipal Hospital Old Airport Road,B-,PRBC,0,0,0,1,0,0
2026-05-11,HOSP-KAR-03,Manipal Hospital Old Airport Road,AB+,PRBC,0,0,0,9,7,0
2026-05-11,HOSP-KAR-03,Manipal Hospital Old Airport Road,AB-,PRBC,0,0,0,1,0,2
2026-05-11,HOSP-KAR-03,Manipal Hospital Old Airport Road,O+,PRBC,0,0,0,29,24,1
2026-05-11,HOSP-KAR-03,Manipal Hospital Old Airport Road,O-,PRBC,0,0,0,5,4,0
2026-05-11,HOSP-TN-04,Apollo Hospitals Greams Road,A+,PRBC,0,0,0,38,37,0
2026-05-11,HOSP-TN-04,Apollo Hospitals Greams Road,A-,PRBC,0,0,0,2,1,2
2026-05-11,HOSP-TN-04,Apollo Hospitals Greams Road,B+,PRBC,0,0,0,43,41,0
2026-05-11,HOSP-TN-04,Apollo Hospitals Greams Road,B-,PRBC,0,0,0,5,4,0
2026-05-11,HOSP-TN-04,Apollo Hospitals Greams Road,AB+,PRBC,0,0,0,6,5,0
2026-05-11,HOSP-TN-04,Apollo Hospitals Greams Road,AB-,PRBC,0,0,0,1,0,0
2026-05-11,HOSP-TN-04,Apollo Hospitals Greams Road,O+,PRBC,0,0,0,61,60,0
2026-05-11,HOSP-TN-04,Apollo Hospitals Greams Road,O-,PRBC,0,0,0,2,1,1
2026-05-11,HOSP-WB-05,SSKM Hospital & IPGMER,A+,PRBC,0,0,0,20,18,0
2026-05-11,HOSP-WB-05,SSKM Hospital & IPGMER,A-,PRBC,0,0,0,3,2,0
2026-05-11,HOSP-WB-05,SSKM Hospital & IPGMER,B+,PRBC,0,0,0,20,18,0
2026-05-11,HOSP-WB-05,SSKM Hospital & IPGMER,B-,PRBC,0,0,0,1,0,0
2026-05-11,HOSP-WB-05,SSKM Hospital & IPGMER,AB+,PRBC,0,0,0,8,7,0
2026-05-11,HOSP-WB-05,SSKM Hospital & IPGMER,AB-,PRBC,0,0,0,1,0,0
2026-05-11,HOSP-WB-05,SSKM Hospital & IPGMER,O+,PRBC,0,0,0,84,77,0
2026-05-11,HOSP-WB-05,SSKM Hospital & IPGMER,O-,PRBC,0,0,0,4,3,0
2026-05-12,HOSP-DEL-01,Safdarjung Hospital,A+,PRBC,1,0,0,41,40,0
2026-05-12,HOSP-DEL-01,Safdarjung Hospital,A-,PRBC,1,0,0,4,3,0
2026-05-12,HOSP-DEL-01,Safdarjung Hospital,B+,PRBC,1,0,0,59,54,0
2026-05-12,HOSP-DEL-01,Safdarjung Hospital,B-,PRBC,1,0,0,5,4,0
2026-05-12,HOSP-DEL-01,Safdarjung Hospital,AB+,PRBC,1,0,0,20,18,0
2026-05-12,HOSP-DEL-01,Safdarjung Hospital,AB-,PRBC,1,0,0,1,0,0
2026-05-12,HOSP-DEL-01,Safdarjung Hospital,O+,PRBC,1,0,0,70,63,0
2026-05-12,HOSP-DEL-01,Safdarjung Hospital,O-,PRBC,1,0,0,1,0,0
2026-05-12,HOSP-MAH-02,Lilavati Hospital & Research Centre,A+,PRBC,1,0,0,34,32,0
2026-05-12,HOSP-MAH-02,Lilavati Hospital & Research Centre,A-,PRBC,1,0,0,2,1,0
2026-05-12,HOSP-MAH-02,Lilavati Hospital & Research Centre,B+,PRBC,1,0,0,36,31,0
2026-05-12,HOSP-MAH-02,Lilavati Hospital & Research Centre,B-,PRBC,1,0,0,3,2,0
2026-05-12,HOSP-MAH-02,Lilavati Hospital & Research Centre,AB+,PRBC,1,0,0,2,1,0
2026-05-12,HOSP-MAH-02,Lilavati Hospital & Research Centre,AB-,PRBC,1,0,0,3,2,0
2026-05-12,HOSP-MAH-02,Lilavati Hospital & Research Centre,O+,PRBC,1,0,0,81,74,2
2026-05-12,HOSP-MAH-02,Lilavati Hospital & Research Centre,O-,PRBC,1,0,0,7,6,1
2026-05-12,HOSP-KAR-03,Manipal Hospital Old Airport Road,A+,PRBC,1,0,0,36,32,1
2026-05-12,HOSP-KAR-03,Manipal Hospital Old Airport Road,A-,PRBC,1,0,0,2,1,1
2026-05-12,HOSP-KAR-03,Manipal Hospital Old Airport Road,B+,PRBC,1,0,0,35,30,0
2026-05-12,HOSP-KAR-03,Manipal Hospital Old Airport Road,B-,PRBC,1,0,0,6,5,0
2026-05-12,HOSP-KAR-03,Manipal Hospital Old Airport Road,AB+,PRBC,1,0,0,12,10,0
2026-05-12,HOSP-KAR-03,Manipal Hospital Old Airport Road,AB-,PRBC,1,0,0,1,0,0
2026-05-12,HOSP-KAR-03,Manipal Hospital Old Airport Road,O+,PRBC,1,0,0,21,18,0
2026-05-12,HOSP-KAR-03,Manipal Hospital Old Airport Road,O-,PRBC,1,0,0,8,7,1
2026-05-12,HOSP-TN-04,Apollo Hospitals Greams Road,A+,PRBC,1,0,0,39,35,0
2026-05-12,HOSP-TN-04,Apollo Hospitals Greams Road,A-,PRBC,1,0,0,1,0,0
2026-05-12,HOSP-TN-04,Apollo Hospitals Greams Road,B+,PRBC,1,0,0,16,14,0
2026-05-12,HOSP-TN-04,Apollo Hospitals Greams Road,B-,PRBC,1,0,0,1,0,0
2026-05-12,HOSP-TN-04,Apollo Hospitals Greams Road,AB+,PRBC,1,0,0,9,8,0
2026-05-12,HOSP-TN-04,Apollo Hospitals Greams Road,AB-,PRBC,1,0,0,1,0,0
2026-05-12,HOSP-TN-04,Apollo Hospitals Greams Road,O+,PRBC,1,0,0,85,73,0
2026-05-12,HOSP-TN-04,Apollo Hospitals Greams Road,O-,PRBC,1,0,0,5,4,0
2026-05-12,HOSP-WB-05,SSKM Hospital & IPGMER,A+,PRBC,1,0,0,27,23,0
2026-05-12,HOSP-WB-05,SSKM Hospital & IPGMER,A-,PRBC,1,0,0,2,1,0
2026-05-12,HOSP-WB-05,SSKM Hospital & IPGMER,B+,PRBC,1,0,0,66,60,0
2026-05-12,HOSP-WB-05,SSKM Hospital & IPGMER,B-,PRBC,1,0,0,5,4,0
2026-05-12,HOSP-WB-05,SSKM Hospital & IPGMER,AB+,PRBC,1,0,0,20,18,0
2026-05-12,HOSP-WB-05,SSKM Hospital & IPGMER,AB-,PRBC,1,0,0,3,2,0
2026-05-12,HOSP-WB-05,SSKM Hospital & IPGMER,O+,PRBC,1,0,0,36,32,0
2026-05-12,HOSP-WB-05,SSKM Hospital & IPGMER,O-,PRBC,1,0,0,7,6,0
2026-05-13,HOSP-DEL-01,Safdarjung Hospital,A+,PRBC,2,0,1,33,31,0
2026-05-13,HOSP-DEL-01,Safdarjung Hospital,A-,PRBC,2,0,0,6,5,0
2026-05-13,HOSP-DEL-01,Safdarjung Hospital,B+,PRBC,2,0,0,54,53,2
2026-05-13,HOSP-DEL-01,Safdarjung Hospital,B-,PRBC,2,0,0,1,0,0
2026-05-13,HOSP-DEL-01,Safdarjung Hospital,AB+,PRBC,2,0,0,11,9,0
2026-05-13,HOSP-DEL-01,Safdarjung Hospital,AB-,PRBC,2,0,0,1,0,1
2026-05-13,HOSP-DEL-01,Safdarjung Hospital,O+,PRBC,2,0,0,66,65,0
2026-05-13,HOSP-DEL-01,Safdarjung Hospital,O-,PRBC,2,0,1,23,20,0
2026-05-13,HOSP-MAH-02,Lilavati Hospital & Research Centre,A+,PRBC,2,0,0,46,43,1
2026-05-13,HOSP-MAH-02,Lilavati Hospital & Research Centre,A-,PRBC,2,0,1,12,11,0
2026-05-13,HOSP-MAH-02,Lilavati Hospital & Research Centre,B+,PRBC,2,0,0,55,51,0
2026-05-13,HOSP-MAH-02,Lilavati Hospital & Research Centre,B-,PRBC,2,0,0,2,1,0
2026-05-13,HOSP-MAH-02,Lilavati Hospital & Research Centre,AB+,PRBC,2,0,0,14,12,0
2026-05-13,HOSP-MAH-02,Lilavati Hospital & Research Centre,AB-,PRBC,2,0,0,1,0,0
2026-05-13,HOSP-MAH-02,Lilavati Hospital & Research Centre,O+,PRBC,2,0,0,73,70,1
2026-05-13,HOSP-MAH-02,Lilavati Hospital & Research Centre,O-,PRBC,2,0,0,2,1,0
2026-05-13,HOSP-KAR-03,Manipal Hospital Old Airport Road,A+,PRBC,2,0,0,14,12,0
2026-05-13,HOSP-KAR-03,Manipal Hospital Old Airport Road,A-,PRBC,2,0,0,1,0,0
2026-05-13,HOSP-KAR-03,Manipal Hospital Old Airport Road,B+,PRBC,2,0,0,26,24,0
2026-05-13,HOSP-KAR-03,Manipal Hospital Old Airport Road,B-,PRBC,2,0,0,1,0,1
2026-05-13,HOSP-KAR-03,Manipal Hospital Old Airport Road,AB+,PRBC,2,0,0,12,10,0
2026-05-13,HOSP-KAR-03,Manipal Hospital Old Airport Road,AB-,PRBC,2,0,0,1,0,0
2026-05-13,HOSP-KAR-03,Manipal Hospital Old Airport Road,O+,PRBC,2,0,0,61,58,0
2026-05-13,HOSP-KAR-03,Manipal Hospital Old Airport Road,O-,PRBC,2,0,0,6,5,2
2026-05-13,HOSP-TN-04,Apollo Hospitals Greams Road,A+,PRBC,2,0,0,11,9,0
2026-05-13,HOSP-TN-04,Apollo Hospitals Greams Road,A-,PRBC,2,0,0,4,3,0
2026-05-13,HOSP-TN-04,Apollo Hospitals Greams Road,B+,PRBC,2,0,0,40,39,0
2026-05-13,HOSP-TN-04,Apollo Hospitals Greams Road,B-,PRBC,2,0,0,5,4,2
2026-05-13,HOSP-TN-04,Apollo Hospitals Greams Road,AB+,PRBC,2,0,0,15,13,0
2026-05-13,HOSP-TN-04,Apollo Hospitals Greams Road,AB-,PRBC,2,0,0,1,0,0
2026-05-13,HOSP-TN-04,Apollo Hospitals Greams Road,O+,PRBC,2,0,0,53,47,0
2026-05-13,HOSP-TN-04,Apollo Hospitals Greams Road,O-,PRBC,2,0,0,6,5,0
2026-05-13,HOSP-WB-05,SSKM Hospital & IPGMER,A+,PRBC,2,0,0,35,29,0
2026-05-13,HOSP-WB-05,SSKM Hospital & IPGMER,A-,PRBC,2,0,0,1,0,0
2026-05-13,HOSP-WB-05,SSKM Hospital & IPGMER,B+,PRBC,2,0,0,42,37,1
2026-05-13,HOSP-WB-05,SSKM Hospital & IPGMER,B-,PRBC,2,0,0,7,6,1
2026-05-13,HOSP-WB-05,SSKM Hospital & IPGMER,AB+,PRBC,2,0,0,14,13,1
2026-05-13,HOSP-WB-05,SSKM Hospital & IPGMER,AB-,PRBC,2,0,0,4,3,0
2026-05-13,HOSP-WB-05,SSKM Hospital & IPGMER,O+,PRBC,2,0,0,76,75,2
2026-05-13,HOSP-WB-05,SSKM Hospital & IPGMER,O-,PRBC,2,0,0,2,1,0
2026-05-14,HOSP-DEL-01,Safdarjung Hospital,A+,PRBC,3,0,0,22,21,0
2026-05-14,HOSP-DEL-01,Safdarjung Hospital,A-,PRBC,3,0,1,14,13,0
2026-05-14,HOSP-DEL-01,Safdarjung Hospital,B+,PRBC,3,0,0,33,28,0
2026-05-14,HOSP-DEL-01,Safdarjung Hospital,B-,PRBC,3,0,0,1,0,0
2026-05-14,HOSP-DEL-01,Safdarjung Hospital,AB+,PRBC,3,0,0,9,7,0
2026-05-14,HOSP-DEL-01,Safdarjung Hospital,AB-,PRBC,3,0,0,4,3,0
2026-05-14,HOSP-DEL-01,Safdarjung Hospital,O+,PRBC,3,0,0,55,48,0
2026-05-14,HOSP-DEL-01,Safdarjung Hospital,O-,PRBC,3,0,0,5,4,0
2026-05-14,HOSP-MAH-02,Lilavati Hospital & Research Centre,A+,PRBC,3,0,0,46,44,1
2026-05-14,HOSP-MAH-02,Lilavati Hospital & Research Centre,A-,PRBC,3,0,1,9,8,0
2026-05-14,HOSP-MAH-02,Lilavati Hospital & Research Centre,B+,PRBC,3,0,0,73,70,1
2026-05-14,HOSP-MAH-02,Lilavati Hospital & Research Centre,B-,PRBC,3,0,0,3,2,0
2026-05-14,HOSP-MAH-02,Lilavati Hospital & Research Centre,AB+,PRBC,3,0,0,11,10,0
2026-05-14,HOSP-MAH-02,Lilavati Hospital & Research Centre,AB-,PRBC,3,0,0,1,0,0
2026-05-14,HOSP-MAH-02,Lilavati Hospital & Research Centre,O+,PRBC,3,0,0,67,57,0
2026-05-14,HOSP-MAH-02,Lilavati Hospital & Research Centre,O-,PRBC,3,0,0,4,3,0
2026-05-14,HOSP-KAR-03,Manipal Hospital Old Airport Road,A+,PRBC,3,0,0,30,26,1
2026-05-14,HOSP-KAR-03,Manipal Hospital Old Airport Road,A-,PRBC,3,0,0,1,0,0
2026-05-14,HOSP-KAR-03,Manipal Hospital Old Airport Road,B+,PRBC,3,0,0,61,58,1
2026-05-14,HOSP-KAR-03,Manipal Hospital Old Airport Road,B-,PRBC,3,0,0,7,6,2
2026-05-14,HOSP-KAR-03,Manipal Hospital Old Airport Road,AB+,PRBC,3,0,0,12,11,0
2026-05-14,HOSP-KAR-03,Manipal Hospital Old Airport Road,AB-,PRBC,3,0,0,1,0,0
2026-05-14,HOSP-KAR-03,Manipal Hospital Old Airport Road,O+,PRBC,3,0,0,36,34,0
2026-05-14,HOSP-KAR-03,Manipal Hospital Old Airport Road,O-,PRBC,3,0,0,4,3,0
2026-05-14,HOSP-TN-04,Apollo Hospitals Greams Road,A+,PRBC,3,0,0,50,43,0
2026-05-14,HOSP-TN-04,Apollo Hospitals Greams Road,A-,PRBC,3,0,0,1,0,0
2026-05-14,HOSP-TN-04,Apollo Hospitals Greams Road,B+,PRBC,3,0,0,26,24,0
2026-05-14,HOSP-TN-04,Apollo Hospitals Greams Road,B-,PRBC,3,0,0,2,1,2
2026-05-14,HOSP-TN-04,Apollo Hospitals Greams Road,AB+,PRBC,3,0,0,12,10,2
2026-05-14,HOSP-TN-04,Apollo Hospitals Greams Road,AB-,PRBC,3,0,1,16,14,0
2026-05-14,HOSP-TN-04,Apollo Hospitals Greams Road,O+,PRBC,3,0,0,26,22,0
2026-05-14,HOSP-TN-04,Apollo Hospitals Greams Road,O-,PRBC,3,0,0,3,2,0
2026-05-14,HOSP-WB-05,SSKM Hospital & IPGMER,A+,PRBC,3,0,0,40,34,0
2026-05-14,HOSP-WB-05,SSKM Hospital & IPGMER,A-,PRBC,3,0,0,6,5,0
2026-05-14,HOSP-WB-05,SSKM Hospital & IPGMER,B+,PRBC,3,0,0,23,21,1
2026-05-14,HOSP-WB-05,SSKM Hospital & IPGMER,B-,PRBC,3,0,0,3,2,0
2026-05-14,HOSP-WB-05,SSKM Hospital & IPGMER,AB+,PRBC,3,0,0,6,5,0
2026-05-14,HOSP-WB-05,SSKM Hospital & IPGMER,AB-,PRBC,3,0,0,1,0,0
2026-05-14,HOSP-WB-05,SSKM Hospital & IPGMER,O+,PRBC,3,0,0,78,75,0
2026-05-14,HOSP-WB-05,SSKM Hospital & IPGMER,O-,PRBC,3,0,0,6,5,0
2026-05-15,HOSP-DEL-01,Safdarjung Hospital,A+,PRBC,4,0,0,36,31,0
2026-05-15,HOSP-DEL-01,Safdarjung Hospital,A-,PRBC,4,0,0,2,1,0
2026-05-15,HOSP-DEL-01,Safdarjung Hospital,B+,PRBC,4,0,0,15,13,0
2026-05-15,HOSP-DEL-01,Safdarjung Hospital,B-,PRBC,4,0,0,3,2,0
2026-05-15,HOSP-DEL-01,Safdarjung Hospital,AB+,PRBC,4,0,0,5,4,0
2026-05-15,HOSP-DEL-01,Safdarjung Hospital,AB-,PRBC,4,0,0,1,0,0
2026-05-15,HOSP-DEL-01,Safdarjung Hospital,O+,PRBC,4,0,0,83,78,0
2026-05-15,HOSP-DEL-01,Safdarjung Hospital,O-,PRBC,4,0,0,6,5,2
2026-05-15,HOSP-MAH-02,Lilavati Hospital & Research Centre,A+,PRBC,4,0,0,37,31,0
2026-05-15,HOSP-MAH-02,Lilavati Hospital & Research Centre,A-,PRBC,4,0,0,1,0,0
2026-05-15,HOSP-MAH-02,Lilavati Hospital & Research Centre,B+,PRBC,4,0,0,25,22,0
2026-05-15,HOSP-MAH-02,Lilavati Hospital & Research Centre,B-,PRBC,4,0,1,12,10,1
2026-05-15,HOSP-MAH-02,Lilavati Hospital & Research Centre,AB+,PRBC,4,0,0,10,9,1
2026-05-15,HOSP-MAH-02,Lilavati Hospital & Research Centre,AB-,PRBC,4,0,0,3,2,2
2026-05-15,HOSP-MAH-02,Lilavati Hospital & Research Centre,O+,PRBC,4,0,0,66,61,0
2026-05-15,HOSP-MAH-02,Lilavati Hospital & Research Centre,O-,PRBC,4,0,0,3,2,0
2026-05-15,HOSP-KAR-03,Manipal Hospital Old Airport Road,A+,PRBC,4,0,0,24,20,0
2026-05-15,HOSP-KAR-03,Manipal Hospital Old Airport Road,A-,PRBC,4,0,0,1,0,0
2026-05-15,HOSP-KAR-03,Manipal Hospital Old Airport Road,B+,PRBC,4,0,0,68,66,0
2026-05-15,HOSP-KAR-03,Manipal Hospital Old Airport Road,B-,PRBC,4,0,0,1,0,0
2026-05-15,HOSP-KAR-03,Manipal Hospital Old Airport Road,AB+,PRBC,4,0,0,21,20,0
2026-05-15,HOSP-KAR-03,Manipal Hospital Old Airport Road,AB-,PRBC,4,0,0,1,0,1
2026-05-15,HOSP-KAR-03,Manipal Hospital Old Airport Road,O+,PRBC,4,0,0,54,47,1
2026-05-15,HOSP-KAR-03,Manipal Hospital Old Airport Road,O-,PRBC,4,0,0,6,5,0
2026-05-15,HOSP-TN-04,Apollo Hospitals Greams Road,A+,PRBC,4,0,0,33,30,0
2026-05-15,HOSP-TN-04,Apollo Hospitals Greams Road,A-,PRBC,4,0,0,1,0,0
2026-05-15,HOSP-TN-04,Apollo Hospitals Greams Road,B+,PRBC,4,0,0,52,49,0
2026-05-15,HOSP-TN-04,Apollo Hospitals Greams Road,B-,PRBC,4,0,0,5,4,0
2026-05-15,HOSP-TN-04,Apollo Hospitals Greams Road,AB+,PRBC,4,0,0,21,18,1
2026-05-15,HOSP-TN-04,Apollo Hospitals Greams Road,AB-,PRBC,4,0,0,1,0,1
2026-05-15,HOSP-TN-04,Apollo Hospitals Greams Road,O+,PRBC,4,0,0,83,81,0
2026-05-15,HOSP-TN-04,Apollo Hospitals Greams Road,O-,PRBC,4,0,0,1,0,0
2026-05-15,HOSP-WB-05,SSKM Hospital & IPGMER,A+,PRBC,4,0,0,40,38,0
2026-05-15,HOSP-WB-05,SSKM Hospital & IPGMER,A-,PRBC,4,0,0,6,5,0
2026-05-15,HOSP-WB-05,SSKM Hospital & IPGMER,B+,PRBC,4,0,0,58,55,0
2026-05-15,HOSP-WB-05,SSKM Hospital & IPGMER,B-,PRBC,4,0,0,6,5,0
2026-05-15,HOSP-WB-05,SSKM Hospital & IPGMER,AB+,PRBC,4,0,0,15,14,1
2026-05-15,HOSP-WB-05,SSKM Hospital & IPGMER,AB-,PRBC,4,0,0,4,3,0
2026-05-15,HOSP-WB-05,SSKM Hospital & IPGMER,O+,PRBC,4,0,0,87,85,0
2026-05-15,HOSP-WB-05,SSKM Hospital & IPGMER,O-,PRBC,4,0,0,3,2,0
2026-05-16,HOSP-DEL-01,Safdarjung Hospital,A+,PRBC,5,1,0,30,27,0
2026-05-16,HOSP-DEL-01,Safdarjung Hospital,A-,PRBC,5,1,0,1,0,0
2026-05-16,HOSP-DEL-01,Safdarjung Hospital,B+,PRBC,5,1,1,56,50,1
2026-05-16,HOSP-DEL-01,Safdarjung Hospital,B-,PRBC,5,1,0,7,6,0
2026-05-16,HOSP-DEL-01,Safdarjung Hospital,AB+,PRBC,5,1,0,15,12,0
2026-05-16,HOSP-DEL-01,Safdarjung Hospital,AB-,PRBC,5,1,0,1,0,1
2026-05-16,HOSP-DEL-01,Safdarjung Hospital,O+,PRBC,5,1,0,37,33,0
2026-05-16,HOSP-DEL-01,Safdarjung Hospital,O-,PRBC,5,1,0,6,5,0
2026-05-16,HOSP-MAH-02,Lilavati Hospital & Research Centre,A+,PRBC,5,1,0,19,17,0
2026-05-16,HOSP-MAH-02,Lilavati Hospital & Research Centre,A-,PRBC,5,1,0,3,2,0
2026-05-16,HOSP-MAH-02,Lilavati Hospital & Research Centre,B+,PRBC,5,1,0,52,45,0
2026-05-16,HOSP-MAH-02,Lilavati Hospital & Research Centre,B-,PRBC,5,1,0,4,3,0
2026-05-16,HOSP-MAH-02,Lilavati Hospital & Research Centre,AB+,PRBC,5,1,0,8,7,0
2026-05-16,HOSP-MAH-02,Lilavati Hospital & Research Centre,AB-,PRBC,5,1,0,3,2,0
2026-05-16,HOSP-MAH-02,Lilavati Hospital & Research Centre,O+,PRBC,5,1,0,69,66,0
2026-05-16,HOSP-MAH-02,Lilavati Hospital & Research Centre,O-,PRBC,5,1,0,9,8,0
2026-05-16,HOSP-KAR-03,Manipal Hospital Old Airport Road,A+,PRBC,5,1,0,53,51,0
2026-05-16,HOSP-KAR-03,Manipal Hospital Old Airport Road,A-,PRBC,5,1,1,15,12,0
2026-05-16,HOSP-KAR-03,Manipal Hospital Old Airport Road,B+,PRBC,5,1,0,50,45,0
2026-05-16,HOSP-KAR-03,Manipal Hospital Old Airport Road,B-,PRBC,5,1,0,1,0,0
2026-05-16,HOSP-KAR-03,Manipal Hospital Old Airport Road,AB+,PRBC,5,1,0,5,4,2
2026-05-16,HOSP-KAR-03,Manipal Hospital Old Airport Road,AB-,PRBC,5,1,0,1,0,0
2026-05-16,HOSP-KAR-03,Manipal Hospital Old Airport Road,O+,PRBC,5,1,0,33,28,2
2026-05-16,HOSP-KAR-03,Manipal Hospital Old Airport Road,O-,PRBC,5,1,0,5,4,0
2026-05-16,HOSP-TN-04,Apollo Hospitals Greams Road,A+,PRBC,5,1,0,25,22,0
2026-05-16,HOSP-TN-04,Apollo Hospitals Greams Road,A-,PRBC,5,1,1,14,12,0
2026-05-16,HOSP-TN-04,Apollo Hospitals Greams Road,B+,PRBC,5,1,0,37,31,0
2026-05-16,HOSP-TN-04,Apollo Hospitals Greams Road,B-,PRBC,5,1,0,1,0,0
2026-05-16,HOSP-TN-04,Apollo Hospitals Greams Road,AB+,PRBC,5,1,0,11,9,0
2026-05-16,HOSP-TN-04,Apollo Hospitals Greams Road,AB-,PRBC,5,1,0,1,0,1
2026-05-16,HOSP-TN-04,Apollo Hospitals Greams Road,O+,PRBC,5,1,0,32,28,0
2026-05-16,HOSP-TN-04,Apollo Hospitals Greams Road,O-,PRBC,5,1,1,14,12,0
2026-05-16,HOSP-WB-05,SSKM Hospital & IPGMER,A+,PRBC,5,1,0,33,31,0
2026-05-16,HOSP-WB-05,SSKM Hospital & IPGMER,A-,PRBC,5,1,0,1,0,0
2026-05-16,HOSP-WB-05,SSKM Hospital & IPGMER,B+,PRBC,5,1,0,78,77,1
2026-05-16,HOSP-WB-05,SSKM Hospital & IPGMER,B-,PRBC,5,1,0,6,5,0
2026-05-16,HOSP-WB-05,SSKM Hospital & IPGMER,AB+,PRBC,5,1,0,18,16,0
2026-05-16,HOSP-WB-05,SSKM Hospital & IPGMER,AB-,PRBC,5,1,0,1,0,0
2026-05-16,HOSP-WB-05,SSKM Hospital & IPGMER,O+,PRBC,5,1,0,47,46,1
2026-05-16,HOSP-WB-05,SSKM Hospital & IPGMER,O-,PRBC,5,1,0,6,5,0
2026-05-17,HOSP-DEL-01,Safdarjung Hospital,A+,PRBC,6,1,0,59,51,0
2026-05-17,HOSP-DEL-01,Safdarjung Hospital,A-,PRBC,6,1,0,5,4,2
2026-05-17,HOSP-DEL-01,Safdarjung Hospital,B+,PRBC,6,1,0,34,32,1
2026-05-17,HOSP-DEL-01,Safdarjung Hospital,B-,PRBC,6,1,0,7,6,0
2026-05-17,HOSP-DEL-01,Safdarjung Hospital,AB+,PRBC,6,1,0,12,10,0
2026-05-17,HOSP-DEL-01,Safdarjung Hospital,AB-,PRBC,6,1,1,14,12,0
2026-05-17,HOSP-DEL-01,Safdarjung Hospital,O+,PRBC,6,1,0,45,43,0
2026-05-17,HOSP-DEL-01,Safdarjung Hospital,O-,PRBC,6,1,1,10,8,0
2026-05-17,HOSP-MAH-02,Lilavati Hospital & Research Centre,A+,PRBC,6,1,0,58,56,0
2026-05-17,HOSP-MAH-02,Lilavati Hospital & Research Centre,A-,PRBC,6,1,0,2,1,0
2026-05-17,HOSP-MAH-02,Lilavati Hospital & Research Centre,B+,PRBC,6,1,0,45,40,1
2026-05-17,HOSP-MAH-02,Lilavati Hospital & Research Centre,B-,PRBC,6,1,0,4,3,0
2026-05-17,HOSP-MAH-02,Lilavati Hospital & Research Centre,AB+,PRBC,6,1,1,16,14,1
2026-05-17,HOSP-MAH-02,Lilavati Hospital & Research Centre,AB-,PRBC,6,1,0,2,1,1
2026-05-17,HOSP-MAH-02,Lilavati Hospital & Research Centre,O+,PRBC,6,1,0,110,105,0
2026-05-17,HOSP-MAH-02,Lilavati Hospital & Research Centre,O-,PRBC,6,1,0,9,8,0
2026-05-17,HOSP-KAR-03,Manipal Hospital Old Airport Road,A+,PRBC,6,1,0,34,31,0
2026-05-17,HOSP-KAR-03,Manipal Hospital Old Airport Road,A-,PRBC,6,1,0,2,1,0
2026-05-17,HOSP-KAR-03,Manipal Hospital Old Airport Road,B+,PRBC,6,1,0,30,26,0
2026-05-17,HOSP-KAR-03,Manipal Hospital Old Airport Road,B-,PRBC,6,1,0,6,5,0
2026-05-17,HOSP-KAR-03,Manipal Hospital Old Airport Road,AB+,PRBC,6,1,0,9,8,0
2026-05-17,HOSP-KAR-03,Manipal Hospital Old Airport Road,AB-,PRBC,6,1,0,1,0,1
2026-05-17,HOSP-KAR-03,Manipal Hospital Old Airport Road,O+,PRBC,6,1,0,112,97,0
2026-05-17,HOSP-KAR-03,Manipal Hospital Old Airport Road,O-,PRBC,6,1,0,2,1,0
2026-05-17,HOSP-TN-04,Apollo Hospitals Greams Road,A+,PRBC,6,1,0,50,43,0
2026-05-17,HOSP-TN-04,Apollo Hospitals Greams Road,A-,PRBC,6,1,0,3,2,1
2026-05-17,HOSP-TN-04,Apollo Hospitals Greams Road,B+,PRBC,6,1,0,96,93,1
2026-05-17,HOSP-TN-04,Apollo Hospitals Greams Road,B-,PRBC,6,1,0,3,2,0
2026-05-17,HOSP-TN-04,Apollo Hospitals Greams Road,AB+,PRBC,6,1,0,9,7,0
2026-05-17,HOSP-TN-04,Apollo Hospitals Greams Road,AB-,PRBC,6,1,0,1,0,0
2026-05-17,HOSP-TN-04,Apollo Hospitals Greams Road,O+,PRBC,6,1,0,67,56,0
2026-05-17,HOSP-TN-04,Apollo Hospitals Greams Road,O-,PRBC,6,1,0,2,1,0
2026-05-17,HOSP-WB-05,SSKM Hospital & IPGMER,A+,PRBC,6,1,0,61,59,0
2026-05-17,HOSP-WB-05,SSKM Hospital & IPGMER,A-,PRBC,6,1,0,1,0,0
2026-05-17,HOSP-WB-05,SSKM Hospital & IPGMER,B+,PRBC,6,1,0,24,23,1
2026-05-17,HOSP-WB-05,SSKM Hospital & IPGMER,B-,PRBC,6,1,0,4,3,0
2026-05-17,HOSP-WB-05,SSKM Hospital & IPGMER,AB+,PRBC,6,1,0,10,9,0
2026-05-17,HOSP-WB-05,SSKM Hospital & IPGMER,AB-,PRBC,6,1,0,1,0,0
2026-05-17,HOSP-WB-05,SSKM Hospital & IPGMER,O+,PRBC,6,1,0,109,105,0
2026-05-17,HOSP-WB-05,SSKM Hospital & IPGMER,O-,PRBC,6,1,0,10,8,0
2026-05-18,HOSP-DEL-01,Safdarjung Hospital,A+,PRBC,0,0,0,28,27,0
2026-05-18,HOSP-DEL-01,Safdarjung Hospital,A-,PRBC,0,0,0,1,0,2
2026-05-18,HOSP-DEL-01,Safdarjung Hospital,B+,PRBC,0,0,0,25,23,0
2026-05-18,HOSP-DEL-01,Safdarjung Hospital,B-,PRBC,0,0,0,7,6,0
2026-05-18,HOSP-DEL-01,Safdarjung Hospital,AB+,PRBC,0,0,0,15,13,0
2026-05-18,HOSP-DEL-01,Safdarjung Hospital,AB-,PRBC,0,0,0,1,0,0
2026-05-18,HOSP-DEL-01,Safdarjung Hospital,O+,PRBC,0,0,0,50,48,0
2026-05-18,HOSP-DEL-01,Safdarjung Hospital,O-,PRBC,0,0,0,1,0,0
2026-05-18,HOSP-MAH-02,Lilavati Hospital & Research Centre,A+,PRBC,0,0,0,30,25,0
2026-05-18,HOSP-MAH-02,Lilavati Hospital & Research Centre,A-,PRBC,0,0,0,2,1,0
2026-05-18,HOSP-MAH-02,Lilavati Hospital & Research Centre,B+,PRBC,0,0,0,67,59,0
2026-05-18,HOSP-MAH-02,Lilavati Hospital & Research Centre,B-,PRBC,0,0,0,4,3,0
2026-05-18,HOSP-MAH-02,Lilavati Hospital & Research Centre,AB+,PRBC,0,0,0,4,3,0
2026-05-18,HOSP-MAH-02,Lilavati Hospital & Research Centre,AB-,PRBC,0,0,0,2,1,0
2026-05-18,HOSP-MAH-02,Lilavati Hospital & Research Centre,O+,PRBC,0,0,1,47,43,0
2026-05-18,HOSP-MAH-02,Lilavati Hospital & Research Centre,O-,PRBC,0,0,0,5,4,0
2026-05-18,HOSP-KAR-03,Manipal Hospital Old Airport Road,A+,PRBC,0,0,0,50,45,0
2026-05-18,HOSP-KAR-03,Manipal Hospital Old Airport Road,A-,PRBC,0,0,0,1,0,0
2026-05-18,HOSP-KAR-03,Manipal Hospital Old Airport Road,B+,PRBC,0,0,0,50,42,0
2026-05-18,HOSP-KAR-03,Manipal Hospital Old Airport Road,B-,PRBC,0,0,0,5,4,0
2026-05-18,HOSP-KAR-03,Manipal Hospital Old Airport Road,AB+,PRBC,0,0,0,12,10,0
2026-05-18,HOSP-KAR-03,Manipal Hospital Old Airport Road,AB-,PRBC,0,0,0,1,0,0
2026-05-18,HOSP-KAR-03,Manipal Hospital Old Airport Road,O+,PRBC,0,0,0,24,23,0
2026-05-18,HOSP-KAR-03,Manipal Hospital Old Airport Road,O-,PRBC,0,0,0,2,1,0
2026-05-18,HOSP-TN-04,Apollo Hospitals Greams Road,A+,PRBC,0,0,0,43,40,0
2026-05-18,HOSP-TN-04,Apollo Hospitals Greams Road,A-,PRBC,0,0,1,15,12,0
2026-05-18,HOSP-TN-04,Apollo Hospitals Greams Road,B+,PRBC,0,0,1,59,56,0
2026-05-18,HOSP-TN-04,Apollo Hospitals Greams Road,B-,PRBC,0,0,0,1,0,0
2026-05-18,HOSP-TN-04,Apollo Hospitals Greams Road,AB+,PRBC,0,0,1,23,19,0
2026-05-18,HOSP-TN-04,Apollo Hospitals Greams Road,AB-,PRBC,0,0,0,1,0,0
2026-05-18,HOSP-TN-04,Apollo Hospitals Greams Road,O+,PRBC,0,0,0,39,38,0
2026-05-18,HOSP-TN-04,Apollo Hospitals Greams Road,O-,PRBC,0,0,0,5,4,0
2026-05-18,HOSP-WB-05,SSKM Hospital & IPGMER,A+,PRBC,0,0,1,53,49,1
2026-05-18,HOSP-WB-05,SSKM Hospital & IPGMER,A-,PRBC,0,0,0,2,1,0
2026-05-18,HOSP-WB-05,SSKM Hospital & IPGMER,B+,PRBC,0,0,0,71,68,0
2026-05-18,HOSP-WB-05,SSKM Hospital & IPGMER,B-,PRBC,0,0,0,6,5,0
2026-05-18,HOSP-WB-05,SSKM Hospital & IPGMER,AB+,PRBC,0,0,0,14,12,0
2026-05-18,HOSP-WB-05,SSKM Hospital & IPGMER,AB-,PRBC,0,0,0,1,0,0
2026-05-18,HOSP-WB-05,SSKM Hospital & IPGMER,O+,PRBC,0,0,0,67,63,1
2026-05-18,HOSP-WB-05,SSKM Hospital & IPGMER,O-,PRBC,0,0,0,2,1,0
2026-05-19,HOSP-DEL-01,Safdarjung Hospital,A+,PRBC,1,0,0,42,38,0
2026-05-19,HOSP-DEL-01,Safdarjung Hospital,A-,PRBC,1,0,0,1,0,0
2026-05-19,HOSP-DEL-01,Safdarjung Hospital,B+,PRBC,1,0,0,21,18,0
2026-05-19,HOSP-DEL-01,Safdarjung Hospital,B-,PRBC,1,0,0,5,4,1
2026-05-19,HOSP-DEL-01,Safdarjung Hospital,AB+,PRBC,1,0,0,19,18,0
2026-05-19,HOSP-DEL-01,Safdarjung Hospital,AB-,PRBC,1,0,0,1,0,0
2026-05-19,HOSP-DEL-01,Safdarjung Hospital,O+,PRBC,1,0,0,59,56,0
2026-05-19,HOSP-DEL-01,Safdarjung Hospital,O-,PRBC,1,0,0,6,5,2
2026-05-19,HOSP-MAH-02,Lilavati Hospital & Research Centre,A+,PRBC,1,0,0,15,14,0
2026-05-19,HOSP-MAH-02,Lilavati Hospital & Research Centre,A-,PRBC,1,0,0,2,1,1
2026-05-19,HOSP-MAH-02,Lilavati Hospital & Research Centre,B+,PRBC,1,0,0,31,26,0
2026-05-19,HOSP-MAH-02,Lilavati Hospital & Research Centre,B-,PRBC,1,0,0,4,3,0
2026-05-19,HOSP-MAH-02,Lilavati Hospital & Research Centre,AB+,PRBC,1,0,0,6,5,0
2026-05-19,HOSP-MAH-02,Lilavati Hospital & Research Centre,AB-,PRBC,1,0,0,2,1,0
2026-05-19,HOSP-MAH-02,Lilavati Hospital & Research Centre,O+,PRBC,1,0,0,48,44,1
2026-05-19,HOSP-MAH-02,Lilavati Hospital & Research Centre,O-,PRBC,1,0,0,4,3,0
2026-05-19,HOSP-KAR-03,Manipal Hospital Old Airport Road,A+,PRBC,1,0,0,25,24,2
2026-05-19,HOSP-KAR-03,Manipal Hospital Old Airport Road,A-,PRBC,1,0,0,1,0,0
2026-05-19,HOSP-KAR-03,Manipal Hospital Old Airport Road,B+,PRBC,1,0,0,29,25,0
2026-05-19,HOSP-KAR-03,Manipal Hospital Old Airport Road,B-,PRBC,1,0,0,2,1,0
2026-05-19,HOSP-KAR-03,Manipal Hospital Old Airport Road,AB+,PRBC,1,0,0,12,10,1
2026-05-19,HOSP-KAR-03,Manipal Hospital Old Airport Road,AB-,PRBC,1,0,0,1,0,1
2026-05-19,HOSP-KAR-03,Manipal Hospital Old Airport Road,O+,PRBC,1,0,0,50,49,0
2026-05-19,HOSP-KAR-03,Manipal Hospital Old Airport Road,O-,PRBC,1,0,0,4,3,1
2026-05-19,HOSP-TN-04,Apollo Hospitals Greams Road,A+,PRBC,1,0,0,19,17,0
2026-05-19,HOSP-TN-04,Apollo Hospitals Greams Road,A-,PRBC,1,0,0,6,5,0
2026-05-19,HOSP-TN-04,Apollo Hospitals Greams Road,B+,PRBC,1,0,0,14,12,0
2026-05-19,HOSP-TN-04,Apollo Hospitals Greams Road,B-,PRBC,1,0,0,4,3,0
2026-05-19,HOSP-TN-04,Apollo Hospitals Greams Road,AB+,PRBC,1,0,0,10,9,0
2026-05-19,HOSP-TN-04,Apollo Hospitals Greams Road,AB-,PRBC,1,0,1,9,8,0
2026-05-19,HOSP-TN-04,Apollo Hospitals Greams Road,O+,PRBC,1,0,0,58,57,2
2026-05-19,HOSP-TN-04,Apollo Hospitals Greams Road,O-,PRBC,1,0,1,12,10,0
2026-05-19,HOSP-WB-05,SSKM Hospital & IPGMER,A+,PRBC,1,0,0,43,40,0
2026-05-19,HOSP-WB-05,SSKM Hospital & IPGMER,A-,PRBC,1,0,0,3,2,2
2026-05-19,HOSP-WB-05,SSKM Hospital & IPGMER,B+,PRBC,1,0,0,36,32,0
2026-05-19,HOSP-WB-05,SSKM Hospital & IPGMER,B-,PRBC,1,0,0,4,3,0
2026-05-19,HOSP-WB-05,SSKM Hospital & IPGMER,AB+,PRBC,1,0,0,17,16,1
2026-05-19,HOSP-WB-05,SSKM Hospital & IPGMER,AB-,PRBC,1,0,0,1,0,0
2026-05-19,HOSP-WB-05,SSKM Hospital & IPGMER,O+,PRBC,1,0,0,85,81,1
2026-05-19,HOSP-WB-05,SSKM Hospital & IPGMER,O-,PRBC,1,0,0,4,3,0
2026-05-20,HOSP-DEL-01,Safdarjung Hospital,A+,PRBC,2,0,0,45,41,0
2026-05-20,HOSP-DEL-01,Safdarjung Hospital,A-,PRBC,2,0,0,3,2,1
2026-05-20,HOSP-DEL-01,Safdarjung Hospital,B+,PRBC,2,0,0,42,40,0
2026-05-20,HOSP-DEL-01,Safdarjung Hospital,B-,PRBC,2,0,0,6,5,1
2026-05-20,HOSP-DEL-01,Safdarjung Hospital,AB+,PRBC,2,0,0,9,8,0
2026-05-20,HOSP-DEL-01,Safdarjung Hospital,AB-,PRBC,2,0,1,5,4,0
2026-05-20,HOSP-DEL-01,Safdarjung Hospital,O+,PRBC,2,0,0,53,47,1
2026-05-20,HOSP-DEL-01,Safdarjung Hospital,O-,PRBC,2,0,0,8,7,0
2026-05-20,HOSP-MAH-02,Lilavati Hospital & Research Centre,A+,PRBC,2,0,0,45,41,1
2026-05-20,HOSP-MAH-02,Lilavati Hospital & Research Centre,A-,PRBC,2,0,0,2,1,0
2026-05-20,HOSP-MAH-02,Lilavati Hospital & Research Centre,B+,PRBC,2,0,0,40,37,0
2026-05-20,HOSP-MAH-02,Lilavati Hospital & Research Centre,B-,PRBC,2,0,0,7,6,0
2026-05-20,HOSP-MAH-02,Lilavati Hospital & Research Centre,AB+,PRBC,2,0,0,4,3,0
2026-05-20,HOSP-MAH-02,Lilavati Hospital & Research Centre,AB-,PRBC,2,0,0,1,0,0
2026-05-20,HOSP-MAH-02,Lilavati Hospital & Research Centre,O+,PRBC,2,0,0,83,79,0
2026-05-20,HOSP-MAH-02,Lilavati Hospital & Research Centre,O-,PRBC,2,0,0,4,3,0
2026-05-20,HOSP-KAR-03,Manipal Hospital Old Airport Road,A+,PRBC,2,0,0,17,16,0
2026-05-20,HOSP-KAR-03,Manipal Hospital Old Airport Road,A-,PRBC,2,0,0,1,0,1
2026-05-20,HOSP-KAR-03,Manipal Hospital Old Airport Road,B+,PRBC,2,0,0,54,52,0
2026-05-20,HOSP-KAR-03,Manipal Hospital Old Airport Road,B-,PRBC,2,0,0,3,2,1
2026-05-20,HOSP-KAR-03,Manipal Hospital Old Airport Road,AB+,PRBC,2,0,0,5,4,0
2026-05-20,HOSP-KAR-03,Manipal Hospital Old Airport Road,AB-,PRBC,2,0,0,1,0,1
2026-05-20,HOSP-KAR-03,Manipal Hospital Old Airport Road,O+,PRBC,2,0,0,23,22,0
2026-05-20,HOSP-KAR-03,Manipal Hospital Old Airport Road,O-,PRBC,2,0,0,4,3,0
2026-05-20,HOSP-TN-04,Apollo Hospitals Greams Road,A+,PRBC,2,0,0,30,26,0
2026-05-20,HOSP-TN-04,Apollo Hospitals Greams Road,A-,PRBC,2,0,0,3,2,0
2026-05-20,HOSP-TN-04,Apollo Hospitals Greams Road,B+,PRBC,2,0,0,58,54,0
2026-05-20,HOSP-TN-04,Apollo Hospitals Greams Road,B-,PRBC,2,0,0,2,1,0
2026-05-20,HOSP-TN-04,Apollo Hospitals Greams Road,AB+,PRBC,2,0,0,6,5,0
2026-05-20,HOSP-TN-04,Apollo Hospitals Greams Road,AB-,PRBC,2,0,0,1,0,0
2026-05-20,HOSP-TN-04,Apollo Hospitals Greams Road,O+,PRBC,2,0,0,59,57,0
2026-05-20,HOSP-TN-04,Apollo Hospitals Greams Road,O-,PRBC,2,0,0,7,6,0
2026-05-20,HOSP-WB-05,SSKM Hospital & IPGMER,A+,PRBC,2,0,0,46,39,0
2026-05-20,HOSP-WB-05,SSKM Hospital & IPGMER,A-,PRBC,2,0,0,1,0,0
2026-05-20,HOSP-WB-05,SSKM Hospital & IPGMER,B+,PRBC,2,0,0,70,62,0
2026-05-20,HOSP-WB-05,SSKM Hospital & IPGMER,B-,PRBC,2,0,0,1,0,0
2026-05-20,HOSP-WB-05,SSKM Hospital & IPGMER,AB+,PRBC,2,0,1,19,18,0
2026-05-20,HOSP-WB-05,SSKM Hospital & IPGMER,AB-,PRBC,2,0,0,3,2,0
2026-05-20,HOSP-WB-05,SSKM Hospital & IPGMER,O+,PRBC,2,0,0,45,41,0
2026-05-20,HOSP-WB-05,SSKM Hospital & IPGMER,O-,PRBC,2,0,0,2,1,0
2026-05-21,HOSP-DEL-01,Safdarjung Hospital,A+,PRBC,3,0,0,12,11,0
2026-05-21,HOSP-DEL-01,Safdarjung Hospital,A-,PRBC,3,0,0,1,0,0
2026-05-21,HOSP-DEL-01,Safdarjung Hospital,B+,PRBC,3,0,0,49,45,0
2026-05-21,HOSP-DEL-01,Safdarjung Hospital,B-,PRBC,3,0,0,7,6,1
2026-05-21,HOSP-DEL-01,Safdarjung Hospital,AB+,PRBC,3,0,0,10,9,0
2026-05-21,HOSP-DEL-01,Safdarjung Hospital,AB-,PRBC,3,0,0,1,0,0
2026-05-21,HOSP-DEL-01,Safdarjung Hospital,O+,PRBC,3,0,0,26,24,0
2026-05-21,HOSP-DEL-01,Safdarjung Hospital,O-,PRBC,3,0,1,13,12,0
2026-05-21,HOSP-MAH-02,Lilavati Hospital & Research Centre,A+,PRBC,3,0,0,45,44,0
2026-05-21,HOSP-MAH-02,Lilavati Hospital & Research Centre,A-,PRBC,3,0,1,9,8,0
2026-05-21,HOSP-MAH-02,Lilavati Hospital & Research Centre,B+,PRBC,3,0,0,62,59,0
2026-05-21,HOSP-MAH-02,Lilavati Hospital & Research Centre,B-,PRBC,3,0,0,2,1,0
2026-05-21,HOSP-MAH-02,Lilavati Hospital & Research Centre,AB+,PRBC,3,0,0,20,17,0
2026-05-21,HOSP-MAH-02,Lilavati Hospital & Research Centre,AB-,PRBC,3,0,0,1,0,0
2026-05-21,HOSP-MAH-02,Lilavati Hospital & Research Centre,O+,PRBC,3,0,0,36,35,0
2026-05-21,HOSP-MAH-02,Lilavati Hospital & Research Centre,O-,PRBC,3,0,0,9,8,0
2026-05-21,HOSP-KAR-03,Manipal Hospital Old Airport Road,A+,PRBC,3,0,0,41,35,0
2026-05-21,HOSP-KAR-03,Manipal Hospital Old Airport Road,A-,PRBC,3,0,0,2,1,1
2026-05-21,HOSP-KAR-03,Manipal Hospital Old Airport Road,B+,PRBC,3,0,0,50,48,0
2026-05-21,HOSP-KAR-03,Manipal Hospital Old Airport Road,B-,PRBC,3,0,0,5,4,0
2026-05-21,HOSP-KAR-03,Manipal Hospital Old Airport Road,AB+,PRBC,3,0,0,13,12,2
2026-05-21,HOSP-KAR-03,Manipal Hospital Old Airport Road,AB-,PRBC,3,0,0,1,0,0
2026-05-21,HOSP-KAR-03,Manipal Hospital Old Airport Road,O+,PRBC,3,0,0,66,62,0
2026-05-21,HOSP-KAR-03,Manipal Hospital Old Airport Road,O-,PRBC,3,0,1,12,10,0
2026-05-21,HOSP-TN-04,Apollo Hospitals Greams Road,A+,PRBC,3,0,0,29,25,0
2026-05-21,HOSP-TN-04,Apollo Hospitals Greams Road,A-,PRBC,3,0,0,2,1,0
2026-05-21,HOSP-TN-04,Apollo Hospitals Greams Road,B+,PRBC,3,0,0,44,38,0
2026-05-21,HOSP-TN-04,Apollo Hospitals Greams Road,B-,PRBC,3,0,0,5,4,0
2026-05-21,HOSP-TN-04,Apollo Hospitals Greams Road,AB+,PRBC,3,0,0,16,14,0
2026-05-21,HOSP-TN-04,Apollo Hospitals Greams Road,AB-,PRBC,3,0,0,1,0,1
2026-05-21,HOSP-TN-04,Apollo Hospitals Greams Road,O+,PRBC,3,0,0,70,61,0
2026-05-21,HOSP-TN-04,Apollo Hospitals Greams Road,O-,PRBC,3,0,0,5,4,0
2026-05-21,HOSP-WB-05,SSKM Hospital & IPGMER,A+,PRBC,3,0,0,25,23,0
2026-05-21,HOSP-WB-05,SSKM Hospital & IPGMER,A-,PRBC,3,0,0,1,0,0
2026-05-21,HOSP-WB-05,SSKM Hospital & IPGMER,B+,PRBC,3,0,0,69,62,0
2026-05-21,HOSP-WB-05,SSKM Hospital & IPGMER,B-,PRBC,3,0,0,4,3,0
2026-05-21,HOSP-WB-05,SSKM Hospital & IPGMER,AB+,PRBC,3,0,0,5,4,0
2026-05-21,HOSP-WB-05,SSKM Hospital & IPGMER,AB-,PRBC,3,0,1,6,5,0
2026-05-21,HOSP-WB-05,SSKM Hospital & IPGMER,O+,PRBC,3,0,0,65,57,0
2026-05-21,HOSP-WB-05,SSKM Hospital & IPGMER,O-,PRBC,3,0,0,4,3,0
2026-05-22,HOSP-DEL-01,Safdarjung Hospital,A+,PRBC,4,0,0,24,20,0
2026-05-22,HOSP-DEL-01,Safdarjung Hospital,A-,PRBC,4,0,0,6,5,1
2026-05-22,HOSP-DEL-01,Safdarjung Hospital,B+,PRBC,4,0,0,27,23,0
2026-05-22,HOSP-DEL-01,Safdarjung Hospital,B-,PRBC,4,0,0,5,4,0
2026-05-22,HOSP-DEL-01,Safdarjung Hospital,AB+,PRBC,4,0,0,4,3,0
2026-05-22,HOSP-DEL-01,Safdarjung Hospital,AB-,PRBC,4,0,0,1,0,0
2026-05-22,HOSP-DEL-01,Safdarjung Hospital,O+,PRBC,4,0,0,32,29,2
2026-05-22,HOSP-DEL-01,Safdarjung Hospital,O-,PRBC,4,0,0,5,4,0
2026-05-22,HOSP-MAH-02,Lilavati Hospital & Research Centre,A+,PRBC,4,0,0,13,11,0
2026-05-22,HOSP-MAH-02,Lilavati Hospital & Research Centre,A-,PRBC,4,0,0,4,3,0
2026-05-22,HOSP-MAH-02,Lilavati Hospital & Research Centre,B+,PRBC,4,0,0,64,62,0
2026-05-22,HOSP-MAH-02,Lilavati Hospital & Research Centre,B-,PRBC,4,0,0,6,5,0
2026-05-22,HOSP-MAH-02,Lilavati Hospital & Research Centre,AB+,PRBC,4,0,0,11,10,1
2026-05-22,HOSP-MAH-02,Lilavati Hospital & Research Centre,AB-,PRBC,4,0,0,1,0,0
2026-05-22,HOSP-MAH-02,Lilavati Hospital & Research Centre,O+,PRBC,4,0,0,65,62,0
2026-05-22,HOSP-MAH-02,Lilavati Hospital & Research Centre,O-,PRBC,4,0,0,7,6,0
2026-05-22,HOSP-KAR-03,Manipal Hospital Old Airport Road,A+,PRBC,4,0,0,47,41,1
2026-05-22,HOSP-KAR-03,Manipal Hospital Old Airport Road,A-,PRBC,4,0,0,3,2,2
2026-05-22,HOSP-KAR-03,Manipal Hospital Old Airport Road,B+,PRBC,4,0,1,49,44,0
2026-05-22,HOSP-KAR-03,Manipal Hospital Old Airport Road,B-,PRBC,4,0,0,2,1,1
2026-05-22,HOSP-KAR-03,Manipal Hospital Old Airport Road,AB+,PRBC,4,0,0,12,11,0
2026-05-22,HOSP-KAR-03,Manipal Hospital Old Airport Road,AB-,PRBC,4,0,0,1,0,0
2026-05-22,HOSP-KAR-03,Manipal Hospital Old Airport Road,O+,PRBC,4,0,1,77,68,0
2026-05-22,HOSP-KAR-03,Manipal Hospital Old Airport Road,O-,PRBC,4,0,0,2,1,0
2026-05-22,HOSP-TN-04,Apollo Hospitals Greams Road,A+,PRBC,4,0,0,11,10,0
2026-05-22,HOSP-TN-04,Apollo Hospitals Greams Road,A-,PRBC,4,0,0,1,0,0
2026-05-22,HOSP-TN-04,Apollo Hospitals Greams Road,B+,PRBC,4,0,0,56,50,0
2026-05-22,HOSP-TN-04,Apollo Hospitals Greams Road,B-,PRBC,4,0,0,7,6,0
2026-05-22,HOSP-TN-04,Apollo Hospitals Greams Road,AB+,PRBC,4,0,0,19,18,0
2026-05-22,HOSP-TN-04,Apollo Hospitals Greams Road,AB-,PRBC,4,0,0,1,0,0
2026-05-22,HOSP-TN-04,Apollo Hospitals Greams Road,O+,PRBC,4,0,0,72,67,0
2026-05-22,HOSP-TN-04,Apollo Hospitals Greams Road,O-,PRBC,4,0,0,5,4,0
2026-05-22,HOSP-WB-05,SSKM Hospital & IPGMER,A+,PRBC,4,0,0,39,33,0
2026-05-22,HOSP-WB-05,SSKM Hospital & IPGMER,A-,PRBC,4,0,0,4,3,0
2026-05-22,HOSP-WB-05,SSKM Hospital & IPGMER,B+,PRBC,4,0,0,43,36,0
2026-05-22,HOSP-WB-05,SSKM Hospital & IPGMER,B-,PRBC,4,0,0,3,2,0
2026-05-22,HOSP-WB-05,SSKM Hospital & IPGMER,AB+,PRBC,4,0,0,6,5,1
2026-05-22,HOSP-WB-05,SSKM Hospital & IPGMER,AB-,PRBC,4,0,1,11,10,0
2026-05-22,HOSP-WB-05,SSKM Hospital & IPGMER,O+,PRBC,4,0,0,75,73,0
2026-05-22,HOSP-WB-05,SSKM Hospital & IPGMER,O-,PRBC,4,0,0,1,0,0
2026-05-23,HOSP-DEL-01,Safdarjung Hospital,A+,PRBC,5,1,0,27,26,0
2026-05-23,HOSP-DEL-01,Safdarjung Hospital,A-,PRBC,5,1,0,5,4,0
2026-05-23,HOSP-DEL-01,Safdarjung Hospital,B+,PRBC,5,1,0,30,26,1
2026-05-23,HOSP-DEL-01,Safdarjung Hospital,B-,PRBC,5,1,0,6,5,2
2026-05-23,HOSP-DEL-01,Safdarjung Hospital,AB+,PRBC,5,1,0,8,7,0
2026-05-23,HOSP-DEL-01,Safdarjung Hospital,AB-,PRBC,5,1,0,2,1,0
2026-05-23,HOSP-DEL-01,Safdarjung Hospital,O+,PRBC,5,1,0,66,59,1
2026-05-23,HOSP-DEL-01,Safdarjung Hospital,O-,PRBC,5,1,0,2,1,0
2026-05-23,HOSP-MAH-02,Lilavati Hospital & Research Centre,A+,PRBC,5,1,0,43,39,0
2026-05-23,HOSP-MAH-02,Lilavati Hospital & Research Centre,A-,PRBC,5,1,0,1,0,0
2026-05-23,HOSP-MAH-02,Lilavati Hospital & Research Centre,B+,PRBC,5,1,0,73,69,0
2026-05-23,HOSP-MAH-02,Lilavati Hospital & Research Centre,B-,PRBC,5,1,0,1,0,0
2026-05-23,HOSP-MAH-02,Lilavati Hospital & Research Centre,AB+,PRBC,5,1,0,21,20,0
2026-05-23,HOSP-MAH-02,Lilavati Hospital & Research Centre,AB-,PRBC,5,1,0,1,0,0
2026-05-23,HOSP-MAH-02,Lilavati Hospital & Research Centre,O+,PRBC,5,1,0,26,24,0
2026-05-23,HOSP-MAH-02,Lilavati Hospital & Research Centre,O-,PRBC,5,1,0,5,4,0
2026-05-23,HOSP-KAR-03,Manipal Hospital Old Airport Road,A+,PRBC,5,1,0,48,43,1
2026-05-23,HOSP-KAR-03,Manipal Hospital Old Airport Road,A-,PRBC,5,1,0,5,4,0
2026-05-23,HOSP-KAR-03,Manipal Hospital Old Airport Road,B+,PRBC,5,1,0,35,33,0
2026-05-23,HOSP-KAR-03,Manipal Hospital Old Airport Road,B-,PRBC,5,1,0,3,2,0
2026-05-23,HOSP-KAR-03,Manipal Hospital Old Airport Road,AB+,PRBC,5,1,1,39,35,0
2026-05-23,HOSP-KAR-03,Manipal Hospital Old Airport Road,AB-,PRBC,5,1,0,2,1,0
2026-05-23,HOSP-KAR-03,Manipal Hospital Old Airport Road,O+,PRBC,5,1,0,35,31,0
2026-05-23,HOSP-KAR-03,Manipal Hospital Old Airport Road,O-,PRBC,5,1,1,9,7,0
2026-05-23,HOSP-TN-04,Apollo Hospitals Greams Road,A+,PRBC,5,1,0,60,59,0
2026-05-23,HOSP-TN-04,Apollo Hospitals Greams Road,A-,PRBC,5,1,0,1,0,0
2026-05-23,HOSP-TN-04,Apollo Hospitals Greams Road,B+,PRBC,5,1,0,92,86,0
2026-05-23,HOSP-TN-04,Apollo Hospitals Greams Road,B-,PRBC,5,1,1,17,16,0
2026-05-23,HOSP-TN-04,Apollo Hospitals Greams Road,AB+,PRBC,5,1,0,8,7,2
2026-05-23,HOSP-TN-04,Apollo Hospitals Greams Road,AB-,PRBC,5,1,0,1,0,0
2026-05-23,HOSP-TN-04,Apollo Hospitals Greams Road,O+,PRBC,5,1,0,43,41,0
2026-05-23,HOSP-TN-04,Apollo Hospitals Greams Road,O-,PRBC,5,1,0,5,4,0
2026-05-23,HOSP-WB-05,SSKM Hospital & IPGMER,A+,PRBC,5,1,0,12,10,0
2026-05-23,HOSP-WB-05,SSKM Hospital & IPGMER,A-,PRBC,5,1,1,12,11,1
2026-05-23,HOSP-WB-05,SSKM Hospital & IPGMER,B+,PRBC,5,1,0,67,62,0
2026-05-23,HOSP-WB-05,SSKM Hospital & IPGMER,B-,PRBC,5,1,0,4,3,0
2026-05-23,HOSP-WB-05,SSKM Hospital & IPGMER,AB+,PRBC,5,1,0,12,11,0
2026-05-23,HOSP-WB-05,SSKM Hospital & IPGMER,AB-,PRBC,5,1,0,1,0,0
2026-05-23,HOSP-WB-05,SSKM Hospital & IPGMER,O+,PRBC,5,1,0,52,51,0
2026-05-23,HOSP-WB-05,SSKM Hospital & IPGMER,O-,PRBC,5,1,1,13,11,0
2026-05-24,HOSP-DEL-01,Safdarjung Hospital,A+,PRBC,6,1,0,59,52,0
2026-05-24,HOSP-DEL-01,Safdarjung Hospital,A-,PRBC,6,1,0,4,3,1
2026-05-24,HOSP-DEL-01,Safdarjung Hospital,B+,PRBC,6,1,1,50,44,0
2026-05-24,HOSP-DEL-01,Safdarjung Hospital,B-,PRBC,6,1,0,7,6,0
2026-05-24,HOSP-DEL-01,Safdarjung Hospital,AB+,PRBC,6,1,0,18,15,0
2026-05-24,HOSP-DEL-01,Safdarjung Hospital,AB-,PRBC,6,1,0,4,3,0
2026-05-24,HOSP-DEL-01,Safdarjung Hospital,O+,PRBC,6,1,1,66,63,1
2026-05-24,HOSP-DEL-01,Safdarjung Hospital,O-,PRBC,6,1,0,6,5,0
2026-05-24,HOSP-MAH-02,Lilavati Hospital & Research Centre,A+,PRBC,6,1,0,17,15,0
2026-05-24,HOSP-MAH-02,Lilavati Hospital & Research Centre,A-,PRBC,6,1,0,2,1,0
2026-05-24,HOSP-MAH-02,Lilavati Hospital & Research Centre,B+,PRBC,6,1,0,81,76,0
2026-05-24,HOSP-MAH-02,Lilavati Hospital & Research Centre,B-,PRBC,6,1,1,13,11,0
2026-05-24,HOSP-MAH-02,Lilavati Hospital & Research Centre,AB+,PRBC,6,1,0,9,7,0
2026-05-24,HOSP-MAH-02,Lilavati Hospital & Research Centre,AB-,PRBC,6,1,0,1,0,0
2026-05-24,HOSP-MAH-02,Lilavati Hospital & Research Centre,O+,PRBC,6,1,0,103,96,0
2026-05-24,HOSP-MAH-02,Lilavati Hospital & Research Centre,O-,PRBC,6,1,0,8,7,2
2026-05-24,HOSP-KAR-03,Manipal Hospital Old Airport Road,A+,PRBC,6,1,0,11,9,0
2026-05-24,HOSP-KAR-03,Manipal Hospital Old Airport Road,A-,PRBC,6,1,1,13,12,0
2026-05-24,HOSP-KAR-03,Manipal Hospital Old Airport Road,B+,PRBC,6,1,0,42,39,0
2026-05-24,HOSP-KAR-03,Manipal Hospital Old Airport Road,B-,PRBC,6,1,0,1,0,0
2026-05-24,HOSP-KAR-03,Manipal Hospital Old Airport Road,AB+,PRBC,6,1,0,10,9,0
2026-05-24,HOSP-KAR-03,Manipal Hospital Old Airport Road,AB-,PRBC,6,1,0,3,2,1
2026-05-24,HOSP-KAR-03,Manipal Hospital Old Airport Road,O+,PRBC,6,1,0,48,41,1
2026-05-24,HOSP-KAR-03,Manipal Hospital Old Airport Road,O-,PRBC,6,1,0,6,5,1
2026-05-24,HOSP-TN-04,Apollo Hospitals Greams Road,A+,PRBC,6,1,0,55,52,0
2026-05-24,HOSP-TN-04,Apollo Hospitals Greams Road,A-,PRBC,6,1,0,1,0,0
2026-05-24,HOSP-TN-04,Apollo Hospitals Greams Road,B+,PRBC,6,1,0,51,43,0
2026-05-24,HOSP-TN-04,Apollo Hospitals Greams Road,B-,PRBC,6,1,0,2,1,0
2026-05-24,HOSP-TN-04,Apollo Hospitals Greams Road,AB+,PRBC,6,1,0,11,9,0
2026-05-24,HOSP-TN-04,Apollo Hospitals Greams Road,AB-,PRBC,6,1,0,1,0,0
2026-05-24,HOSP-TN-04,Apollo Hospitals Greams Road,O+,PRBC,6,1,0,29,27,1
2026-05-24,HOSP-TN-04,Apollo Hospitals Greams Road,O-,PRBC,6,1,0,7,6,1
2026-05-24,HOSP-WB-05,SSKM Hospital & IPGMER,A+,PRBC,6,1,0,52,46,0
2026-05-24,HOSP-WB-05,SSKM Hospital & IPGMER,A-,PRBC,6,1,0,5,4,0
2026-05-24,HOSP-WB-05,SSKM Hospital & IPGMER,B+,PRBC,6,1,0,84,83,0
2026-05-24,HOSP-WB-05,SSKM Hospital & IPGMER,B-,PRBC,6,1,0,6,5,0
2026-05-24,HOSP-WB-05,SSKM Hospital & IPGMER,AB+,PRBC,6,1,0,16,14,2
2026-05-24,HOSP-WB-05,SSKM Hospital & IPGMER,AB-,PRBC,6,1,0,1,0,1
2026-05-24,HOSP-WB-05,SSKM Hospital & IPGMER,O+,PRBC,6,1,0,31,27,0
2026-05-24,HOSP-WB-05,SSKM Hospital & IPGMER,O-,PRBC,6,1,0,1,0,0
2026-05-25,HOSP-DEL-01,Safdarjung Hospital,A+,PRBC,0,0,0,40,35,0
2026-05-25,HOSP-DEL-01,Safdarjung Hospital,A-,PRBC,0,0,0,4,3,0
2026-05-25,HOSP-DEL-01,Safdarjung Hospital,B+,PRBC,0,0,0,43,40,0
2026-05-25,HOSP-DEL-01,Safdarjung Hospital,B-,PRBC,0,0,0,1,0,0
2026-05-25,HOSP-DEL-01,Safdarjung Hospital,AB+,PRBC,0,0,1,16,15,0
2026-05-25,HOSP-DEL-01,Safdarjung Hospital,AB-,PRBC,0,0,0,4,3,1
2026-05-25,HOSP-DEL-01,Safdarjung Hospital,O+,PRBC,0,0,0,66,56,0
2026-05-25,HOSP-DEL-01,Safdarjung Hospital,O-,PRBC,0,0,0,4,3,0
2026-05-25,HOSP-MAH-02,Lilavati Hospital & Research Centre,A+,PRBC,0,0,0,48,40,0
2026-05-25,HOSP-MAH-02,Lilavati Hospital & Research Centre,A-,PRBC,0,0,0,1,0,0
2026-05-25,HOSP-MAH-02,Lilavati Hospital & Research Centre,B+,PRBC,0,0,0,21,18,0
2026-05-25,HOSP-MAH-02,Lilavati Hospital & Research Centre,B-,PRBC,0,0,0,6,5,0
2026-05-25,HOSP-MAH-02,Lilavati Hospital & Research Centre,AB+,PRBC,0,0,0,18,16,0
2026-05-25,HOSP-MAH-02,Lilavati Hospital & Research Centre,AB-,PRBC,0,0,0,1,0,2
2026-05-25,HOSP-MAH-02,Lilavati Hospital & Research Centre,O+,PRBC,0,0,0,59,52,0
2026-05-25,HOSP-MAH-02,Lilavati Hospital & Research Centre,O-,PRBC,0,0,0,4,3,0
2026-05-25,HOSP-KAR-03,Manipal Hospital Old Airport Road,A+,PRBC,0,0,0,43,41,1
2026-05-25,HOSP-KAR-03,Manipal Hospital Old Airport Road,A-,PRBC,0,0,0,4,3,0
2026-05-25,HOSP-KAR-03,Manipal Hospital Old Airport Road,B+,PRBC,0,0,1,79,73,2
2026-05-25,HOSP-KAR-03,Manipal Hospital Old Airport Road,B-,PRBC,0,0,0,5,4,0
2026-05-25,HOSP-KAR-03,Manipal Hospital Old Airport Road,AB+,PRBC,0,0,1,27,25,0
2026-05-25,HOSP-KAR-03,Manipal Hospital Old Airport Road,AB-,PRBC,0,0,0,1,0,0
2026-05-25,HOSP-KAR-03,Manipal Hospital Old Airport Road,O+,PRBC,0,0,0,72,66,0
2026-05-25,HOSP-KAR-03,Manipal Hospital Old Airport Road,O-,PRBC,0,0,0,5,4,0
2026-05-25,HOSP-TN-04,Apollo Hospitals Greams Road,A+,PRBC,0,0,0,11,10,0
2026-05-25,HOSP-TN-04,Apollo Hospitals Greams Road,A-,PRBC,0,0,0,3,2,0
2026-05-25,HOSP-TN-04,Apollo Hospitals Greams Road,B+,PRBC,0,0,0,73,70,0
2026-05-25,HOSP-TN-04,Apollo Hospitals Greams Road,B-,PRBC,0,0,0,3,2,0
2026-05-25,HOSP-TN-04,Apollo Hospitals Greams Road,AB+,PRBC,0,0,0,7,6,0
2026-05-25,HOSP-TN-04,Apollo Hospitals Greams Road,AB-,PRBC,0,0,0,1,0,0
2026-05-25,HOSP-TN-04,Apollo Hospitals Greams Road,O+,PRBC,0,0,0,27,25,0
2026-05-25,HOSP-TN-04,Apollo Hospitals Greams Road,O-,PRBC,0,0,0,3,2,0
2026-05-25,HOSP-WB-05,SSKM Hospital & IPGMER,A+,PRBC,0,0,0,14,13,1
2026-05-25,HOSP-WB-05,SSKM Hospital & IPGMER,A-,PRBC,0,0,0,3,2,0
2026-05-25,HOSP-WB-05,SSKM Hospital & IPGMER,B+,PRBC,0,0,0,35,32,0
2026-05-25,HOSP-WB-05,SSKM Hospital & IPGMER,B-,PRBC,0,0,1,15,14,0
2026-05-25,HOSP-WB-05,SSKM Hospital & IPGMER,AB+,PRBC,0,0,0,16,15,0
2026-05-25,HOSP-WB-05,SSKM Hospital & IPGMER,AB-,PRBC,0,0,0,2,1,1
2026-05-25,HOSP-WB-05,SSKM Hospital & IPGMER,O+,PRBC,0,0,0,62,56,0
2026-05-25,HOSP-WB-05,SSKM Hospital & IPGMER,O-,PRBC,0,0,0,2,1,0
2026-05-26,HOSP-DEL-01,Safdarjung Hospital,A+,PRBC,1,0,0,23,21,0
2026-05-26,HOSP-DEL-01,Safdarjung Hospital,A-,PRBC,1,0,0,2,1,0
2026-05-26,HOSP-DEL-01,Safdarjung Hospital,B+,PRBC,1,0,0,28,27,0
2026-05-26,HOSP-DEL-01,Safdarjung Hospital,B-,PRBC,1,0,0,4,3,0
2026-05-26,HOSP-DEL-01,Safdarjung Hospital,AB+,PRBC,1,0,0,7,6,1
2026-05-26,HOSP-DEL-01,Safdarjung Hospital,AB-,PRBC,1,0,0,2,1,1
2026-05-26,HOSP-DEL-01,Safdarjung Hospital,O+,PRBC,1,0,0,63,58,0
2026-05-26,HOSP-DEL-01,Safdarjung Hospital,O-,PRBC,1,0,0,1,0,0
2026-05-26,HOSP-MAH-02,Lilavati Hospital & Research Centre,A+,PRBC,1,0,1,46,40,1
2026-05-26,HOSP-MAH-02,Lilavati Hospital & Research Centre,A-,PRBC,1,0,0,4,3,0
2026-05-26,HOSP-MAH-02,Lilavati Hospital & Research Centre,B+,PRBC,1,0,0,68,62,0
2026-05-26,HOSP-MAH-02,Lilavati Hospital & Research Centre,B-,PRBC,1,0,0,2,1,0
2026-05-26,HOSP-MAH-02,Lilavati Hospital & Research Centre,AB+,PRBC,1,0,1,20,17,0
2026-05-26,HOSP-MAH-02,Lilavati Hospital & Research Centre,AB-,PRBC,1,0,0,3,2,0
2026-05-26,HOSP-MAH-02,Lilavati Hospital & Research Centre,O+,PRBC,1,0,0,64,58,1
2026-05-26,HOSP-MAH-02,Lilavati Hospital & Research Centre,O-,PRBC,1,0,0,8,7,1
2026-05-26,HOSP-KAR-03,Manipal Hospital Old Airport Road,A+,PRBC,1,0,0,9,7,0
2026-05-26,HOSP-KAR-03,Manipal Hospital Old Airport Road,A-,PRBC,1,0,0,2,1,0
2026-05-26,HOSP-KAR-03,Manipal Hospital Old Airport Road,B+,PRBC,1,0,0,63,54,0
2026-05-26,HOSP-KAR-03,Manipal Hospital Old Airport Road,B-,PRBC,1,0,0,4,3,0
2026-05-26,HOSP-KAR-03,Manipal Hospital Old Airport Road,AB+,PRBC,1,0,0,4,3,0
2026-05-26,HOSP-KAR-03,Manipal Hospital Old Airport Road,AB-,PRBC,1,0,0,3,2,0
2026-05-26,HOSP-KAR-03,Manipal Hospital Old Airport Road,O+,PRBC,1,0,0,50,49,0
2026-05-26,HOSP-KAR-03,Manipal Hospital Old Airport Road,O-,PRBC,1,0,0,7,6,0
2026-05-26,HOSP-TN-04,Apollo Hospitals Greams Road,A+,PRBC,1,0,0,22,19,1
2026-05-26,HOSP-TN-04,Apollo Hospitals Greams Road,A-,PRBC,1,0,0,4,3,0
2026-05-26,HOSP-TN-04,Apollo Hospitals Greams Road,B+,PRBC,1,0,0,55,54,0
2026-05-26,HOSP-TN-04,Apollo Hospitals Greams Road,B-,PRBC,1,0,0,1,0,0
2026-05-26,HOSP-TN-04,Apollo Hospitals Greams Road,AB+,PRBC,1,0,0,17,16,0
2026-05-26,HOSP-TN-04,Apollo Hospitals Greams Road,AB-,PRBC,1,0,0,1,0,0
2026-05-26,HOSP-TN-04,Apollo Hospitals Greams Road,O+,PRBC,1,0,0,36,34,0
2026-05-26,HOSP-TN-04,Apollo Hospitals Greams Road,O-,PRBC,1,0,1,18,15,0
2026-05-26,HOSP-WB-05,SSKM Hospital & IPGMER,A+,PRBC,1,0,0,10,9,0
2026-05-26,HOSP-WB-05,SSKM Hospital & IPGMER,A-,PRBC,1,0,0,3,2,0
2026-05-26,HOSP-WB-05,SSKM Hospital & IPGMER,B+,PRBC,1,0,0,45,43,0
2026-05-26,HOSP-WB-05,SSKM Hospital & IPGMER,B-,PRBC,1,0,0,5,4,0
2026-05-26,HOSP-WB-05,SSKM Hospital & IPGMER,AB+,PRBC,1,0,0,6,5,0
2026-05-26,HOSP-WB-05,SSKM Hospital & IPGMER,AB-,PRBC,1,0,0,1,0,0
2026-05-26,HOSP-WB-05,SSKM Hospital & IPGMER,O+,PRBC,1,0,0,30,25,0
2026-05-26,HOSP-WB-05,SSKM Hospital & IPGMER,O-,PRBC,1,0,0,8,7,0
2026-05-27,HOSP-DEL-01,Safdarjung Hospital,A+,PRBC,2,0,1,39,34,0
2026-05-27,HOSP-DEL-01,Safdarjung Hospital,A-,PRBC,2,0,0,4,3,0
2026-05-27,HOSP-DEL-01,Safdarjung Hospital,B+,PRBC,2,0,0,65,55,0
2026-05-27,HOSP-DEL-01,Safdarjung Hospital,B-,PRBC,2,0,0,2,1,0
2026-05-27,HOSP-DEL-01,Safdarjung Hospital,AB+,PRBC,2,0,0,20,19,0
2026-05-27,HOSP-DEL-01,Safdarjung Hospital,AB-,PRBC,2,0,0,1,0,0
2026-05-27,HOSP-DEL-01,Safdarjung Hospital,O+,PRBC,2,0,0,36,32,0
2026-05-27,HOSP-DEL-01,Safdarjung Hospital,O-,PRBC,2,0,0,2,1,0
2026-05-27,HOSP-MAH-02,Lilavati Hospital & Research Centre,A+,PRBC,2,0,0,24,22,0
2026-05-27,HOSP-MAH-02,Lilavati Hospital & Research Centre,A-,PRBC,2,0,0,1,0,0
2026-05-27,HOSP-MAH-02,Lilavati Hospital & Research Centre,B+,PRBC,2,0,0,59,58,0
2026-05-27,HOSP-MAH-02,Lilavati Hospital & Research Centre,B-,PRBC,2,0,0,3,2,0
2026-05-27,HOSP-MAH-02,Lilavati Hospital & Research Centre,AB+,PRBC,2,0,0,4,3,0
2026-05-27,HOSP-MAH-02,Lilavati Hospital & Research Centre,AB-,PRBC,2,0,0,1,0,0
2026-05-27,HOSP-MAH-02,Lilavati Hospital & Research Centre,O+,PRBC,2,0,0,78,75,0
2026-05-27,HOSP-MAH-02,Lilavati Hospital & Research Centre,O-,PRBC,2,0,0,7,6,0
2026-05-27,HOSP-KAR-03,Manipal Hospital Old Airport Road,A+,PRBC,2,0,0,23,22,0
2026-05-27,HOSP-KAR-03,Manipal Hospital Old Airport Road,A-,PRBC,2,0,0,2,1,0
2026-05-27,HOSP-KAR-03,Manipal Hospital Old Airport Road,B+,PRBC,2,0,0,57,52,0
2026-05-27,HOSP-KAR-03,Manipal Hospital Old Airport Road,B-,PRBC,2,0,0,1,0,0
2026-05-27,HOSP-KAR-03,Manipal Hospital Old Airport Road,AB+,PRBC,2,0,1,22,19,0
2026-05-27,HOSP-KAR-03,Manipal Hospital Old Airport Road,AB-,PRBC,2,0,0,2,1,0
2026-05-27,HOSP-KAR-03,Manipal Hospital Old Airport Road,O+,PRBC,2,0,0,56,51,0
2026-05-27,HOSP-KAR-03,Manipal Hospital Old Airport Road,O-,PRBC,2,0,0,5,4,0
2026-05-27,HOSP-TN-04,Apollo Hospitals Greams Road,A+,PRBC,2,0,0,30,28,0
2026-05-27,HOSP-TN-04,Apollo Hospitals Greams Road,A-,PRBC,2,0,0,3,2,0
2026-05-27,HOSP-TN-04,Apollo Hospitals Greams Road,B+,PRBC,2,0,0,50,49,1
2026-05-27,HOSP-TN-04,Apollo Hospitals Greams Road,B-,PRBC,2,0,0,2,1,0
2026-05-27,HOSP-TN-04,Apollo Hospitals Greams Road,AB+,PRBC,2,0,0,10,8,0
2026-05-27,HOSP-TN-04,Apollo Hospitals Greams Road,AB-,PRBC,2,0,0,1,0,0
2026-05-27,HOSP-TN-04,Apollo Hospitals Greams Road,O+,PRBC,2,0,0,51,46,0
2026-05-27,HOSP-TN-04,Apollo Hospitals Greams Road,O-,PRBC,2,0,0,2,1,0
2026-05-27,HOSP-WB-05,SSKM Hospital & IPGMER,A+,PRBC,2,0,0,18,16,0
2026-05-27,HOSP-WB-05,SSKM Hospital & IPGMER,A-,PRBC,2,0,0,2,1,0
2026-05-27,HOSP-WB-05,SSKM Hospital & IPGMER,B+,PRBC,2,0,0,25,23,0
2026-05-27,HOSP-WB-05,SSKM Hospital & IPGMER,B-,PRBC,2,0,0,4,3,0
2026-05-27,HOSP-WB-05,SSKM Hospital & IPGMER,AB+,PRBC,2,0,0,11,10,1
2026-05-27,HOSP-WB-05,SSKM Hospital & IPGMER,AB-,PRBC,2,0,0,1,0,0
2026-05-27,HOSP-WB-05,SSKM Hospital & IPGMER,O+,PRBC,2,0,0,35,30,0
2026-05-27,HOSP-WB-05,SSKM Hospital & IPGMER,O-,PRBC,2,0,0,4,3,0
2026-05-28,HOSP-DEL-01,Safdarjung Hospital,A+,PRBC,3,0,0,27,24,0
2026-05-28,HOSP-DEL-01,Safdarjung Hospital,A-,PRBC,3,0,0,3,2,0
2026-05-28,HOSP-DEL-01,Safdarjung Hospital,B+,PRBC,3,0,0,63,61,0
2026-05-28,HOSP-DEL-01,Safdarjung Hospital,B-,PRBC,3,0,0,4,3,0
2026-05-28,HOSP-DEL-01,Safdarjung Hospital,AB+,PRBC,3,0,0,12,11,0
2026-05-28,HOSP-DEL-01,Safdarjung Hospital,AB-,PRBC,3,0,0,1,0,1
2026-05-28,HOSP-DEL-01,Safdarjung Hospital,O+,PRBC,3,0,0,72,63,0
2026-05-28,HOSP-DEL-01,Safdarjung Hospital,O-,PRBC,3,0,0,8,7,1
2026-05-28,HOSP-MAH-02,Lilavati Hospital & Research Centre,A+,PRBC,3,0,0,49,45,0
2026-05-28,HOSP-MAH-02,Lilavati Hospital & Research Centre,A-,PRBC,3,0,0,1,0,0
2026-05-28,HOSP-MAH-02,Lilavati Hospital & Research Centre,B+,PRBC,3,0,0,18,16,0
2026-05-28,HOSP-MAH-02,Lilavati Hospital & Research Centre,B-,PRBC,3,0,0,1,0,0
2026-05-28,HOSP-MAH-02,Lilavati Hospital & Research Centre,AB+,PRBC,3,0,1,27,25,0
2026-05-28,HOSP-MAH-02,Lilavati Hospital & Research Centre,AB-,PRBC,3,0,0,2,1,0
2026-05-28,HOSP-MAH-02,Lilavati Hospital & Research Centre,O+,PRBC,3,0,0,18,17,0
2026-05-28,HOSP-MAH-02,Lilavati Hospital & Research Centre,O-,PRBC,3,0,0,4,3,0
2026-05-28,HOSP-KAR-03,Manipal Hospital Old Airport Road,A+,PRBC,3,0,0,14,12,1
2026-05-28,HOSP-KAR-03,Manipal Hospital Old Airport Road,A-,PRBC,3,0,0,2,1,0
2026-05-28,HOSP-KAR-03,Manipal Hospital Old Airport Road,B+,PRBC,3,0,0,35,33,0
2026-05-28,HOSP-KAR-03,Manipal Hospital Old Airport Road,B-,PRBC,3,0,0,2,1,0
2026-05-28,HOSP-KAR-03,Manipal Hospital Old Airport Road,AB+,PRBC,3,0,0,7,6,0
2026-05-28,HOSP-KAR-03,Manipal Hospital Old Airport Road,AB-,PRBC,3,0,1,13,12,0
2026-05-28,HOSP-KAR-03,Manipal Hospital Old Airport Road,O+,PRBC,3,0,0,59,52,0
2026-05-28,HOSP-KAR-03,Manipal Hospital Old Airport Road,O-,PRBC,3,0,0,5,4,1
2026-05-28,HOSP-TN-04,Apollo Hospitals Greams Road,A+,PRBC,3,0,0,12,11,0
2026-05-28,HOSP-TN-04,Apollo Hospitals Greams Road,A-,PRBC,3,0,0,1,0,0
2026-05-28,HOSP-TN-04,Apollo Hospitals Greams Road,B+,PRBC,3,0,0,40,39,0
2026-05-28,HOSP-TN-04,Apollo Hospitals Greams Road,B-,PRBC,3,0,0,2,1,0
2026-05-28,HOSP-TN-04,Apollo Hospitals Greams Road,AB+,PRBC,3,0,0,8,7,0
2026-05-28,HOSP-TN-04,Apollo Hospitals Greams Road,AB-,PRBC,3,0,0,1,0,0
2026-05-28,HOSP-TN-04,Apollo Hospitals Greams Road,O+,PRBC,3,0,0,87,77,0
2026-05-28,HOSP-TN-04,Apollo Hospitals Greams Road,O-,PRBC,3,0,0,7,6,0
2026-05-28,HOSP-WB-05,SSKM Hospital & IPGMER,A+,PRBC,3,0,0,39,35,0
2026-05-28,HOSP-WB-05,SSKM Hospital & IPGMER,A-,PRBC,3,0,0,1,0,0
2026-05-28,HOSP-WB-05,SSKM Hospital & IPGMER,B+,PRBC,3,0,0,34,31,0
2026-05-28,HOSP-WB-05,SSKM Hospital & IPGMER,B-,PRBC,3,0,0,1,0,0
2026-05-28,HOSP-WB-05,SSKM Hospital & IPGMER,AB+,PRBC,3,0,0,7,6,0
2026-05-28,HOSP-WB-05,SSKM Hospital & IPGMER,AB-,PRBC,3,0,0,2,1,0
2026-05-28,HOSP-WB-05,SSKM Hospital & IPGMER,O+,PRBC,3,0,0,22,19,1
2026-05-28,HOSP-WB-05,SSKM Hospital & IPGMER,O-,PRBC,3,0,0,2,1,0
2026-05-29,HOSP-DEL-01,Safdarjung Hospital,A+,PRBC,4,0,0,47,43,0
2026-05-29,HOSP-DEL-01,Safdarjung Hospital,A-,PRBC,4,0,0,4,3,0
2026-05-29,HOSP-DEL-01,Safdarjung Hospital,B+,PRBC,4,0,0,38,36,0
2026-05-29,HOSP-DEL-01,Safdarjung Hospital,B-,PRBC,4,0,0,1,0,1
2026-05-29,HOSP-DEL-01,Safdarjung Hospital,AB+,PRBC,4,0,0,18,15,0
2026-05-29,HOSP-DEL-01,Safdarjung Hospital,AB-,PRBC,4,0,0,2,1,0
2026-05-29,HOSP-DEL-01,Safdarjung Hospital,O+,PRBC,4,0,0,85,84,0
2026-05-29,HOSP-DEL-01,Safdarjung Hospital,O-,PRBC,4,0,0,6,5,0
2026-05-29,HOSP-MAH-02,Lilavati Hospital & Research Centre,A+,PRBC,4,0,0,11,10,0
2026-05-29,HOSP-MAH-02,Lilavati Hospital & Research Centre,A-,PRBC,4,0,1,7,6,0
2026-05-29,HOSP-MAH-02,Lilavati Hospital & Research Centre,B+,PRBC,4,0,0,18,16,0
2026-05-29,HOSP-MAH-02,Lilavati Hospital & Research Centre,B-,PRBC,4,0,0,1,0,0
2026-05-29,HOSP-MAH-02,Lilavati Hospital & Research Centre,AB+,PRBC,4,0,0,6,5,1
2026-05-29,HOSP-MAH-02,Lilavati Hospital & Research Centre,AB-,PRBC,4,0,0,3,2,1
2026-05-29,HOSP-MAH-02,Lilavati Hospital & Research Centre,O+,PRBC,4,0,0,43,39,0
2026-05-29,HOSP-MAH-02,Lilavati Hospital & Research Centre,O-,PRBC,4,0,0,4,3,0
2026-05-29,HOSP-KAR-03,Manipal Hospital Old Airport Road,A+,PRBC,4,0,0,25,21,1
2026-05-29,HOSP-KAR-03,Manipal Hospital Old Airport Road,A-,PRBC,4,0,0,1,0,0
2026-05-29,HOSP-KAR-03,Manipal Hospital Old Airport Road,B+,PRBC,4,0,0,49,46,0
2026-05-29,HOSP-KAR-03,Manipal Hospital Old Airport Road,B-,PRBC,4,0,0,2,1,0
2026-05-29,HOSP-KAR-03,Manipal Hospital Old Airport Road,AB+,PRBC,4,0,0,6,5,0
2026-05-29,HOSP-KAR-03,Manipal Hospital Old Airport Road,AB-,PRBC,4,0,0,1,0,0
2026-05-29,HOSP-KAR-03,Manipal Hospital Old Airport Road,O+,PRBC,4,0,0,51,45,0
2026-05-29,HOSP-KAR-03,Manipal Hospital Old Airport Road,O-,PRBC,4,0,0,3,2,0
2026-05-29,HOSP-TN-04,Apollo Hospitals Greams Road,A+,PRBC,4,0,0,28,25,1
2026-05-29,HOSP-TN-04,Apollo Hospitals Greams Road,A-,PRBC,4,0,0,1,0,0
2026-05-29,HOSP-TN-04,Apollo Hospitals Greams Road,B+,PRBC,4,0,0,22,20,0
2026-05-29,HOSP-TN-04,Apollo Hospitals Greams Road,B-,PRBC,4,0,0,3,2,0
2026-05-29,HOSP-TN-04,Apollo Hospitals Greams Road,AB+,PRBC,4,0,0,13,11,0
2026-05-29,HOSP-TN-04,Apollo Hospitals Greams Road,AB-,PRBC,4,0,0,1,0,0
2026-05-29,HOSP-TN-04,Apollo Hospitals Greams Road,O+,PRBC,4,0,0,66,60,0
2026-05-29,HOSP-TN-04,Apollo Hospitals Greams Road,O-,PRBC,4,0,0,4,3,0
2026-05-29,HOSP-WB-05,SSKM Hospital & IPGMER,A+,PRBC,4,0,0,20,19,0
2026-05-29,HOSP-WB-05,SSKM Hospital & IPGMER,A-,PRBC,4,0,0,2,1,0
2026-05-29,HOSP-WB-05,SSKM Hospital & IPGMER,B+,PRBC,4,0,0,53,50,0
2026-05-29,HOSP-WB-05,SSKM Hospital & IPGMER,B-,PRBC,4,0,0,4,3,0
2026-05-29,HOSP-WB-05,SSKM Hospital & IPGMER,AB+,PRBC,4,0,0,14,12,0
2026-05-29,HOSP-WB-05,SSKM Hospital & IPGMER,AB-,PRBC,4,0,0,3,2,0
2026-05-29,HOSP-WB-05,SSKM Hospital & IPGMER,O+,PRBC,4,0,0,18,15,2
2026-05-29,HOSP-WB-05,SSKM Hospital & IPGMER,O-,PRBC,4,0,0,6,5,0
2026-05-30,HOSP-DEL-01,Safdarjung Hospital,A+,PRBC,5,1,0,29,26,0
2026-05-30,HOSP-DEL-01,Safdarjung Hospital,A-,PRBC,5,1,0,6,5,0
2026-05-30,HOSP-DEL-01,Safdarjung Hospital,B+,PRBC,5,1,0,88,82,2
2026-05-30,HOSP-DEL-01,Safdarjung Hospital,B-,PRBC,5,1,0,2,1,0
2026-05-30,HOSP-DEL-01,Safdarjung Hospital,AB+,PRBC,5,1,0,17,15,0
2026-05-30,HOSP-DEL-01,Safdarjung Hospital,AB-,PRBC,5,1,0,1,0,1
2026-05-30,HOSP-DEL-01,Safdarjung Hospital,O+,PRBC,5,1,0,84,74,0
2026-05-30,HOSP-DEL-01,Safdarjung Hospital,O-,PRBC,5,1,0,7,6,2
2026-05-30,HOSP-MAH-02,Lilavati Hospital & Research Centre,A+,PRBC,5,1,0,26,24,0
2026-05-30,HOSP-MAH-02,Lilavati Hospital & Research Centre,A-,PRBC,5,1,0,4,3,0
2026-05-30,HOSP-MAH-02,Lilavati Hospital & Research Centre,B+,PRBC,5,1,0,69,63,0
2026-05-30,HOSP-MAH-02,Lilavati Hospital & Research Centre,B-,PRBC,5,1,0,3,2,1
2026-05-30,HOSP-MAH-02,Lilavati Hospital & Research Centre,AB+,PRBC,5,1,0,13,12,0
2026-05-30,HOSP-MAH-02,Lilavati Hospital & Research Centre,AB-,PRBC,5,1,0,1,0,0
2026-05-30,HOSP-MAH-02,Lilavati Hospital & Research Centre,O+,PRBC,5,1,0,55,49,0
2026-05-30,HOSP-MAH-02,Lilavati Hospital & Research Centre,O-,PRBC,5,1,0,1,0,0
2026-05-30,HOSP-KAR-03,Manipal Hospital Old Airport Road,A+,PRBC,5,1,0,45,44,0
2026-05-30,HOSP-KAR-03,Manipal Hospital Old Airport Road,A-,PRBC,5,1,0,4,3,0
2026-05-30,HOSP-KAR-03,Manipal Hospital Old Airport Road,B+,PRBC,5,1,0,59,51,0
2026-05-30,HOSP-KAR-03,Manipal Hospital Old Airport Road,B-,PRBC,5,1,0,4,3,0
2026-05-30,HOSP-KAR-03,Manipal Hospital Old Airport Road,AB+,PRBC,5,1,0,26,23,0
2026-05-30,HOSP-KAR-03,Manipal Hospital Old Airport Road,AB-,PRBC,5,1,0,1,0,0
2026-05-30,HOSP-KAR-03,Manipal Hospital Old Airport Road,O+,PRBC,5,1,0,84,80,0
2026-05-30,HOSP-KAR-03,Manipal Hospital Old Airport Road,O-,PRBC,5,1,0,6,5,0
2026-05-30,HOSP-TN-04,Apollo Hospitals Greams Road,A+,PRBC,5,1,0,54,49,0
2026-05-30,HOSP-TN-04,Apollo Hospitals Greams Road,A-,PRBC,5,1,0,6,5,1
2026-05-30,HOSP-TN-04,Apollo Hospitals Greams Road,B+,PRBC,5,1,0,50,45,0
2026-05-30,HOSP-TN-04,Apollo Hospitals Greams Road,B-,PRBC,5,1,0,5,4,0
2026-05-30,HOSP-TN-04,Apollo Hospitals Greams Road,AB+,PRBC,5,1,0,14,12,0
2026-05-30,HOSP-TN-04,Apollo Hospitals Greams Road,AB-,PRBC,5,1,0,1,0,0
2026-05-30,HOSP-TN-04,Apollo Hospitals Greams Road,O+,PRBC,5,1,0,77,71,1
2026-05-30,HOSP-TN-04,Apollo Hospitals Greams Road,O-,PRBC,5,1,0,7,6,0
2026-05-30,HOSP-WB-05,SSKM Hospital & IPGMER,A+,PRBC,5,1,0,35,31,0
2026-05-30,HOSP-WB-05,SSKM Hospital & IPGMER,A-,PRBC,5,1,0,4,3,0
2026-05-30,HOSP-WB-05,SSKM Hospital & IPGMER,B+,PRBC,5,1,0,52,51,0
2026-05-30,HOSP-WB-05,SSKM Hospital & IPGMER,B-,PRBC,5,1,0,1,0,1
2026-05-30,HOSP-WB-05,SSKM Hospital & IPGMER,AB+,PRBC,5,1,0,7,5,0
2026-05-30,HOSP-WB-05,SSKM Hospital & IPGMER,AB-,PRBC,5,1,0,1,0,0
2026-05-30,HOSP-WB-05,SSKM Hospital & IPGMER,O+,PRBC,5,1,0,62,57,0
2026-05-30,HOSP-WB-05,SSKM Hospital & IPGMER,O-,PRBC,5,1,0,9,7,0
2026-05-31,HOSP-DEL-01,Safdarjung Hospital,A+,PRBC,6,1,0,51,49,0
2026-05-31,HOSP-DEL-01,Safdarjung Hospital,A-,PRBC,6,1,0,2,1,0
2026-05-31,HOSP-DEL-01,Safdarjung Hospital,B+,PRBC,6,1,0,80,77,0
2026-05-31,HOSP-DEL-01,Safdarjung Hospital,B-,PRBC,6,1,0,5,4,0
2026-05-31,HOSP-DEL-01,Safdarjung Hospital,AB+,PRBC,6,1,0,22,19,0
2026-05-31,HOSP-DEL-01,Safdarjung Hospital,AB-,PRBC,6,1,0,3,2,0
2026-05-31,HOSP-DEL-01,Safdarjung Hospital,O+,PRBC,6,1,0,46,41,0
2026-05-31,HOSP-DEL-01,Safdarjung Hospital,O-,PRBC,6,1,0,1,0,0
2026-05-31,HOSP-MAH-02,Lilavati Hospital & Research Centre,A+,PRBC,6,1,0,27,25,0
2026-05-31,HOSP-MAH-02,Lilavati Hospital & Research Centre,A-,PRBC,6,1,0,3,2,0
2026-05-31,HOSP-MAH-02,Lilavati Hospital & Research Centre,B+,PRBC,6,1,0,56,54,0
2026-05-31,HOSP-MAH-02,Lilavati Hospital & Research Centre,B-,PRBC,6,1,0,3,2,0
2026-05-31,HOSP-MAH-02,Lilavati Hospital & Research Centre,AB+,PRBC,6,1,0,11,9,0
2026-05-31,HOSP-MAH-02,Lilavati Hospital & Research Centre,AB-,PRBC,6,1,0,2,1,0
2026-05-31,HOSP-MAH-02,Lilavati Hospital & Research Centre,O+,PRBC,6,1,0,36,33,0
2026-05-31,HOSP-MAH-02,Lilavati Hospital & Research Centre,O-,PRBC,6,1,0,6,5,1
2026-05-31,HOSP-KAR-03,Manipal Hospital Old Airport Road,A+,PRBC,6,1,0,38,32,1
2026-05-31,HOSP-KAR-03,Manipal Hospital Old Airport Road,A-,PRBC,6,1,0,1,0,0
2026-05-31,HOSP-KAR-03,Manipal Hospital Old Airport Road,B+,PRBC,6,1,0,74,66,0
2026-05-31,HOSP-KAR-03,Manipal Hospital Old Airport Road,B-,PRBC,6,1,0,8,7,0
2026-05-31,HOSP-KAR-03,Manipal Hospital Old Airport Road,AB+,PRBC,6,1,0,14,12,0
2026-05-31,HOSP-KAR-03,Manipal Hospital Old Airport Road,AB-,PRBC,6,1,0,2,1,0
2026-05-31,HOSP-KAR-03,Manipal Hospital Old Airport Road,O+,PRBC,6,1,0,68,67,0
2026-05-31,HOSP-KAR-03,Manipal Hospital Old Airport Road,O-,PRBC,6,1,0,5,4,0
2026-05-31,HOSP-TN-04,Apollo Hospitals Greams Road,A+,PRBC,6,1,0,60,57,0
2026-05-31,HOSP-TN-04,Apollo Hospitals Greams Road,A-,PRBC,6,1,0,2,1,0
2026-05-31,HOSP-TN-04,Apollo Hospitals Greams Road,B+,PRBC,6,1,0,75,69,0
2026-05-31,HOSP-TN-04,Apollo Hospitals Greams Road,B-,PRBC,6,1,0,3,2,0
2026-05-31,HOSP-TN-04,Apollo Hospitals Greams Road,AB+,PRBC,6,1,1,36,31,0
2026-05-31,HOSP-TN-04,Apollo Hospitals Greams Road,AB-,PRBC,6,1,0,2,1,0
2026-05-31,HOSP-TN-04,Apollo Hospitals Greams Road,O+,PRBC,6,1,1,58,55,0
2026-05-31,HOSP-TN-04,Apollo Hospitals Greams Road,O-,PRBC,6,1,0,9,8,0
2026-05-31,HOSP-WB-05,SSKM Hospital & IPGMER,A+,PRBC,6,1,0,15,13,0
2026-05-31,HOSP-WB-05,SSKM Hospital & IPGMER,A-,PRBC,6,1,0,1,0,0
2026-05-31,HOSP-WB-05,SSKM Hospital & IPGMER,B+,PRBC,6,1,0,87,82,0
2026-05-31,HOSP-WB-05,SSKM Hospital & IPGMER,B-,PRBC,6,1,0,2,1,0
2026-05-31,HOSP-WB-05,SSKM Hospital & IPGMER,AB+,PRBC,6,1,0,23,20,0
2026-05-31,HOSP-WB-05,SSKM Hospital & IPGMER,AB-,PRBC,6,1,0,1,0,0
2026-05-31,HOSP-WB-05,SSKM Hospital & IPGMER,O+,PRBC,6,1,0,95,91,0
2026-05-31,HOSP-WB-05,SSKM Hospital & IPGMER,O-,PRBC,6,1,0,7,6,0
2026-06-01,HOSP-DEL-01,Safdarjung Hospital,A+,PRBC,0,0,0,50,43,0
2026-06-01,HOSP-DEL-01,Safdarjung Hospital,A-,PRBC,0,0,0,2,1,0
2026-06-01,HOSP-DEL-01,Safdarjung Hospital,B+,PRBC,0,0,0,75,70,0
2026-06-01,HOSP-DEL-01,Safdarjung Hospital,B-,PRBC,0,0,0,3,2,1
2026-06-01,HOSP-DEL-01,Safdarjung Hospital,AB+,PRBC,0,0,0,8,7,0
2026-06-01,HOSP-DEL-01,Safdarjung Hospital,AB-,PRBC,0,0,0,2,1,0
2026-06-01,HOSP-DEL-01,Safdarjung Hospital,O+,PRBC,0,0,0,71,64,0
2026-06-01,HOSP-DEL-01,Safdarjung Hospital,O-,PRBC,0,0,0,5,4,0
2026-06-01,HOSP-MAH-02,Lilavati Hospital & Research Centre,A+,PRBC,0,0,0,36,30,0
2026-06-01,HOSP-MAH-02,Lilavati Hospital & Research Centre,A-,PRBC,0,0,0,4,3,0
2026-06-01,HOSP-MAH-02,Lilavati Hospital & Research Centre,B+,PRBC,0,0,0,43,37,0
2026-06-01,HOSP-MAH-02,Lilavati Hospital & Research Centre,B-,PRBC,0,0,0,5,4,2
2026-06-01,HOSP-MAH-02,Lilavati Hospital & Research Centre,AB+,PRBC,0,0,0,7,6,0
2026-06-01,HOSP-MAH-02,Lilavati Hospital & Research Centre,AB-,PRBC,0,0,0,2,1,0
2026-06-01,HOSP-MAH-02,Lilavati Hospital & Research Centre,O+,PRBC,0,0,0,62,56,0
2026-06-01,HOSP-MAH-02,Lilavati Hospital & Research Centre,O-,PRBC,0,0,0,2,1,0
2026-06-01,HOSP-KAR-03,Manipal Hospital Old Airport Road,A+,PRBC,0,0,0,25,23,0
2026-06-01,HOSP-KAR-03,Manipal Hospital Old Airport Road,A-,PRBC,0,0,0,2,1,0
2026-06-01,HOSP-KAR-03,Manipal Hospital Old Airport Road,B+,PRBC,0,0,0,30,28,0
2026-06-01,HOSP-KAR-03,Manipal Hospital Old Airport Road,B-,PRBC,0,0,0,7,6,0
2026-06-01,HOSP-KAR-03,Manipal Hospital Old Airport Road,AB+,PRBC,0,0,0,18,17,0
2026-06-01,HOSP-KAR-03,Manipal Hospital Old Airport Road,AB-,PRBC,0,0,0,1,0,0
2026-06-01,HOSP-KAR-03,Manipal Hospital Old Airport Road,O+,PRBC,0,0,0,69,68,0
2026-06-01,HOSP-KAR-03,Manipal Hospital Old Airport Road,O-,PRBC,0,0,0,6,5,0
2026-06-01,HOSP-TN-04,Apollo Hospitals Greams Road,A+,PRBC,0,0,0,12,10,0
2026-06-01,HOSP-TN-04,Apollo Hospitals Greams Road,A-,PRBC,0,0,0,1,0,0
2026-06-01,HOSP-TN-04,Apollo Hospitals Greams Road,B+,PRBC,0,0,0,52,44,0
2026-06-01,HOSP-TN-04,Apollo Hospitals Greams Road,B-,PRBC,0,0,0,2,1,0
2026-06-01,HOSP-TN-04,Apollo Hospitals Greams Road,AB+,PRBC,0,0,0,7,6,0
2026-06-01,HOSP-TN-04,Apollo Hospitals Greams Road,AB-,PRBC,0,0,0,1,0,1
2026-06-01,HOSP-TN-04,Apollo Hospitals Greams Road,O+,PRBC,0,0,0,87,74,0
2026-06-01,HOSP-TN-04,Apollo Hospitals Greams Road,O-,PRBC,0,0,0,6,5,1
2026-06-01,HOSP-WB-05,SSKM Hospital & IPGMER,A+,PRBC,0,0,0,45,38,0
2026-06-01,HOSP-WB-05,SSKM Hospital & IPGMER,A-,PRBC,0,0,0,1,0,1
2026-06-01,HOSP-WB-05,SSKM Hospital & IPGMER,B+,PRBC,0,0,0,52,47,0
2026-06-01,HOSP-WB-05,SSKM Hospital & IPGMER,B-,PRBC,0,0,0,4,3,0
2026-06-01,HOSP-WB-05,SSKM Hospital & IPGMER,AB+,PRBC,0,0,0,12,10,0
2026-06-01,HOSP-WB-05,SSKM Hospital & IPGMER,AB-,PRBC,0,0,0,1,0,0
2026-06-01,HOSP-WB-05,SSKM Hospital & IPGMER,O+,PRBC,0,0,0,84,83,0
2026-06-01,HOSP-WB-05,SSKM Hospital & IPGMER,O-,PRBC,0,0,0,2,1,1
2026-06-02,HOSP-DEL-01,Safdarjung Hospital,A+,PRBC,1,0,1,50,48,0
2026-06-02,HOSP-DEL-01,Safdarjung Hospital,A-,PRBC,1,0,0,5,4,0
2026-06-02,HOSP-DEL-01,Safdarjung Hospital,B+,PRBC,1,0,0,42,39,0
2026-06-02,HOSP-DEL-01,Safdarjung Hospital,B-,PRBC,1,0,0,6,5,0
2026-06-02,HOSP-DEL-01,Safdarjung Hospital,AB+,PRBC,1,0,0,17,16,0
2026-06-02,HOSP-DEL-01,Safdarjung Hospital,AB-,PRBC,1,0,0,1,0,0
2026-06-02,HOSP-DEL-01,Safdarjung Hospital,O+,PRBC,1,0,0,40,39,0
2026-06-02,HOSP-DEL-01,Safdarjung Hospital,O-,PRBC,1,0,0,1,0,1
2026-06-02,HOSP-MAH-02,Lilavati Hospital & Research Centre,A+,PRBC,1,0,0,46,41,2
2026-06-02,HOSP-MAH-02,Lilavati Hospital & Research Centre,A-,PRBC,1,0,0,2,1,0
2026-06-02,HOSP-MAH-02,Lilavati Hospital & Research Centre,B+,PRBC,1,0,0,72,61,0
2026-06-02,HOSP-MAH-02,Lilavati Hospital & Research Centre,B-,PRBC,1,0,1,13,11,0
2026-06-02,HOSP-MAH-02,Lilavati Hospital & Research Centre,AB+,PRBC,1,0,0,3,2,0
2026-06-02,HOSP-MAH-02,Lilavati Hospital & Research Centre,AB-,PRBC,1,0,0,1,0,0
2026-06-02,HOSP-MAH-02,Lilavati Hospital & Research Centre,O+,PRBC,1,0,0,56,49,1
2026-06-02,HOSP-MAH-02,Lilavati Hospital & Research Centre,O-,PRBC,1,0,0,3,2,0
2026-06-02,HOSP-KAR-03,Manipal Hospital Old Airport Road,A+,PRBC,1,0,0,26,23,0
2026-06-02,HOSP-KAR-03,Manipal Hospital Old Airport Road,A-,PRBC,1,0,0,1,0,0
2026-06-02,HOSP-KAR-03,Manipal Hospital Old Airport Road,B+,PRBC,1,0,0,41,39,0
2026-06-02,HOSP-KAR-03,Manipal Hospital Old Airport Road,B-,PRBC,1,0,0,1,0,2
2026-06-02,HOSP-KAR-03,Manipal Hospital Old Airport Road,AB+,PRBC,1,0,0,6,5,0
2026-06-02,HOSP-KAR-03,Manipal Hospital Old Airport Road,AB-,PRBC,1,0,0,3,2,0
2026-06-02,HOSP-KAR-03,Manipal Hospital Old Airport Road,O+,PRBC,1,0,0,80,75,0
2026-06-02,HOSP-KAR-03,Manipal Hospital Old Airport Road,O-,PRBC,1,0,0,6,5,0
2026-06-02,HOSP-TN-04,Apollo Hospitals Greams Road,A+,PRBC,1,0,0,34,29,1
2026-06-02,HOSP-TN-04,Apollo Hospitals Greams Road,A-,PRBC,1,0,0,1,0,0
2026-06-02,HOSP-TN-04,Apollo Hospitals Greams Road,B+,PRBC,1,0,0,51,44,0
2026-06-02,HOSP-TN-04,Apollo Hospitals Greams Road,B-,PRBC,1,0,0,5,4,0
2026-06-02,HOSP-TN-04,Apollo Hospitals Greams Road,AB+,PRBC,1,0,0,18,16,0
2026-06-02,HOSP-TN-04,Apollo Hospitals Greams Road,AB-,PRBC,1,0,0,1,0,0
2026-06-02,HOSP-TN-04,Apollo Hospitals Greams Road,O+,PRBC,1,0,0,60,51,0
2026-06-02,HOSP-TN-04,Apollo Hospitals Greams Road,O-,PRBC,1,0,0,7,6,0
2026-06-02,HOSP-WB-05,SSKM Hospital & IPGMER,A+,PRBC,1,0,0,32,31,2
2026-06-02,HOSP-WB-05,SSKM Hospital & IPGMER,A-,PRBC,1,0,0,2,1,0
2026-06-02,HOSP-WB-05,SSKM Hospital & IPGMER,B+,PRBC,1,0,0,24,23,0
2026-06-02,HOSP-WB-05,SSKM Hospital & IPGMER,B-,PRBC,1,0,0,5,4,0
2026-06-02,HOSP-WB-05,SSKM Hospital & IPGMER,AB+,PRBC,1,0,0,7,6,0
2026-06-02,HOSP-WB-05,SSKM Hospital & IPGMER,AB-,PRBC,1,0,1,12,10,2
2026-06-02,HOSP-WB-05,SSKM Hospital & IPGMER,O+,PRBC,1,0,0,78,69,1
2026-06-02,HOSP-WB-05,SSKM Hospital & IPGMER,O-,PRBC,1,0,0,1,0,2
2026-06-03,HOSP-DEL-01,Safdarjung Hospital,A+,PRBC,2,0,0,19,16,0
2026-06-03,HOSP-DEL-01,Safdarjung Hospital,A-,PRBC,2,0,1,13,12,0
2026-06-03,HOSP-DEL-01,Safdarjung Hospital,B+,PRBC,2,0,0,68,61,0
2026-06-03,HOSP-DEL-01,Safdarjung Hospital,B-,PRBC,2,0,0,4,3,0
2026-06-03,HOSP-DEL-01,Safdarjung Hospital,AB+,PRBC,2,0,0,13,12,0
2026-06-03,HOSP-DEL-01,Safdarjung Hospital,AB-,PRBC,2,0,0,2,1,0
2026-06-03,HOSP-DEL-01,Safdarjung Hospital,O+,PRBC,2,0,0,21,18,1
2026-06-03,HOSP-DEL-01,Safdarjung Hospital,O-,PRBC,2,0,0,8,7,0
2026-06-03,HOSP-MAH-02,Lilavati Hospital & Research Centre,A+,PRBC,2,0,1,37,33,1
2026-06-03,HOSP-MAH-02,Lilavati Hospital & Research Centre,A-,PRBC,2,0,0,1,0,0
2026-06-03,HOSP-MAH-02,Lilavati Hospital & Research Centre,B+,PRBC,2,0,0,42,38,0
2026-06-03,HOSP-MAH-02,Lilavati Hospital & Research Centre,B-,PRBC,2,0,0,1,0,0
2026-06-03,HOSP-MAH-02,Lilavati Hospital & Research Centre,AB+,PRBC,2,0,0,20,17,0
2026-06-03,HOSP-MAH-02,Lilavati Hospital & Research Centre,AB-,PRBC,2,0,0,2,1,0
2026-06-03,HOSP-MAH-02,Lilavati Hospital & Research Centre,O+,PRBC,2,0,0,42,37,0
2026-06-03,HOSP-MAH-02,Lilavati Hospital & Research Centre,O-,PRBC,2,0,0,8,7,0
2026-06-03,HOSP-KAR-03,Manipal Hospital Old Airport Road,A+,PRBC,2,0,0,30,25,2
2026-06-03,HOSP-KAR-03,Manipal Hospital Old Airport Road,A-,PRBC,2,0,0,3,2,0
2026-06-03,HOSP-KAR-03,Manipal Hospital Old Airport Road,B+,PRBC,2,0,0,68,62,0
2026-06-03,HOSP-KAR-03,Manipal Hospital Old Airport Road,B-,PRBC,2,0,0,5,4,0
2026-06-03,HOSP-KAR-03,Manipal Hospital Old Airport Road,AB+,PRBC,2,0,0,7,6,1
2026-06-03,HOSP-KAR-03,Manipal Hospital Old Airport Road,AB-,PRBC,2,0,0,1,0,1
2026-06-03,HOSP-KAR-03,Manipal Hospital Old Airport Road,O+,PRBC,2,0,0,47,45,0
2026-06-03,HOSP-KAR-03,Manipal Hospital Old Airport Road,O-,PRBC,2,0,0,6,5,0
2026-06-03,HOSP-TN-04,Apollo Hospitals Greams Road,A+,PRBC,2,0,0,47,44,0
2026-06-03,HOSP-TN-04,Apollo Hospitals Greams Road,A-,PRBC,2,0,0,3,2,0
2026-06-03,HOSP-TN-04,Apollo Hospitals Greams Road,B+,PRBC,2,0,0,63,59,0
2026-06-03,HOSP-TN-04,Apollo Hospitals Greams Road,B-,PRBC,2,0,0,6,5,0
2026-06-03,HOSP-TN-04,Apollo Hospitals Greams Road,AB+,PRBC,2,0,0,11,10,0
2026-06-03,HOSP-TN-04,Apollo Hospitals Greams Road,AB-,PRBC,2,0,0,4,3,0
2026-06-03,HOSP-TN-04,Apollo Hospitals Greams Road,O+,PRBC,2,0,0,72,64,0
2026-06-03,HOSP-TN-04,Apollo Hospitals Greams Road,O-,PRBC,2,0,0,8,6,0
2026-06-03,HOSP-WB-05,SSKM Hospital & IPGMER,A+,PRBC,2,0,0,43,40,0
2026-06-03,HOSP-WB-05,SSKM Hospital & IPGMER,A-,PRBC,2,0,1,10,8,0
2026-06-03,HOSP-WB-05,SSKM Hospital & IPGMER,B+,PRBC,2,0,0,16,14,0
2026-06-03,HOSP-WB-05,SSKM Hospital & IPGMER,B-,PRBC,2,0,0,2,1,0
2026-06-03,HOSP-WB-05,SSKM Hospital & IPGMER,AB+,PRBC,2,0,0,11,10,0
2026-06-03,HOSP-WB-05,SSKM Hospital & IPGMER,AB-,PRBC,2,0,0,3,2,0
2026-06-03,HOSP-WB-05,SSKM Hospital & IPGMER,O+,PRBC,2,0,0,42,41,0
2026-06-03,HOSP-WB-05,SSKM Hospital & IPGMER,O-,PRBC,2,0,0,4,3,0
2026-06-04,HOSP-DEL-01,Safdarjung Hospital,A+,PRBC,3,0,0,47,42,0
2026-06-04,HOSP-DEL-01,Safdarjung Hospital,A-,PRBC,3,0,0,1,0,0
2026-06-04,HOSP-DEL-01,Safdarjung Hospital,B+,PRBC,3,0,0,35,33,1
2026-06-04,HOSP-DEL-01,Safdarjung Hospital,B-,PRBC,3,0,0,4,3,0
2026-06-04,HOSP-DEL-01,Safdarjung Hospital,AB+,PRBC,3,0,0,16,14,0
2026-06-04,HOSP-DEL-01,Safdarjung Hospital,AB-,PRBC,3,0,0,1,0,1
2026-06-04,HOSP-DEL-01,Safdarjung Hospital,O+,PRBC,3,0,0,62,59,0
2026-06-04,HOSP-DEL-01,Safdarjung Hospital,O-,PRBC,3,0,0,1,0,0
2026-06-04,HOSP-MAH-02,Lilavati Hospital & Research Centre,A+,PRBC,3,0,0,47,43,0
2026-06-04,HOSP-MAH-02,Lilavati Hospital & Research Centre,A-,PRBC,3,0,0,1,0,0
2026-06-04,HOSP-MAH-02,Lilavati Hospital & Research Centre,B+,PRBC,3,0,1,85,84,0
2026-06-04,HOSP-MAH-02,Lilavati Hospital & Research Centre,B-,PRBC,3,0,0,1,0,0
2026-06-04,HOSP-MAH-02,Lilavati Hospital & Research Centre,AB+,PRBC,3,0,0,20,19,0
2026-06-04,HOSP-MAH-02,Lilavati Hospital & Research Centre,AB-,PRBC,3,0,0,1,0,0
2026-06-04,HOSP-MAH-02,Lilavati Hospital & Research Centre,O+,PRBC,3,0,0,46,44,0
2026-06-04,HOSP-MAH-02,Lilavati Hospital & Research Centre,O-,PRBC,3,0,0,7,6,0
2026-06-04,HOSP-KAR-03,Manipal Hospital Old Airport Road,A+,PRBC,3,0,0,49,44,1
2026-06-04,HOSP-KAR-03,Manipal Hospital Old Airport Road,A-,PRBC,3,0,0,4,3,0
2026-06-04,HOSP-KAR-03,Manipal Hospital Old Airport Road,B+,PRBC,3,0,0,24,22,0
2026-06-04,HOSP-KAR-03,Manipal Hospital Old Airport Road,B-,PRBC,3,0,0,1,0,0
2026-06-04,HOSP-KAR-03,Manipal Hospital Old Airport Road,AB+,PRBC,3,0,0,13,11,0
2026-06-04,HOSP-KAR-03,Manipal Hospital Old Airport Road,AB-,PRBC,3,0,0,1,0,0
2026-06-04,HOSP-KAR-03,Manipal Hospital Old Airport Road,O+,PRBC,3,0,1,101,95,1
2026-06-04,HOSP-KAR-03,Manipal Hospital Old Airport Road,O-,PRBC,3,0,0,2,1,0
2026-06-04,HOSP-TN-04,Apollo Hospitals Greams Road,A+,PRBC,3,0,0,41,35,0
2026-06-04,HOSP-TN-04,Apollo Hospitals Greams Road,A-,PRBC,3,0,0,1,0,0
2026-06-04,HOSP-TN-04,Apollo Hospitals Greams Road,B+,PRBC,3,0,0,45,40,0
2026-06-04,HOSP-TN-04,Apollo Hospitals Greams Road,B-,PRBC,3,0,0,5,4,0
2026-06-04,HOSP-TN-04,Apollo Hospitals Greams Road,AB+,PRBC,3,0,0,12,11,0
2026-06-04,HOSP-TN-04,Apollo Hospitals Greams Road,AB-,PRBC,3,0,0,1,0,0
2026-06-04,HOSP-TN-04,Apollo Hospitals Greams Road,O+,PRBC,3,0,0,67,66,0
2026-06-04,HOSP-TN-04,Apollo Hospitals Greams Road,O-,PRBC,3,0,0,5,4,0
2026-06-04,HOSP-WB-05,SSKM Hospital & IPGMER,A+,PRBC,3,0,0,15,14,1
2026-06-04,HOSP-WB-05,SSKM Hospital & IPGMER,A-,PRBC,3,0,0,4,3,0
2026-06-04,HOSP-WB-05,SSKM Hospital & IPGMER,B+,PRBC,3,0,0,24,22,1
2026-06-04,HOSP-WB-05,SSKM Hospital & IPGMER,B-,PRBC,3,0,0,3,2,0
2026-06-04,HOSP-WB-05,SSKM Hospital & IPGMER,AB+,PRBC,3,0,0,15,14,0
2026-06-04,HOSP-WB-05,SSKM Hospital & IPGMER,AB-,PRBC,3,0,0,2,1,0
2026-06-04,HOSP-WB-05,SSKM Hospital & IPGMER,O+,PRBC,3,0,0,31,26,0
2026-06-04,HOSP-WB-05,SSKM Hospital & IPGMER,O-,PRBC,3,0,0,5,4,1
2026-06-05,HOSP-DEL-01,Safdarjung Hospital,A+,PRBC,4,0,0,50,46,0
2026-06-05,HOSP-DEL-01,Safdarjung Hospital,A-,PRBC,4,0,0,6,5,0
2026-06-05,HOSP-DEL-01,Safdarjung Hospital,B+,PRBC,4,0,0,52,50,0
2026-06-05,HOSP-DEL-01,Safdarjung Hospital,B-,PRBC,4,0,0,4,3,0
2026-06-05,HOSP-DEL-01,Safdarjung Hospital,AB+,PRBC,4,0,0,10,9,0
2026-06-05,HOSP-DEL-01,Safdarjung Hospital,AB-,PRBC,4,0,0,1,0,0
2026-06-05,HOSP-DEL-01,Safdarjung Hospital,O+,PRBC,4,0,0,23,22,1
2026-06-05,HOSP-DEL-01,Safdarjung Hospital,O-,PRBC,4,0,0,9,8,0
2026-06-05,HOSP-MAH-02,Lilavati Hospital & Research Centre,A+,PRBC,4,0,0,45,40,0
2026-06-05,HOSP-MAH-02,Lilavati Hospital & Research Centre,A-,PRBC,4,0,0,1,0,0
2026-06-05,HOSP-MAH-02,Lilavati Hospital & Research Centre,B+,PRBC,4,0,0,19,18,1
2026-06-05,HOSP-MAH-02,Lilavati Hospital & Research Centre,B-,PRBC,4,0,0,1,0,0
2026-06-05,HOSP-MAH-02,Lilavati Hospital & Research Centre,AB+,PRBC,4,0,0,16,14,0
2026-06-05,HOSP-MAH-02,Lilavati Hospital & Research Centre,AB-,PRBC,4,0,0,1,0,0
2026-06-05,HOSP-MAH-02,Lilavati Hospital & Research Centre,O+,PRBC,4,0,0,73,66,0
2026-06-05,HOSP-MAH-02,Lilavati Hospital & Research Centre,O-,PRBC,4,0,1,7,6,0
2026-06-05,HOSP-KAR-03,Manipal Hospital Old Airport Road,A+,PRBC,4,0,0,22,21,0
2026-06-05,HOSP-KAR-03,Manipal Hospital Old Airport Road,A-,PRBC,4,0,1,8,7,0
2026-06-05,HOSP-KAR-03,Manipal Hospital Old Airport Road,B+,PRBC,4,0,0,49,47,0
2026-06-05,HOSP-KAR-03,Manipal Hospital Old Airport Road,B-,PRBC,4,0,0,1,0,0
2026-06-05,HOSP-KAR-03,Manipal Hospital Old Airport Road,AB+,PRBC,4,0,0,18,17,0
2026-06-05,HOSP-KAR-03,Manipal Hospital Old Airport Road,AB-,PRBC,4,0,0,3,2,0
2026-06-05,HOSP-KAR-03,Manipal Hospital Old Airport Road,O+,PRBC,4,0,0,48,45,0
2026-06-05,HOSP-KAR-03,Manipal Hospital Old Airport Road,O-,PRBC,4,0,0,5,4,0
2026-06-05,HOSP-TN-04,Apollo Hospitals Greams Road,A+,PRBC,4,0,0,23,22,0
2026-06-05,HOSP-TN-04,Apollo Hospitals Greams Road,A-,PRBC,4,0,0,1,0,2
2026-06-05,HOSP-TN-04,Apollo Hospitals Greams Road,B+,PRBC,4,0,0,65,55,0
2026-06-05,HOSP-TN-04,Apollo Hospitals Greams Road,B-,PRBC,4,0,0,2,1,0
2026-06-05,HOSP-TN-04,Apollo Hospitals Greams Road,AB+,PRBC,4,0,0,21,20,0
2026-06-05,HOSP-TN-04,Apollo Hospitals Greams Road,AB-,PRBC,4,0,0,1,0,0
2026-06-05,HOSP-TN-04,Apollo Hospitals Greams Road,O+,PRBC,4,0,0,30,28,0
2026-06-05,HOSP-TN-04,Apollo Hospitals Greams Road,O-,PRBC,4,0,0,4,3,0
2026-06-05,HOSP-WB-05,SSKM Hospital & IPGMER,A+,PRBC,4,0,0,11,10,0
2026-06-05,HOSP-WB-05,SSKM Hospital & IPGMER,A-,PRBC,4,0,0,4,3,0
2026-06-05,HOSP-WB-05,SSKM Hospital & IPGMER,B+,PRBC,4,0,0,72,64,1
2026-06-05,HOSP-WB-05,SSKM Hospital & IPGMER,B-,PRBC,4,0,0,3,2,1
2026-06-05,HOSP-WB-05,SSKM Hospital & IPGMER,AB+,PRBC,4,0,0,20,17,0
2026-06-05,HOSP-WB-05,SSKM Hospital & IPGMER,AB-,PRBC,4,0,0,1,0,0
2026-06-05,HOSP-WB-05,SSKM Hospital & IPGMER,O+,PRBC,4,0,0,28,24,0
2026-06-05,HOSP-WB-05,SSKM Hospital & IPGMER,O-,PRBC,4,0,0,6,5,0
2026-06-06,HOSP-DEL-01,Safdarjung Hospital,A+,PRBC,5,1,0,38,36,0
2026-06-06,HOSP-DEL-01,Safdarjung Hospital,A-,PRBC,5,1,0,1,0,0
2026-06-06,HOSP-DEL-01,Safdarjung Hospital,B+,PRBC,5,1,0,36,32,1
2026-06-06,HOSP-DEL-01,Safdarjung Hospital,B-,PRBC,5,1,0,6,5,0
2026-06-06,HOSP-DEL-01,Safdarjung Hospital,AB+,PRBC,5,1,0,12,11,0
2026-06-06,HOSP-DEL-01,Safdarjung Hospital,AB-,PRBC,5,1,0,2,1,0
2026-06-06,HOSP-DEL-01,Safdarjung Hospital,O+,PRBC,5,1,0,86,73,0
2026-06-06,HOSP-DEL-01,Safdarjung Hospital,O-,PRBC,5,1,0,4,3,0
2026-06-06,HOSP-MAH-02,Lilavati Hospital & Research Centre,A+,PRBC,5,1,0,26,22,0
2026-06-06,HOSP-MAH-02,Lilavati Hospital & Research Centre,A-,PRBC,5,1,0,5,4,0
2026-06-06,HOSP-MAH-02,Lilavati Hospital & Research Centre,B+,PRBC,5,1,0,21,20,0
2026-06-06,HOSP-MAH-02,Lilavati Hospital & Research Centre,B-,PRBC,5,1,0,3,2,0
2026-06-06,HOSP-MAH-02,Lilavati Hospital & Research Centre,AB+,PRBC,5,1,0,17,15,1
2026-06-06,HOSP-MAH-02,Lilavati Hospital & Research Centre,AB-,PRBC,5,1,0,1,0,0
2026-06-06,HOSP-MAH-02,Lilavati Hospital & Research Centre,O+,PRBC,5,1,0,89,88,1
2026-06-06,HOSP-MAH-02,Lilavati Hospital & Research Centre,O-,PRBC,5,1,1,11,9,0
2026-06-06,HOSP-KAR-03,Manipal Hospital Old Airport Road,A+,PRBC,5,1,0,59,51,0
2026-06-06,HOSP-KAR-03,Manipal Hospital Old Airport Road,A-,PRBC,5,1,0,2,1,0
2026-06-06,HOSP-KAR-03,Manipal Hospital Old Airport Road,B+,PRBC,5,1,0,93,83,0
2026-06-06,HOSP-KAR-03,Manipal Hospital Old Airport Road,B-,PRBC,5,1,0,2,1,0
2026-06-06,HOSP-KAR-03,Manipal Hospital Old Airport Road,AB+,PRBC,5,1,0,26,23,0
2026-06-06,HOSP-KAR-03,Manipal Hospital Old Airport Road,AB-,PRBC,5,1,0,1,0,0
2026-06-06,HOSP-KAR-03,Manipal Hospital Old Airport Road,O+,PRBC,5,1,0,38,34,1
2026-06-06,HOSP-KAR-03,Manipal Hospital Old Airport Road,O-,PRBC,5,1,0,10,8,0
2026-06-06,HOSP-TN-04,Apollo Hospitals Greams Road,A+,PRBC,5,1,0,42,41,0
2026-06-06,HOSP-TN-04,Apollo Hospitals Greams Road,A-,PRBC,5,1,1,12,11,0
2026-06-06,HOSP-TN-04,Apollo Hospitals Greams Road,B+,PRBC,5,1,0,95,89,0
2026-06-06,HOSP-TN-04,Apollo Hospitals Greams Road,B-,PRBC,5,1,0,5,4,1
2026-06-06,HOSP-TN-04,Apollo Hospitals Greams Road,AB+,PRBC,5,1,0,7,6,0
2026-06-06,HOSP-TN-04,Apollo Hospitals Greams Road,AB-,PRBC,5,1,0,1,0,0
2026-06-06,HOSP-TN-04,Apollo Hospitals Greams Road,O+,PRBC,5,1,1,34,33,0
2026-06-06,HOSP-TN-04,Apollo Hospitals Greams Road,O-,PRBC,5,1,0,6,5,0
2026-06-06,HOSP-WB-05,SSKM Hospital & IPGMER,A+,PRBC,5,1,0,15,14,0
2026-06-06,HOSP-WB-05,SSKM Hospital & IPGMER,A-,PRBC,5,1,0,2,1,0
2026-06-06,HOSP-WB-05,SSKM Hospital & IPGMER,B+,PRBC,5,1,0,30,27,0
2026-06-06,HOSP-WB-05,SSKM Hospital & IPGMER,B-,PRBC,5,1,0,5,4,0
2026-06-06,HOSP-WB-05,SSKM Hospital & IPGMER,AB+,PRBC,5,1,0,9,8,0
2026-06-06,HOSP-WB-05,SSKM Hospital & IPGMER,AB-,PRBC,5,1,0,1,0,0
2026-06-06,HOSP-WB-05,SSKM Hospital & IPGMER,O+,PRBC,5,1,0,55,51,2
2026-06-06,HOSP-WB-05,SSKM Hospital & IPGMER,O-,PRBC,5,1,0,5,4,1
2026-06-07,HOSP-DEL-01,Safdarjung Hospital,A+,PRBC,6,1,0,64,57,0
2026-06-07,HOSP-DEL-01,Safdarjung Hospital,A-,PRBC,6,1,0,1,0,0
2026-06-07,HOSP-DEL-01,Safdarjung Hospital,B+,PRBC,6,1,0,52,45,0
2026-06-07,HOSP-DEL-01,Safdarjung Hospital,B-,PRBC,6,1,0,1,0,2
2026-06-07,HOSP-DEL-01,Safdarjung Hospital,AB+,PRBC,6,1,0,16,14,0
2026-06-07,HOSP-DEL-01,Safdarjung Hospital,AB-,PRBC,6,1,0,1,0,1
2026-06-07,HOSP-DEL-01,Safdarjung Hospital,O+,PRBC,6,1,0,23,19,0
2026-06-07,HOSP-DEL-01,Safdarjung Hospital,O-,PRBC,6,1,0,4,3,0
2026-06-07,HOSP-MAH-02,Lilavati Hospital & Research Centre,A+,PRBC,6,1,0,66,56,0
2026-06-07,HOSP-MAH-02,Lilavati Hospital & Research Centre,A-,PRBC,6,1,0,3,2,0
2026-06-07,HOSP-MAH-02,Lilavati Hospital & Research Centre,B+,PRBC,6,1,0,43,39,0
2026-06-07,HOSP-MAH-02,Lilavati Hospital & Research Centre,B-,PRBC,6,1,0,3,2,0
2026-06-07,HOSP-MAH-02,Lilavati Hospital & Research Centre,AB+,PRBC,6,1,0,27,24,1
2026-06-07,HOSP-MAH-02,Lilavati Hospital & Research Centre,AB-,PRBC,6,1,0,1,0,0
2026-06-07,HOSP-MAH-02,Lilavati Hospital & Research Centre,O+,PRBC,6,1,0,65,64,1
2026-06-07,HOSP-MAH-02,Lilavati Hospital & Research Centre,O-,PRBC,6,1,1,12,10,0
2026-06-07,HOSP-KAR-03,Manipal Hospital Old Airport Road,A+,PRBC,6,1,0,14,13,1
2026-06-07,HOSP-KAR-03,Manipal Hospital Old Airport Road,A-,PRBC,6,1,1,12,10,0
2026-06-07,HOSP-KAR-03,Manipal Hospital Old Airport Road,B+,PRBC,6,1,0,96,94,0
2026-06-07,HOSP-KAR-03,Manipal Hospital Old Airport Road,B-,PRBC,6,1,0,4,3,1
2026-06-07,HOSP-KAR-03,Manipal Hospital Old Airport Road,AB+,PRBC,6,1,0,26,25,0
2026-06-07,HOSP-KAR-03,Manipal Hospital Old Airport Road,AB-,PRBC,6,1,0,1,0,0
2026-06-07,HOSP-KAR-03,Manipal Hospital Old Airport Road,O+,PRBC,6,1,0,78,74,0
2026-06-07,HOSP-KAR-03,Manipal Hospital Old Airport Road,O-,PRBC,6,1,0,9,8,1
2026-06-07,HOSP-TN-04,Apollo Hospitals Greams Road,A+,PRBC,6,1,0,13,11,2
2026-06-07,HOSP-TN-04,Apollo Hospitals Greams Road,A-,PRBC,6,1,0,3,2,0
2026-06-07,HOSP-TN-04,Apollo Hospitals Greams Road,B+,PRBC,6,1,1,81,78,0
2026-06-07,HOSP-TN-04,Apollo Hospitals Greams Road,B-,PRBC,6,1,0,2,1,0
2026-06-07,HOSP-TN-04,Apollo Hospitals Greams Road,AB+,PRBC,6,1,0,10,9,0
2026-06-07,HOSP-TN-04,Apollo Hospitals Greams Road,AB-,PRBC,6,1,0,1,0,0
2026-06-07,HOSP-TN-04,Apollo Hospitals Greams Road,O+,PRBC,6,1,0,30,25,0
2026-06-07,HOSP-TN-04,Apollo Hospitals Greams Road,O-,PRBC,6,1,0,8,7,2
2026-06-07,HOSP-WB-05,SSKM Hospital & IPGMER,A+,PRBC,6,1,0,46,43,0
2026-06-07,HOSP-WB-05,SSKM Hospital & IPGMER,A-,PRBC,6,1,0,6,5,0
2026-06-07,HOSP-WB-05,SSKM Hospital & IPGMER,B+,PRBC,6,1,0,77,68,0
2026-06-07,HOSP-WB-05,SSKM Hospital & IPGMER,B-,PRBC,6,1,0,2,1,0
2026-06-07,HOSP-WB-05,SSKM Hospital & IPGMER,AB+,PRBC,6,1,0,12,10,0
2026-06-07,HOSP-WB-05,SSKM Hospital & IPGMER,AB-,PRBC,6,1,0,2,1,0
2026-06-07,HOSP-WB-05,SSKM Hospital & IPGMER,O+,PRBC,6,1,0,89,87,0
2026-06-07,HOSP-WB-05,SSKM Hospital & IPGMER,O-,PRBC,6,1,0,2,1,0
2026-06-08,HOSP-DEL-01,Safdarjung Hospital,A+,PRBC,0,0,0,40,34,1
2026-06-08,HOSP-DEL-01,Safdarjung Hospital,A-,PRBC,0,0,1,12,10,0
2026-06-08,HOSP-DEL-01,Safdarjung Hospital,B+,PRBC,0,0,0,46,41,0
2026-06-08,HOSP-DEL-01,Safdarjung Hospital,B-,PRBC,0,0,0,4,3,0
2026-06-08,HOSP-DEL-01,Safdarjung Hospital,AB+,PRBC,0,0,1,23,22,0
2026-06-08,HOSP-DEL-01,Safdarjung Hospital,AB-,PRBC,0,0,0,2,1,0
2026-06-08,HOSP-DEL-01,Safdarjung Hospital,O+,PRBC,0,0,1,58,50,0
2026-06-08,HOSP-DEL-01,Safdarjung Hospital,O-,PRBC,0,0,0,3,2,0
2026-06-08,HOSP-MAH-02,Lilavati Hospital & Research Centre,A+,PRBC,0,0,0,26,25,0
2026-06-08,HOSP-MAH-02,Lilavati Hospital & Research Centre,A-,PRBC,0,0,1,15,13,0
2026-06-08,HOSP-MAH-02,Lilavati Hospital & Research Centre,B+,PRBC,0,0,0,34,32,1
2026-06-08,HOSP-MAH-02,Lilavati Hospital & Research Centre,B-,PRBC,0,0,0,2,1,0
2026-06-08,HOSP-MAH-02,Lilavati Hospital & Research Centre,AB+,PRBC,0,0,0,7,6,0
2026-06-08,HOSP-MAH-02,Lilavati Hospital & Research Centre,AB-,PRBC,0,0,0,3,2,0
2026-06-08,HOSP-MAH-02,Lilavati Hospital & Research Centre,O+,PRBC,0,0,0,49,43,1
2026-06-08,HOSP-MAH-02,Lilavati Hospital & Research Centre,O-,PRBC,0,0,0,3,2,0
2026-06-08,HOSP-KAR-03,Manipal Hospital Old Airport Road,A+,PRBC,0,0,0,37,32,0
2026-06-08,HOSP-KAR-03,Manipal Hospital Old Airport Road,A-,PRBC,0,0,0,3,2,0
2026-06-08,HOSP-KAR-03,Manipal Hospital Old Airport Road,B+,PRBC,0,0,0,60,56,0
2026-06-08,HOSP-KAR-03,Manipal Hospital Old Airport Road,B-,PRBC,0,0,0,3,2,1
2026-06-08,HOSP-KAR-03,Manipal Hospital Old Airport Road,AB+,PRBC,0,0,0,13,11,0
2026-06-08,HOSP-KAR-03,Manipal Hospital Old Airport Road,AB-,PRBC,0,0,0,2,1,0
2026-06-08,HOSP-KAR-03,Manipal Hospital Old Airport Road,O+,PRBC,0,0,0,70,62,0
2026-06-08,HOSP-KAR-03,Manipal Hospital Old Airport Road,O-,PRBC,0,0,0,2,1,0
2026-06-08,HOSP-TN-04,Apollo Hospitals Greams Road,A+,PRBC,0,0,1,37,31,0
2026-06-08,HOSP-TN-04,Apollo Hospitals Greams Road,A-,PRBC,0,0,0,6,5,0
2026-06-08,HOSP-TN-04,Apollo Hospitals Greams Road,B+,PRBC,0,0,0,41,37,0
2026-06-08,HOSP-TN-04,Apollo Hospitals Greams Road,B-,PRBC,0,0,0,5,4,1
2026-06-08,HOSP-TN-04,Apollo Hospitals Greams Road,AB+,PRBC,0,0,0,7,6,0
2026-06-08,HOSP-TN-04,Apollo Hospitals Greams Road,AB-,PRBC,0,0,0,1,0,0
2026-06-08,HOSP-TN-04,Apollo Hospitals Greams Road,O+,PRBC,0,0,0,43,40,0
2026-06-08,HOSP-TN-04,Apollo Hospitals Greams Road,O-,PRBC,0,0,1,17,16,0
2026-06-08,HOSP-WB-05,SSKM Hospital & IPGMER,A+,PRBC,0,0,0,28,24,0
2026-06-08,HOSP-WB-05,SSKM Hospital & IPGMER,A-,PRBC,0,0,0,3,2,0
2026-06-08,HOSP-WB-05,SSKM Hospital & IPGMER,B+,PRBC,0,0,0,40,36,0
2026-06-08,HOSP-WB-05,SSKM Hospital & IPGMER,B-,PRBC,0,0,0,5,4,0
2026-06-08,HOSP-WB-05,SSKM Hospital & IPGMER,AB+,PRBC,0,0,0,15,14,1
2026-06-08,HOSP-WB-05,SSKM Hospital & IPGMER,AB-,PRBC,0,0,1,17,14,0
2026-06-08,HOSP-WB-05,SSKM Hospital & IPGMER,O+,PRBC,0,0,0,64,56,0
2026-06-08,HOSP-WB-05,SSKM Hospital & IPGMER,O-,PRBC,0,0,0,4,3,0
2026-06-09,HOSP-DEL-01,Safdarjung Hospital,A+,PRBC,1,0,0,37,35,0
2026-06-09,HOSP-DEL-01,Safdarjung Hospital,A-,PRBC,1,0,0,4,3,0
2026-06-09,HOSP-DEL-01,Safdarjung Hospital,B+,PRBC,1,0,0,18,15,0
2026-06-09,HOSP-DEL-01,Safdarjung Hospital,B-,PRBC,1,0,0,2,1,0
2026-06-09,HOSP-DEL-01,Safdarjung Hospital,AB+,PRBC,1,0,0,6,5,0
2026-06-09,HOSP-DEL-01,Safdarjung Hospital,AB-,PRBC,1,0,0,1,0,0
2026-06-09,HOSP-DEL-01,Safdarjung Hospital,O+,PRBC,1,0,0,32,27,0
2026-06-09,HOSP-DEL-01,Safdarjung Hospital,O-,PRBC,1,0,0,4,3,0
2026-06-09,HOSP-MAH-02,Lilavati Hospital & Research Centre,A+,PRBC,1,0,0,19,18,0
2026-06-09,HOSP-MAH-02,Lilavati Hospital & Research Centre,A-,PRBC,1,0,0,5,4,0
2026-06-09,HOSP-MAH-02,Lilavati Hospital & Research Centre,B+,PRBC,1,0,0,58,56,0
2026-06-09,HOSP-MAH-02,Lilavati Hospital & Research Centre,B-,PRBC,1,0,0,3,2,0
2026-06-09,HOSP-MAH-02,Lilavati Hospital & Research Centre,AB+,PRBC,1,0,1,11,10,1
2026-06-09,HOSP-MAH-02,Lilavati Hospital & Research Centre,AB-,PRBC,1,0,0,1,0,0
2026-06-09,HOSP-MAH-02,Lilavati Hospital & Research Centre,O+,PRBC,1,0,0,45,41,0
2026-06-09,HOSP-MAH-02,Lilavati Hospital & Research Centre,O-,PRBC,1,0,0,5,4,0
2026-06-09,HOSP-KAR-03,Manipal Hospital Old Airport Road,A+,PRBC,1,0,1,13,12,1
2026-06-09,HOSP-KAR-03,Manipal Hospital Old Airport Road,A-,PRBC,1,0,0,3,2,0
2026-06-09,HOSP-KAR-03,Manipal Hospital Old Airport Road,B+,PRBC,1,0,0,38,36,0
2026-06-09,HOSP-KAR-03,Manipal Hospital Old Airport Road,B-,PRBC,1,0,0,2,1,1
2026-06-09,HOSP-KAR-03,Manipal Hospital Old Airport Road,AB+,PRBC,1,0,0,7,6,0
2026-06-09,HOSP-KAR-03,Manipal Hospital Old Airport Road,AB-,PRBC,1,0,0,2,1,0
2026-06-09,HOSP-KAR-03,Manipal Hospital Old Airport Road,O+,PRBC,1,0,0,70,66,0
2026-06-09,HOSP-KAR-03,Manipal Hospital Old Airport Road,O-,PRBC,1,0,0,1,0,0
2026-06-09,HOSP-TN-04,Apollo Hospitals Greams Road,A+,PRBC,1,0,0,10,8,0
2026-06-09,HOSP-TN-04,Apollo Hospitals Greams Road,A-,PRBC,1,0,0,1,0,0
2026-06-09,HOSP-TN-04,Apollo Hospitals Greams Road,B+,PRBC,1,0,0,18,17,0
2026-06-09,HOSP-TN-04,Apollo Hospitals Greams Road,B-,PRBC,1,0,0,4,3,1
2026-06-09,HOSP-TN-04,Apollo Hospitals Greams Road,AB+,PRBC,1,0,0,5,4,0
2026-06-09,HOSP-TN-04,Apollo Hospitals Greams Road,AB-,PRBC,1,0,0,2,1,0
2026-06-09,HOSP-TN-04,Apollo Hospitals Greams Road,O+,PRBC,1,0,0,31,27,0
2026-06-09,HOSP-TN-04,Apollo Hospitals Greams Road,O-,PRBC,1,0,0,5,4,0
2026-06-09,HOSP-WB-05,SSKM Hospital & IPGMER,A+,PRBC,1,0,0,23,20,0
2026-06-09,HOSP-WB-05,SSKM Hospital & IPGMER,A-,PRBC,1,0,0,1,0,0
2026-06-09,HOSP-WB-05,SSKM Hospital & IPGMER,B+,PRBC,1,0,0,33,31,0
2026-06-09,HOSP-WB-05,SSKM Hospital & IPGMER,B-,PRBC,1,0,0,4,3,0
2026-06-09,HOSP-WB-05,SSKM Hospital & IPGMER,AB+,PRBC,1,0,0,11,10,0
2026-06-09,HOSP-WB-05,SSKM Hospital & IPGMER,AB-,PRBC,1,0,0,3,2,0
2026-06-09,HOSP-WB-05,SSKM Hospital & IPGMER,O+,PRBC,1,0,0,63,54,0
2026-06-09,HOSP-WB-05,SSKM Hospital & IPGMER,O-,PRBC,1,0,0,1,0,1
2026-06-10,HOSP-DEL-01,Safdarjung Hospital,A+,PRBC,2,0,0,51,44,0
2026-06-10,HOSP-DEL-01,Safdarjung Hospital,A-,PRBC,2,0,0,2,1,0
2026-06-10,HOSP-DEL-01,Safdarjung Hospital,B+,PRBC,2,0,0,62,59,0
2026-06-10,HOSP-DEL-01,Safdarjung Hospital,B-,PRBC,2,0,0,6,5,0
2026-06-10,HOSP-DEL-01,Safdarjung Hospital,AB+,PRBC,2,0,0,7,6,0
2026-06-10,HOSP-DEL-01,Safdarjung Hospital,AB-,PRBC,2,0,0,1,0,1
2026-06-10,HOSP-DEL-01,Safdarjung Hospital,O+,PRBC,2,0,0,86,74,0
2026-06-10,HOSP-DEL-01,Safdarjung Hospital,O-,PRBC,2,0,0,8,7,0
2026-06-10,HOSP-MAH-02,Lilavati Hospital & Research Centre,A+,PRBC,2,0,0,34,29,0
2026-06-10,HOSP-MAH-02,Lilavati Hospital & Research Centre,A-,PRBC,2,0,0,4,3,0
2026-06-10,HOSP-MAH-02,Lilavati Hospital & Research Centre,B+,PRBC,2,0,0,72,68,0
2026-06-10,HOSP-MAH-02,Lilavati Hospital & Research Centre,B-,PRBC,2,0,0,3,2,0
2026-06-10,HOSP-MAH-02,Lilavati Hospital & Research Centre,AB+,PRBC,2,0,0,15,14,0
2026-06-10,HOSP-MAH-02,Lilavati Hospital & Research Centre,AB-,PRBC,2,0,0,1,0,0
2026-06-10,HOSP-MAH-02,Lilavati Hospital & Research Centre,O+,PRBC,2,0,0,79,76,0
2026-06-10,HOSP-MAH-02,Lilavati Hospital & Research Centre,O-,PRBC,2,0,0,8,7,0
2026-06-10,HOSP-KAR-03,Manipal Hospital Old Airport Road,A+,PRBC,2,0,0,9,8,0
2026-06-10,HOSP-KAR-03,Manipal Hospital Old Airport Road,A-,PRBC,2,0,0,3,2,0
2026-06-10,HOSP-KAR-03,Manipal Hospital Old Airport Road,B+,PRBC,2,0,0,39,38,0
2026-06-10,HOSP-KAR-03,Manipal Hospital Old Airport Road,B-,PRBC,2,0,0,3,2,0
2026-06-10,HOSP-KAR-03,Manipal Hospital Old Airport Road,AB+,PRBC,2,0,0,7,6,1
2026-06-10,HOSP-KAR-03,Manipal Hospital Old Airport Road,AB-,PRBC,2,0,0,1,0,0
2026-06-10,HOSP-KAR-03,Manipal Hospital Old Airport Road,O+,PRBC,2,0,0,76,65,0
2026-06-10,HOSP-KAR-03,Manipal Hospital Old Airport Road,O-,PRBC,2,0,0,6,5,0
2026-06-10,HOSP-TN-04,Apollo Hospitals Greams Road,A+,PRBC,2,0,0,19,18,1
2026-06-10,HOSP-TN-04,Apollo Hospitals Greams Road,A-,PRBC,2,0,0,1,0,0
2026-06-10,HOSP-TN-04,Apollo Hospitals Greams Road,B+,PRBC,2,0,0,64,54,0
2026-06-10,HOSP-TN-04,Apollo Hospitals Greams Road,B-,PRBC,2,0,0,3,2,0
2026-06-10,HOSP-TN-04,Apollo Hospitals Greams Road,AB+,PRBC,2,0,0,13,11,0
2026-06-10,HOSP-TN-04,Apollo Hospitals Greams Road,AB-,PRBC,2,0,0,1,0,0
2026-06-10,HOSP-TN-04,Apollo Hospitals Greams Road,O+,PRBC,2,0,1,82,74,0
2026-06-10,HOSP-TN-04,Apollo Hospitals Greams Road,O-,PRBC,2,0,1,17,16,0
2026-06-10,HOSP-WB-05,SSKM Hospital & IPGMER,A+,PRBC,2,0,0,16,14,0
2026-06-10,HOSP-WB-05,SSKM Hospital & IPGMER,A-,PRBC,2,0,0,2,1,0
2026-06-10,HOSP-WB-05,SSKM Hospital & IPGMER,B+,PRBC,2,0,0,50,47,0
2026-06-10,HOSP-WB-05,SSKM Hospital & IPGMER,B-,PRBC,2,0,0,6,5,0
2026-06-10,HOSP-WB-05,SSKM Hospital & IPGMER,AB+,PRBC,2,0,0,11,9,0
2026-06-10,HOSP-WB-05,SSKM Hospital & IPGMER,AB-,PRBC,2,0,0,2,1,0
2026-06-10,HOSP-WB-05,SSKM Hospital & IPGMER,O+,PRBC,2,0,0,62,55,0
2026-06-10,HOSP-WB-05,SSKM Hospital & IPGMER,O-,PRBC,2,0,0,4,3,0
2026-06-11,HOSP-DEL-01,Safdarjung Hospital,A+,PRBC,3,0,0,26,22,0
2026-06-11,HOSP-DEL-01,Safdarjung Hospital,A-,PRBC,3,0,0,1,0,0
2026-06-11,HOSP-DEL-01,Safdarjung Hospital,B+,PRBC,3,0,0,43,39,2
2026-06-11,HOSP-DEL-01,Safdarjung Hospital,B-,PRBC,3,0,0,4,3,0
2026-06-11,HOSP-DEL-01,Safdarjung Hospital,AB+,PRBC,3,0,0,9,8,0
2026-06-11,HOSP-DEL-01,Safdarjung Hospital,AB-,PRBC,3,0,0,1,0,0
2026-06-11,HOSP-DEL-01,Safdarjung Hospital,O+,PRBC,3,0,0,84,81,0
2026-06-11,HOSP-DEL-01,Safdarjung Hospital,O-,PRBC,3,0,0,8,7,0
2026-06-11,HOSP-MAH-02,Lilavati Hospital & Research Centre,A+,PRBC,3,0,0,42,38,0
2026-06-11,HOSP-MAH-02,Lilavati Hospital & Research Centre,A-,PRBC,3,0,0,1,0,0
2026-06-11,HOSP-MAH-02,Lilavati Hospital & Research Centre,B+,PRBC,3,0,0,71,60,0
2026-06-11,HOSP-MAH-02,Lilavati Hospital & Research Centre,B-,PRBC,3,0,0,2,1,0
2026-06-11,HOSP-MAH-02,Lilavati Hospital & Research Centre,AB+,PRBC,3,0,0,10,9,0
2026-06-11,HOSP-MAH-02,Lilavati Hospital & Research Centre,AB-,PRBC,3,0,0,4,3,0
2026-06-11,HOSP-MAH-02,Lilavati Hospital & Research Centre,O+,PRBC,3,0,0,58,53,0
2026-06-11,HOSP-MAH-02,Lilavati Hospital & Research Centre,O-,PRBC,3,0,0,6,5,0
2026-06-11,HOSP-KAR-03,Manipal Hospital Old Airport Road,A+,PRBC,3,0,0,35,32,0
2026-06-11,HOSP-KAR-03,Manipal Hospital Old Airport Road,A-,PRBC,3,0,0,2,1,0
2026-06-11,HOSP-KAR-03,Manipal Hospital Old Airport Road,B+,PRBC,3,0,0,35,33,0
2026-06-11,HOSP-KAR-03,Manipal Hospital Old Airport Road,B-,PRBC,3,0,0,2,1,1
2026-06-11,HOSP-KAR-03,Manipal Hospital Old Airport Road,AB+,PRBC,3,0,0,6,5,0
2026-06-11,HOSP-KAR-03,Manipal Hospital Old Airport Road,AB-,PRBC,3,0,0,1,0,0
2026-06-11,HOSP-KAR-03,Manipal Hospital Old Airport Road,O+,PRBC,3,0,0,29,27,0
2026-06-11,HOSP-KAR-03,Manipal Hospital Old Airport Road,O-,PRBC,3,0,0,5,4,0
2026-06-11,HOSP-TN-04,Apollo Hospitals Greams Road,A+,PRBC,3,0,0,27,24,0
2026-06-11,HOSP-TN-04,Apollo Hospitals Greams Road,A-,PRBC,3,0,0,4,3,0
2026-06-11,HOSP-TN-04,Apollo Hospitals Greams Road,B+,PRBC,3,0,0,38,32,0
2026-06-11,HOSP-TN-04,Apollo Hospitals Greams Road,B-,PRBC,3,0,0,5,4,0
2026-06-11,HOSP-TN-04,Apollo Hospitals Greams Road,AB+,PRBC,3,0,0,18,15,0
2026-06-11,HOSP-TN-04,Apollo Hospitals Greams Road,AB-,PRBC,3,0,0,2,1,0
2026-06-11,HOSP-TN-04,Apollo Hospitals Greams Road,O+,PRBC,3,0,0,37,33,0
2026-06-11,HOSP-TN-04,Apollo Hospitals Greams Road,O-,PRBC,3,0,0,1,0,0
2026-06-11,HOSP-WB-05,SSKM Hospital & IPGMER,A+,PRBC,3,0,0,18,17,0
2026-06-11,HOSP-WB-05,SSKM Hospital & IPGMER,A-,PRBC,3,0,0,1,0,2
2026-06-11,HOSP-WB-05,SSKM Hospital & IPGMER,B+,PRBC,3,0,0,57,50,0
2026-06-11,HOSP-WB-05,SSKM Hospital & IPGMER,B-,PRBC,3,0,0,5,4,0
2026-06-11,HOSP-WB-05,SSKM Hospital & IPGMER,AB+,PRBC,3,0,0,3,2,1
2026-06-11,HOSP-WB-05,SSKM Hospital & IPGMER,AB-,PRBC,3,0,0,1,0,0
2026-06-11,HOSP-WB-05,SSKM Hospital & IPGMER,O+,PRBC,3,0,0,69,67,0
2026-06-11,HOSP-WB-05,SSKM Hospital & IPGMER,O-,PRBC,3,0,0,1,0,0
2026-06-12,HOSP-DEL-01,Safdarjung Hospital,A+,PRBC,4,0,0,14,11,0
2026-06-12,HOSP-DEL-01,Safdarjung Hospital,A-,PRBC,4,0,0,3,2,0
2026-06-12,HOSP-DEL-01,Safdarjung Hospital,B+,PRBC,4,0,0,66,60,0
2026-06-12,HOSP-DEL-01,Safdarjung Hospital,B-,PRBC,4,0,0,3,2,0
2026-06-12,HOSP-DEL-01,Safdarjung Hospital,AB+,PRBC,4,0,0,8,7,0
2026-06-12,HOSP-DEL-01,Safdarjung Hospital,AB-,PRBC,4,0,0,2,1,0
2026-06-12,HOSP-DEL-01,Safdarjung Hospital,O+,PRBC,4,0,0,29,27,0
2026-06-12,HOSP-DEL-01,Safdarjung Hospital,O-,PRBC,4,0,0,2,1,0
2026-06-12,HOSP-MAH-02,Lilavati Hospital & Research Centre,A+,PRBC,4,0,0,19,17,1
2026-06-12,HOSP-MAH-02,Lilavati Hospital & Research Centre,A-,PRBC,4,0,0,5,4,0
2026-06-12,HOSP-MAH-02,Lilavati Hospital & Research Centre,B+,PRBC,4,0,0,43,40,0
2026-06-12,HOSP-MAH-02,Lilavati Hospital & Research Centre,B-,PRBC,4,0,0,2,1,0
2026-06-12,HOSP-MAH-02,Lilavati Hospital & Research Centre,AB+,PRBC,4,0,0,8,7,0
2026-06-12,HOSP-MAH-02,Lilavati Hospital & Research Centre,AB-,PRBC,4,0,0,2,1,0
2026-06-12,HOSP-MAH-02,Lilavati Hospital & Research Centre,O+,PRBC,4,0,0,75,67,0
2026-06-12,HOSP-MAH-02,Lilavati Hospital & Research Centre,O-,PRBC,4,0,0,1,0,0
2026-06-12,HOSP-KAR-03,Manipal Hospital Old Airport Road,A+,PRBC,4,0,0,20,18,0
2026-06-12,HOSP-KAR-03,Manipal Hospital Old Airport Road,A-,PRBC,4,0,0,2,1,0
2026-06-12,HOSP-KAR-03,Manipal Hospital Old Airport Road,B+,PRBC,4,0,0,44,41,0
2026-06-12,HOSP-KAR-03,Manipal Hospital Old Airport Road,B-,PRBC,4,0,0,7,6,0
2026-06-12,HOSP-KAR-03,Manipal Hospital Old Airport Road,AB+,PRBC,4,0,0,18,15,1
2026-06-12,HOSP-KAR-03,Manipal Hospital Old Airport Road,AB-,PRBC,4,0,1,6,5,0
2026-06-12,HOSP-KAR-03,Manipal Hospital Old Airport Road,O+,PRBC,4,0,0,26,24,0
2026-06-12,HOSP-KAR-03,Manipal Hospital Old Airport Road,O-,PRBC,4,0,0,5,4,0
2026-06-12,HOSP-TN-04,Apollo Hospitals Greams Road,A+,PRBC,4,0,0,22,20,0
2026-06-12,HOSP-TN-04,Apollo Hospitals Greams Road,A-,PRBC,4,0,1,7,6,0
2026-06-12,HOSP-TN-04,Apollo Hospitals Greams Road,B+,PRBC,4,0,0,38,33,0
2026-06-12,HOSP-TN-04,Apollo Hospitals Greams Road,B-,PRBC,4,0,0,4,3,0
2026-06-12,HOSP-TN-04,Apollo Hospitals Greams Road,AB+,PRBC,4,0,0,19,17,0
2026-06-12,HOSP-TN-04,Apollo Hospitals Greams Road,AB-,PRBC,4,0,0,2,1,1
2026-06-12,HOSP-TN-04,Apollo Hospitals Greams Road,O+,PRBC,4,0,0,52,46,0
2026-06-12,HOSP-TN-04,Apollo Hospitals Greams Road,O-,PRBC,4,0,0,5,4,0
2026-06-12,HOSP-WB-05,SSKM Hospital & IPGMER,A+,PRBC,4,0,0,28,24,0
2026-06-12,HOSP-WB-05,SSKM Hospital & IPGMER,A-,PRBC,4,0,0,3,2,0
2026-06-12,HOSP-WB-05,SSKM Hospital & IPGMER,B+,PRBC,4,0,1,43,41,0
2026-06-12,HOSP-WB-05,SSKM Hospital & IPGMER,B-,PRBC,4,0,0,5,4,0
2026-06-12,HOSP-WB-05,SSKM Hospital & IPGMER,AB+,PRBC,4,0,0,15,13,0
2026-06-12,HOSP-WB-05,SSKM Hospital & IPGMER,AB-,PRBC,4,0,0,1,0,0
2026-06-12,HOSP-WB-05,SSKM Hospital & IPGMER,O+,PRBC,4,0,0,51,44,1
2026-06-12,HOSP-WB-05,SSKM Hospital & IPGMER,O-,PRBC,4,0,0,5,4,0
2026-06-13,HOSP-DEL-01,Safdarjung Hospital,A+,PRBC,5,1,0,16,15,1
2026-06-13,HOSP-DEL-01,Safdarjung Hospital,A-,PRBC,5,1,0,2,1,0
2026-06-13,HOSP-DEL-01,Safdarjung Hospital,B+,PRBC,5,1,0,92,83,0
2026-06-13,HOSP-DEL-01,Safdarjung Hospital,B-,PRBC,5,1,0,3,2,0
2026-06-13,HOSP-DEL-01,Safdarjung Hospital,AB+,PRBC,5,1,1,21,19,0
2026-06-13,HOSP-DEL-01,Safdarjung Hospital,AB-,PRBC,5,1,0,1,0,0
2026-06-13,HOSP-DEL-01,Safdarjung Hospital,O+,PRBC,5,1,0,57,49,0
2026-06-13,HOSP-DEL-01,Safdarjung Hospital,O-,PRBC,5,1,0,3,2,0
2026-06-13,HOSP-MAH-02,Lilavati Hospital & Research Centre,A+,PRBC,5,1,0,49,48,0
2026-06-13,HOSP-MAH-02,Lilavati Hospital & Research Centre,A-,PRBC,5,1,0,5,4,0
2026-06-13,HOSP-MAH-02,Lilavati Hospital & Research Centre,B+,PRBC,5,1,0,80,72,0
2026-06-13,HOSP-MAH-02,Lilavati Hospital & Research Centre,B-,PRBC,5,1,0,1,0,0
2026-06-13,HOSP-MAH-02,Lilavati Hospital & Research Centre,AB+,PRBC,5,1,0,12,10,0
2026-06-13,HOSP-MAH-02,Lilavati Hospital & Research Centre,AB-,PRBC,5,1,0,1,0,0
2026-06-13,HOSP-MAH-02,Lilavati Hospital & Research Centre,O+,PRBC,5,1,0,87,80,2
2026-06-13,HOSP-MAH-02,Lilavati Hospital & Research Centre,O-,PRBC,5,1,0,7,6,0
2026-06-13,HOSP-KAR-03,Manipal Hospital Old Airport Road,A+,PRBC,5,1,0,29,28,1
2026-06-13,HOSP-KAR-03,Manipal Hospital Old Airport Road,A-,PRBC,5,1,0,4,3,0
2026-06-13,HOSP-KAR-03,Manipal Hospital Old Airport Road,B+,PRBC,5,1,0,62,58,0
2026-06-13,HOSP-KAR-03,Manipal Hospital Old Airport Road,B-,PRBC,5,1,0,4,3,0
2026-06-13,HOSP-KAR-03,Manipal Hospital Old Airport Road,AB+,PRBC,5,1,0,16,14,2
2026-06-13,HOSP-KAR-03,Manipal Hospital Old Airport Road,AB-,PRBC,5,1,1,15,14,0
2026-06-13,HOSP-KAR-03,Manipal Hospital Old Airport Road,O+,PRBC,5,1,0,96,94,0
2026-06-13,HOSP-KAR-03,Manipal Hospital Old Airport Road,O-,PRBC,5,1,0,10,9,0
2026-06-13,HOSP-TN-04,Apollo Hospitals Greams Road,A+,PRBC,5,1,0,50,44,0
2026-06-13,HOSP-TN-04,Apollo Hospitals Greams Road,A-,PRBC,5,1,0,5,4,0
2026-06-13,HOSP-TN-04,Apollo Hospitals Greams Road,B+,PRBC,5,1,0,89,77,0
2026-06-13,HOSP-TN-04,Apollo Hospitals Greams Road,B-,PRBC,5,1,0,1,0,0
2026-06-13,HOSP-TN-04,Apollo Hospitals Greams Road,AB+,PRBC,5,1,0,25,23,0
2026-06-13,HOSP-TN-04,Apollo Hospitals Greams Road,AB-,PRBC,5,1,0,3,2,0
2026-06-13,HOSP-TN-04,Apollo Hospitals Greams Road,O+,PRBC,5,1,0,74,64,0
2026-06-13,HOSP-TN-04,Apollo Hospitals Greams Road,O-,PRBC,5,1,0,7,6,0
2026-06-13,HOSP-WB-05,SSKM Hospital & IPGMER,A+,PRBC,5,1,0,65,56,0
2026-06-13,HOSP-WB-05,SSKM Hospital & IPGMER,A-,PRBC,5,1,1,11,10,1
2026-06-13,HOSP-WB-05,SSKM Hospital & IPGMER,B+,PRBC,5,1,0,70,59,1
2026-06-13,HOSP-WB-05,SSKM Hospital & IPGMER,B-,PRBC,5,1,1,14,13,0
2026-06-13,HOSP-WB-05,SSKM Hospital & IPGMER,AB+,PRBC,5,1,0,21,20,0
2026-06-13,HOSP-WB-05,SSKM Hospital & IPGMER,AB-,PRBC,5,1,0,1,0,0
2026-06-13,HOSP-WB-05,SSKM Hospital & IPGMER,O+,PRBC,5,1,0,95,87,1
2026-06-13,HOSP-WB-05,SSKM Hospital & IPGMER,O-,PRBC,5,1,0,4,3,0
2026-06-14,HOSP-DEL-01,Safdarjung Hospital,A+,PRBC,6,1,1,61,53,0
2026-06-14,HOSP-DEL-01,Safdarjung Hospital,A-,PRBC,6,1,0,2,1,0
2026-06-14,HOSP-DEL-01,Safdarjung Hospital,B+,PRBC,6,1,0,49,47,0
2026-06-14,HOSP-DEL-01,Safdarjung Hospital,B-,PRBC,6,1,0,4,3,0
2026-06-14,HOSP-DEL-01,Safdarjung Hospital,AB+,PRBC,6,1,0,4,3,2
2026-06-14,HOSP-DEL-01,Safdarjung Hospital,AB-,PRBC,6,1,0,1,0,0
2026-06-14,HOSP-DEL-01,Safdarjung Hospital,O+,PRBC,6,1,0,76,69,1
2026-06-14,HOSP-DEL-01,Safdarjung Hospital,O-,PRBC,6,1,0,9,8,1
2026-06-14,HOSP-MAH-02,Lilavati Hospital & Research Centre,A+,PRBC,6,1,0,21,18,0
2026-06-14,HOSP-MAH-02,Lilavati Hospital & Research Centre,A-,PRBC,6,1,1,11,9,0
2026-06-14,HOSP-MAH-02,Lilavati Hospital & Research Centre,B+,PRBC,6,1,0,73,71,0
2026-06-14,HOSP-MAH-02,Lilavati Hospital & Research Centre,B-,PRBC,6,1,0,8,7,0
2026-06-14,HOSP-MAH-02,Lilavati Hospital & Research Centre,AB+,PRBC,6,1,0,26,22,1
2026-06-14,HOSP-MAH-02,Lilavati Hospital & Research Centre,AB-,PRBC,6,1,0,1,0,2
2026-06-14,HOSP-MAH-02,Lilavati Hospital & Research Centre,O+,PRBC,6,1,0,34,31,0
2026-06-14,HOSP-MAH-02,Lilavati Hospital & Research Centre,O-,PRBC,6,1,0,2,1,0
2026-06-14,HOSP-KAR-03,Manipal Hospital Old Airport Road,A+,PRBC,6,1,0,47,42,0
2026-06-14,HOSP-KAR-03,Manipal Hospital Old Airport Road,A-,PRBC,6,1,0,4,3,0
2026-06-14,HOSP-KAR-03,Manipal Hospital Old Airport Road,B+,PRBC,6,1,0,74,68,0
2026-06-14,HOSP-KAR-03,Manipal Hospital Old Airport Road,B-,PRBC,6,1,0,7,6,0
2026-06-14,HOSP-KAR-03,Manipal Hospital Old Airport Road,AB+,PRBC,6,1,0,18,16,0
2026-06-14,HOSP-KAR-03,Manipal Hospital Old Airport Road,AB-,PRBC,6,1,0,1,0,0
2026-06-14,HOSP-KAR-03,Manipal Hospital Old Airport Road,O+,PRBC,6,1,0,57,52,1
2026-06-14,HOSP-KAR-03,Manipal Hospital Old Airport Road,O-,PRBC,6,1,0,11,10,1
2026-06-14,HOSP-TN-04,Apollo Hospitals Greams Road,A+,PRBC,6,1,0,55,49,0
2026-06-14,HOSP-TN-04,Apollo Hospitals Greams Road,A-,PRBC,6,1,0,2,1,0
2026-06-14,HOSP-TN-04,Apollo Hospitals Greams Road,B+,PRBC,6,1,1,70,63,0
2026-06-14,HOSP-TN-04,Apollo Hospitals Greams Road,B-,PRBC,6,1,0,5,4,1
2026-06-14,HOSP-TN-04,Apollo Hospitals Greams Road,AB+,PRBC,6,1,1,39,37,0
2026-06-14,HOSP-TN-04,Apollo Hospitals Greams Road,AB-,PRBC,6,1,0,2,1,0
2026-06-14,HOSP-TN-04,Apollo Hospitals Greams Road,O+,PRBC,6,1,0,33,30,0
2026-06-14,HOSP-TN-04,Apollo Hospitals Greams Road,O-,PRBC,6,1,0,8,7,0
2026-06-14,HOSP-WB-05,SSKM Hospital & IPGMER,A+,PRBC,6,1,0,22,19,0
2026-06-14,HOSP-WB-05,SSKM Hospital & IPGMER,A-,PRBC,6,1,0,4,3,0
2026-06-14,HOSP-WB-05,SSKM Hospital & IPGMER,B+,PRBC,6,1,0,52,44,1
2026-06-14,HOSP-WB-05,SSKM Hospital & IPGMER,B-,PRBC,6,1,0,4,3,0
2026-06-14,HOSP-WB-05,SSKM Hospital & IPGMER,AB+,PRBC,6,1,0,5,4,0
2026-06-14,HOSP-WB-05,SSKM Hospital & IPGMER,AB-,PRBC,6,1,0,1,0,0
2026-06-14,HOSP-WB-05,SSKM Hospital & IPGMER,O+,PRBC,6,1,0,65,59,0
2026-06-14,HOSP-WB-05,SSKM Hospital & IPGMER,O-,PRBC,6,1,0,4,3,0
2026-06-15,HOSP-DEL-01,Safdarjung Hospital,A+,PRBC,0,0,0,19,18,0
2026-06-15,HOSP-DEL-01,Safdarjung Hospital,A-,PRBC,0,0,0,1,0,0
2026-06-15,HOSP-DEL-01,Safdarjung Hospital,B+,PRBC,0,0,0,38,35,0
2026-06-15,HOSP-DEL-01,Safdarjung Hospital,B-,PRBC,0,0,0,2,1,0
2026-06-15,HOSP-DEL-01,Safdarjung Hospital,AB+,PRBC,0,0,0,18,17,0
2026-06-15,HOSP-DEL-01,Safdarjung Hospital,AB-,PRBC,0,0,0,1,0,0
2026-06-15,HOSP-DEL-01,Safdarjung Hospital,O+,PRBC,0,0,0,21,20,1
2026-06-15,HOSP-DEL-01,Safdarjung Hospital,O-,PRBC,0,0,0,7,6,0
2026-06-15,HOSP-MAH-02,Lilavati Hospital & Research Centre,A+,PRBC,0,0,1,28,23,0
2026-06-15,HOSP-MAH-02,Lilavati Hospital & Research Centre,A-,PRBC,0,0,0,6,5,0
2026-06-15,HOSP-MAH-02,Lilavati Hospital & Research Centre,B+,PRBC,0,0,0,16,13,0
2026-06-15,HOSP-MAH-02,Lilavati Hospital & Research Centre,B-,PRBC,0,0,0,1,0,0
2026-06-15,HOSP-MAH-02,Lilavati Hospital & Research Centre,AB+,PRBC,0,0,0,12,10,0
2026-06-15,HOSP-MAH-02,Lilavati Hospital & Research Centre,AB-,PRBC,0,0,0,1,0,0
2026-06-15,HOSP-MAH-02,Lilavati Hospital & Research Centre,O+,PRBC,0,0,0,36,35,0
2026-06-15,HOSP-MAH-02,Lilavati Hospital & Research Centre,O-,PRBC,0,0,0,8,7,0
2026-06-15,HOSP-KAR-03,Manipal Hospital Old Airport Road,A+,PRBC,0,0,0,45,40,0
2026-06-15,HOSP-KAR-03,Manipal Hospital Old Airport Road,A-,PRBC,0,0,0,1,0,0
2026-06-15,HOSP-KAR-03,Manipal Hospital Old Airport Road,B+,PRBC,0,0,0,59,55,1
2026-06-15,HOSP-KAR-03,Manipal Hospital Old Airport Road,B-,PRBC,0,0,0,2,1,0
2026-06-15,HOSP-KAR-03,Manipal Hospital Old Airport Road,AB+,PRBC,0,0,0,7,6,0
2026-06-15,HOSP-KAR-03,Manipal Hospital Old Airport Road,AB-,PRBC,0,0,0,2,1,1
2026-06-15,HOSP-KAR-03,Manipal Hospital Old Airport Road,O+,PRBC,0,0,0,25,24,0
2026-06-15,HOSP-KAR-03,Manipal Hospital Old Airport Road,O-,PRBC,0,0,0,4,3,0
2026-06-15,HOSP-TN-04,Apollo Hospitals Greams Road,A+,PRBC,0,0,0,12,10,0
2026-06-15,HOSP-TN-04,Apollo Hospitals Greams Road,A-,PRBC,0,0,0,1,0,0
2026-06-15,HOSP-TN-04,Apollo Hospitals Greams Road,B+,PRBC,0,0,0,22,21,0
2026-06-15,HOSP-TN-04,Apollo Hospitals Greams Road,B-,PRBC,0,0,0,3,2,0
2026-06-15,HOSP-TN-04,Apollo Hospitals Greams Road,AB+,PRBC,0,0,0,11,10,0
2026-06-15,HOSP-TN-04,Apollo Hospitals Greams Road,AB-,PRBC,0,0,0,4,3,0
2026-06-15,HOSP-TN-04,Apollo Hospitals Greams Road,O+,PRBC,0,0,0,86,76,0
2026-06-15,HOSP-TN-04,Apollo Hospitals Greams Road,O-,PRBC,0,0,0,7,6,0
2026-06-15,HOSP-WB-05,SSKM Hospital & IPGMER,A+,PRBC,0,0,0,15,13,0
2026-06-15,HOSP-WB-05,SSKM Hospital & IPGMER,A-,PRBC,0,0,0,1,0,0
2026-06-15,HOSP-WB-05,SSKM Hospital & IPGMER,B+,PRBC,0,0,0,50,44,0
2026-06-15,HOSP-WB-05,SSKM Hospital & IPGMER,B-,PRBC,0,0,0,4,3,0
2026-06-15,HOSP-WB-05,SSKM Hospital & IPGMER,AB+,PRBC,0,0,0,18,17,0
2026-06-15,HOSP-WB-05,SSKM Hospital & IPGMER,AB-,PRBC,0,0,0,2,1,0
2026-06-15,HOSP-WB-05,SSKM Hospital & IPGMER,O+,PRBC,0,0,1,37,31,0
2026-06-15,HOSP-WB-05,SSKM Hospital & IPGMER,O-,PRBC,0,0,0,3,2,0
2026-06-16,HOSP-DEL-01,Safdarjung Hospital,A+,PRBC,1,0,0,39,33,0
2026-06-16,HOSP-DEL-01,Safdarjung Hospital,A-,PRBC,1,0,0,4,3,0
2026-06-16,HOSP-DEL-01,Safdarjung Hospital,B+,PRBC,1,0,0,38,36,0
2026-06-16,HOSP-DEL-01,Safdarjung Hospital,B-,PRBC,1,0,0,5,4,0
2026-06-16,HOSP-DEL-01,Safdarjung Hospital,AB+,PRBC,1,0,0,10,8,0
2026-06-16,HOSP-DEL-01,Safdarjung Hospital,AB-,PRBC,1,0,1,6,5,0
2026-06-16,HOSP-DEL-01,Safdarjung Hospital,O+,PRBC,1,0,1,93,83,0
2026-06-16,HOSP-DEL-01,Safdarjung Hospital,O-,PRBC,1,0,0,6,5,0
2026-06-16,HOSP-MAH-02,Lilavati Hospital & Research Centre,A+,PRBC,1,0,0,26,24,0
2026-06-16,HOSP-MAH-02,Lilavati Hospital & Research Centre,A-,PRBC,1,0,0,5,4,0
2026-06-16,HOSP-MAH-02,Lilavati Hospital & Research Centre,B+,PRBC,1,0,0,73,64,1
2026-06-16,HOSP-MAH-02,Lilavati Hospital & Research Centre,B-,PRBC,1,0,0,2,1,2
2026-06-16,HOSP-MAH-02,Lilavati Hospital & Research Centre,AB+,PRBC,1,0,0,11,9,0
2026-06-16,HOSP-MAH-02,Lilavati Hospital & Research Centre,AB-,PRBC,1,0,0,1,0,0
2026-06-16,HOSP-MAH-02,Lilavati Hospital & Research Centre,O+,PRBC,1,0,0,37,34,1
2026-06-16,HOSP-MAH-02,Lilavati Hospital & Research Centre,O-,PRBC,1,0,0,1,0,0
2026-06-16,HOSP-KAR-03,Manipal Hospital Old Airport Road,A+,PRBC,1,0,0,34,33,0
2026-06-16,HOSP-KAR-03,Manipal Hospital Old Airport Road,A-,PRBC,1,0,1,8,7,0
2026-06-16,HOSP-KAR-03,Manipal Hospital Old Airport Road,B+,PRBC,1,0,0,41,36,0
2026-06-16,HOSP-KAR-03,Manipal Hospital Old Airport Road,B-,PRBC,1,0,0,2,1,0
2026-06-16,HOSP-KAR-03,Manipal Hospital Old Airport Road,AB+,PRBC,1,0,0,9,8,0
2026-06-16,HOSP-KAR-03,Manipal Hospital Old Airport Road,AB-,PRBC,1,0,0,1,0,1
2026-06-16,HOSP-KAR-03,Manipal Hospital Old Airport Road,O+,PRBC,1,0,0,44,39,0
2026-06-16,HOSP-KAR-03,Manipal Hospital Old Airport Road,O-,PRBC,1,0,1,11,10,0
2026-06-16,HOSP-TN-04,Apollo Hospitals Greams Road,A+,PRBC,1,0,1,39,36,0
2026-06-16,HOSP-TN-04,Apollo Hospitals Greams Road,A-,PRBC,1,0,0,3,2,0
2026-06-16,HOSP-TN-04,Apollo Hospitals Greams Road,B+,PRBC,1,0,0,57,48,0
2026-06-16,HOSP-TN-04,Apollo Hospitals Greams Road,B-,PRBC,1,0,0,3,2,1
2026-06-16,HOSP-TN-04,Apollo Hospitals Greams Road,AB+,PRBC,1,0,0,17,16,0
2026-06-16,HOSP-TN-04,Apollo Hospitals Greams Road,AB-,PRBC,1,0,0,3,2,0
2026-06-16,HOSP-TN-04,Apollo Hospitals Greams Road,O+,PRBC,1,0,0,22,19,0
2026-06-16,HOSP-TN-04,Apollo Hospitals Greams Road,O-,PRBC,1,0,0,6,5,0
2026-06-16,HOSP-WB-05,SSKM Hospital & IPGMER,A+,PRBC,1,0,0,24,22,0
2026-06-16,HOSP-WB-05,SSKM Hospital & IPGMER,A-,PRBC,1,0,1,12,11,0
2026-06-16,HOSP-WB-05,SSKM Hospital & IPGMER,B+,PRBC,1,0,0,27,25,0
2026-06-16,HOSP-WB-05,SSKM Hospital & IPGMER,B-,PRBC,1,0,0,1,0,0
2026-06-16,HOSP-WB-05,SSKM Hospital & IPGMER,AB+,PRBC,1,0,0,6,5,0
2026-06-16,HOSP-WB-05,SSKM Hospital & IPGMER,AB-,PRBC,1,0,0,1,0,1
2026-06-16,HOSP-WB-05,SSKM Hospital & IPGMER,O+,PRBC,1,0,0,31,30,0
2026-06-16,HOSP-WB-05,SSKM Hospital & IPGMER,O-,PRBC,1,0,0,4,3,0
2026-06-17,HOSP-DEL-01,Safdarjung Hospital,A+,PRBC,2,0,0,27,26,0
2026-06-17,HOSP-DEL-01,Safdarjung Hospital,A-,PRBC,2,0,0,1,0,0
2026-06-17,HOSP-DEL-01,Safdarjung Hospital,B+,PRBC,2,0,0,28,26,0
2026-06-17,HOSP-DEL-01,Safdarjung Hospital,B-,PRBC,2,0,0,6,5,1
2026-06-17,HOSP-DEL-01,Safdarjung Hospital,AB+,PRBC,2,0,0,18,17,0
2026-06-17,HOSP-DEL-01,Safdarjung Hospital,AB-,PRBC,2,0,0,1,0,0
2026-06-17,HOSP-DEL-01,Safdarjung Hospital,O+,PRBC,2,0,0,73,68,1
2026-06-17,HOSP-DEL-01,Safdarjung Hospital,O-,PRBC,2,0,0,5,4,0
2026-06-17,HOSP-MAH-02,Lilavati Hospital & Research Centre,A+,PRBC,2,0,0,33,28,0
2026-06-17,HOSP-MAH-02,Lilavati Hospital & Research Centre,A-,PRBC,2,0,0,6,5,1
2026-06-17,HOSP-MAH-02,Lilavati Hospital & Research Centre,B+,PRBC,2,0,0,51,47,0
2026-06-17,HOSP-MAH-02,Lilavati Hospital & Research Centre,B-,PRBC,2,0,0,3,2,0
2026-06-17,HOSP-MAH-02,Lilavati Hospital & Research Centre,AB+,PRBC,2,0,1,23,22,0
2026-06-17,HOSP-MAH-02,Lilavati Hospital & Research Centre,AB-,PRBC,2,0,0,2,1,0
2026-06-17,HOSP-MAH-02,Lilavati Hospital & Research Centre,O+,PRBC,2,0,0,53,48,1
2026-06-17,HOSP-MAH-02,Lilavati Hospital & Research Centre,O-,PRBC,2,0,0,1,0,0
2026-06-17,HOSP-KAR-03,Manipal Hospital Old Airport Road,A+,PRBC,2,0,0,16,15,0
2026-06-17,HOSP-KAR-03,Manipal Hospital Old Airport Road,A-,PRBC,2,0,0,1,0,2
2026-06-17,HOSP-KAR-03,Manipal Hospital Old Airport Road,B+,PRBC,2,0,1,38,36,0
2026-06-17,HOSP-KAR-03,Manipal Hospital Old Airport Road,B-,PRBC,2,0,0,2,1,0
2026-06-17,HOSP-KAR-03,Manipal Hospital Old Airport Road,AB+,PRBC,2,0,0,14,13,0
2026-06-17,HOSP-KAR-03,Manipal Hospital Old Airport Road,AB-,PRBC,2,0,0,3,2,0
2026-06-17,HOSP-KAR-03,Manipal Hospital Old Airport Road,O+,PRBC,2,0,0,59,56,2
2026-06-17,HOSP-KAR-03,Manipal Hospital Old Airport Road,O-,PRBC,2,0,0,5,4,0
2026-06-17,HOSP-TN-04,Apollo Hospitals Greams Road,A+,PRBC,2,0,0,19,17,0
2026-06-17,HOSP-TN-04,Apollo Hospitals Greams Road,A-,PRBC,2,0,0,1,0,0
2026-06-17,HOSP-TN-04,Apollo Hospitals Greams Road,B+,PRBC,2,0,0,30,26,0
2026-06-17,HOSP-TN-04,Apollo Hospitals Greams Road,B-,PRBC,2,0,0,1,0,0
2026-06-17,HOSP-TN-04,Apollo Hospitals Greams Road,AB+,PRBC,2,0,0,8,7,0
2026-06-17,HOSP-TN-04,Apollo Hospitals Greams Road,AB-,PRBC,2,0,0,1,0,0
2026-06-17,HOSP-TN-04,Apollo Hospitals Greams Road,O+,PRBC,2,0,0,34,31,2
2026-06-17,HOSP-TN-04,Apollo Hospitals Greams Road,O-,PRBC,2,0,1,11,10,0
2026-06-17,HOSP-WB-05,SSKM Hospital & IPGMER,A+,PRBC,2,0,0,14,12,0
2026-06-17,HOSP-WB-05,SSKM Hospital & IPGMER,A-,PRBC,2,0,0,3,2,0
2026-06-17,HOSP-WB-05,SSKM Hospital & IPGMER,B+,PRBC,2,0,1,79,78,1
2026-06-17,HOSP-WB-05,SSKM Hospital & IPGMER,B-,PRBC,2,0,0,1,0,0
2026-06-17,HOSP-WB-05,SSKM Hospital & IPGMER,AB+,PRBC,2,0,0,7,6,0
2026-06-17,HOSP-WB-05,SSKM Hospital & IPGMER,AB-,PRBC,2,0,1,18,15,1
2026-06-17,HOSP-WB-05,SSKM Hospital & IPGMER,O+,PRBC,2,0,0,30,29,0
2026-06-17,HOSP-WB-05,SSKM Hospital & IPGMER,O-,PRBC,2,0,0,1,0,0
2026-06-18,HOSP-DEL-01,Safdarjung Hospital,A+,PRBC,3,0,0,18,15,0
2026-06-18,HOSP-DEL-01,Safdarjung Hospital,A-,PRBC,3,0,0,4,3,0
2026-06-18,HOSP-DEL-01,Safdarjung Hospital,B+,PRBC,3,0,0,57,48,1
2026-06-18,HOSP-DEL-01,Safdarjung Hospital,B-,PRBC,3,0,0,7,6,0
2026-06-18,HOSP-DEL-01,Safdarjung Hospital,AB+,PRBC,3,0,0,7,6,1
2026-06-18,HOSP-DEL-01,Safdarjung Hospital,AB-,PRBC,3,0,0,4,3,0
2026-06-18,HOSP-DEL-01,Safdarjung Hospital,O+,PRBC,3,0,0,68,59,0
2026-06-18,HOSP-DEL-01,Safdarjung Hospital,O-,PRBC,3,0,0,7,6,0
2026-06-18,HOSP-MAH-02,Lilavati Hospital & Research Centre,A+,PRBC,3,0,0,46,43,0
2026-06-18,HOSP-MAH-02,Lilavati Hospital & Research Centre,A-,PRBC,3,0,0,1,0,1
2026-06-18,HOSP-MAH-02,Lilavati Hospital & Research Centre,B+,PRBC,3,0,0,44,42,0
2026-06-18,HOSP-MAH-02,Lilavati Hospital & Research Centre,B-,PRBC,3,0,0,4,3,0
2026-06-18,HOSP-MAH-02,Lilavati Hospital & Research Centre,AB+,PRBC,3,0,0,7,6,0
2026-06-18,HOSP-MAH-02,Lilavati Hospital & Research Centre,AB-,PRBC,3,0,0,1,0,0
2026-06-18,HOSP-MAH-02,Lilavati Hospital & Research Centre,O+,PRBC,3,0,0,86,84,0
2026-06-18,HOSP-MAH-02,Lilavati Hospital & Research Centre,O-,PRBC,3,0,0,8,7,0
2026-06-18,HOSP-KAR-03,Manipal Hospital Old Airport Road,A+,PRBC,3,0,0,37,35,0
2026-06-18,HOSP-KAR-03,Manipal Hospital Old Airport Road,A-,PRBC,3,0,0,2,1,0
2026-06-18,HOSP-KAR-03,Manipal Hospital Old Airport Road,B+,PRBC,3,0,0,64,63,0
2026-06-18,HOSP-KAR-03,Manipal Hospital Old Airport Road,B-,PRBC,3,0,0,2,1,0
2026-06-18,HOSP-KAR-03,Manipal Hospital Old Airport Road,AB+,PRBC,3,0,0,10,9,0
2026-06-18,HOSP-KAR-03,Manipal Hospital Old Airport Road,AB-,PRBC,3,0,0,3,2,0
2026-06-18,HOSP-KAR-03,Manipal Hospital Old Airport Road,O+,PRBC,3,0,0,82,75,0
2026-06-18,HOSP-KAR-03,Manipal Hospital Old Airport Road,O-,PRBC,3,0,0,5,4,0
2026-06-18,HOSP-TN-04,Apollo Hospitals Greams Road,A+,PRBC,3,0,0,15,14,0
2026-06-18,HOSP-TN-04,Apollo Hospitals Greams Road,A-,PRBC,3,0,0,3,2,0
2026-06-18,HOSP-TN-04,Apollo Hospitals Greams Road,B+,PRBC,3,0,0,59,56,0
2026-06-18,HOSP-TN-04,Apollo Hospitals Greams Road,B-,PRBC,3,0,0,1,0,1
2026-06-18,HOSP-TN-04,Apollo Hospitals Greams Road,AB+,PRBC,3,0,0,21,18,0
2026-06-18,HOSP-TN-04,Apollo Hospitals Greams Road,AB-,PRBC,3,0,0,1,0,0
2026-06-18,HOSP-TN-04,Apollo Hospitals Greams Road,O+,PRBC,3,0,0,77,74,0
2026-06-18,HOSP-TN-04,Apollo Hospitals Greams Road,O-,PRBC,3,0,0,5,4,0
2026-06-18,HOSP-WB-05,SSKM Hospital & IPGMER,A+,PRBC,3,0,0,12,10,0
2026-06-18,HOSP-WB-05,SSKM Hospital & IPGMER,A-,PRBC,3,0,0,3,2,0
2026-06-18,HOSP-WB-05,SSKM Hospital & IPGMER,B+,PRBC,3,0,0,43,37,0
2026-06-18,HOSP-WB-05,SSKM Hospital & IPGMER,B-,PRBC,3,0,0,4,3,0
2026-06-18,HOSP-WB-05,SSKM Hospital & IPGMER,AB+,PRBC,3,0,0,10,9,0
2026-06-18,HOSP-WB-05,SSKM Hospital & IPGMER,AB-,PRBC,3,0,0,1,0,1
2026-06-18,HOSP-WB-05,SSKM Hospital & IPGMER,O+,PRBC,3,0,0,67,58,0
2026-06-18,HOSP-WB-05,SSKM Hospital & IPGMER,O-,PRBC,3,0,1,10,9,0
2026-06-19,HOSP-DEL-01,Safdarjung Hospital,A+,PRBC,4,0,0,46,45,0
2026-06-19,HOSP-DEL-01,Safdarjung Hospital,A-,PRBC,4,0,1,13,11,0
2026-06-19,HOSP-DEL-01,Safdarjung Hospital,B+,PRBC,4,0,0,58,55,0
2026-06-19,HOSP-DEL-01,Safdarjung Hospital,B-,PRBC,4,0,1,15,13,0
2026-06-19,HOSP-DEL-01,Safdarjung Hospital,AB+,PRBC,4,0,0,6,5,0
2026-06-19,HOSP-DEL-01,Safdarjung Hospital,AB-,PRBC,4,0,0,3,2,0
2026-06-19,HOSP-DEL-01,Safdarjung Hospital,O+,PRBC,4,0,0,84,82,0
2026-06-19,HOSP-DEL-01,Safdarjung Hospital,O-,PRBC,4,0,0,3,2,0
2026-06-19,HOSP-MAH-02,Lilavati Hospital & Research Centre,A+,PRBC,4,0,0,47,46,0
2026-06-19,HOSP-MAH-02,Lilavati Hospital & Research Centre,A-,PRBC,4,0,0,1,0,0
2026-06-19,HOSP-MAH-02,Lilavati Hospital & Research Centre,B+,PRBC,4,0,0,24,22,0
2026-06-19,HOSP-MAH-02,Lilavati Hospital & Research Centre,B-,PRBC,4,0,0,3,2,0
2026-06-19,HOSP-MAH-02,Lilavati Hospital & Research Centre,AB+,PRBC,4,0,0,6,5,0
2026-06-19,HOSP-MAH-02,Lilavati Hospital & Research Centre,AB-,PRBC,4,0,0,1,0,0
2026-06-19,HOSP-MAH-02,Lilavati Hospital & Research Centre,O+,PRBC,4,0,0,63,58,0
2026-06-19,HOSP-MAH-02,Lilavati Hospital & Research Centre,O-,PRBC,4,0,0,8,7,0
2026-06-19,HOSP-KAR-03,Manipal Hospital Old Airport Road,A+,PRBC,4,0,0,40,34,0
2026-06-19,HOSP-KAR-03,Manipal Hospital Old Airport Road,A-,PRBC,4,0,0,3,2,1
2026-06-19,HOSP-KAR-03,Manipal Hospital Old Airport Road,B+,PRBC,4,0,0,27,24,0
2026-06-19,HOSP-KAR-03,Manipal Hospital Old Airport Road,B-,PRBC,4,0,0,3,2,1
2026-06-19,HOSP-KAR-03,Manipal Hospital Old Airport Road,AB+,PRBC,4,0,0,4,3,0
2026-06-19,HOSP-KAR-03,Manipal Hospital Old Airport Road,AB-,PRBC,4,0,0,3,2,0
2026-06-19,HOSP-KAR-03,Manipal Hospital Old Airport Road,O+,PRBC,4,0,1,75,65,0
2026-06-19,HOSP-KAR-03,Manipal Hospital Old Airport Road,O-,PRBC,4,0,0,2,1,0
2026-06-19,HOSP-TN-04,Apollo Hospitals Greams Road,A+,PRBC,4,0,0,21,18,0
2026-06-19,HOSP-TN-04,Apollo Hospitals Greams Road,A-,PRBC,4,0,0,1,0,1
2026-06-19,HOSP-TN-04,Apollo Hospitals Greams Road,B+,PRBC,4,0,0,48,46,0
2026-06-19,HOSP-TN-04,Apollo Hospitals Greams Road,B-,PRBC,4,0,0,4,3,1
2026-06-19,HOSP-TN-04,Apollo Hospitals Greams Road,AB+,PRBC,4,0,0,8,7,0
2026-06-19,HOSP-TN-04,Apollo Hospitals Greams Road,AB-,PRBC,4,0,0,1,0,0
2026-06-19,HOSP-TN-04,Apollo Hospitals Greams Road,O+,PRBC,4,0,0,58,51,0
2026-06-19,HOSP-TN-04,Apollo Hospitals Greams Road,O-,PRBC,4,0,0,4,3,1
2026-06-19,HOSP-WB-05,SSKM Hospital & IPGMER,A+,PRBC,4,0,0,19,16,0
2026-06-19,HOSP-WB-05,SSKM Hospital & IPGMER,A-,PRBC,4,0,0,5,4,0
2026-06-19,HOSP-WB-05,SSKM Hospital & IPGMER,B+,PRBC,4,0,0,69,66,0
2026-06-19,HOSP-WB-05,SSKM Hospital & IPGMER,B-,PRBC,4,0,0,1,0,0
2026-06-19,HOSP-WB-05,SSKM Hospital & IPGMER,AB+,PRBC,4,0,0,17,15,0
2026-06-19,HOSP-WB-05,SSKM Hospital & IPGMER,AB-,PRBC,4,0,0,1,0,1
2026-06-19,HOSP-WB-05,SSKM Hospital & IPGMER,O+,PRBC,4,0,0,42,40,0
2026-06-19,HOSP-WB-05,SSKM Hospital & IPGMER,O-,PRBC,4,0,1,18,17,0
2026-06-20,HOSP-DEL-01,Safdarjung Hospital,A+,PRBC,5,1,0,60,59,0
2026-06-20,HOSP-DEL-01,Safdarjung Hospital,A-,PRBC,5,1,0,1,0,0
2026-06-20,HOSP-DEL-01,Safdarjung Hospital,B+,PRBC,5,1,0,86,78,0
2026-06-20,HOSP-DEL-01,Safdarjung Hospital,B-,PRBC,5,1,0,5,4,0
2026-06-20,HOSP-DEL-01,Safdarjung Hospital,AB+,PRBC,5,1,1,27,25,0
2026-06-20,HOSP-DEL-01,Safdarjung Hospital,AB-,PRBC,5,1,0,3,2,0
2026-06-20,HOSP-DEL-01,Safdarjung Hospital,O+,PRBC,5,1,0,86,82,0
2026-06-20,HOSP-DEL-01,Safdarjung Hospital,O-,PRBC,5,1,0,2,1,0
2026-06-20,HOSP-MAH-02,Lilavati Hospital & Research Centre,A+,PRBC,5,1,0,19,17,0
2026-06-20,HOSP-MAH-02,Lilavati Hospital & Research Centre,A-,PRBC,5,1,1,10,9,0
2026-06-20,HOSP-MAH-02,Lilavati Hospital & Research Centre,B+,PRBC,5,1,0,80,79,0
2026-06-20,HOSP-MAH-02,Lilavati Hospital & Research Centre,B-,PRBC,5,1,0,1,0,0
2026-06-20,HOSP-MAH-02,Lilavati Hospital & Research Centre,AB+,PRBC,5,1,0,23,20,1
2026-06-20,HOSP-MAH-02,Lilavati Hospital & Research Centre,AB-,PRBC,5,1,0,1,0,0
2026-06-20,HOSP-MAH-02,Lilavati Hospital & Research Centre,O+,PRBC,5,1,1,39,33,0
2026-06-20,HOSP-MAH-02,Lilavati Hospital & Research Centre,O-,PRBC,5,1,0,2,1,0
2026-06-20,HOSP-KAR-03,Manipal Hospital Old Airport Road,A+,PRBC,5,1,0,47,43,2
2026-06-20,HOSP-KAR-03,Manipal Hospital Old Airport Road,A-,PRBC,5,1,0,2,1,0
2026-06-20,HOSP-KAR-03,Manipal Hospital Old Airport Road,B+,PRBC,5,1,0,39,37,0
2026-06-20,HOSP-KAR-03,Manipal Hospital Old Airport Road,B-,PRBC,5,1,1,14,12,2
2026-06-20,HOSP-KAR-03,Manipal Hospital Old Airport Road,AB+,PRBC,5,1,0,4,3,0
2026-06-20,HOSP-KAR-03,Manipal Hospital Old Airport Road,AB-,PRBC,5,1,0,1,0,1
2026-06-20,HOSP-KAR-03,Manipal Hospital Old Airport Road,O+,PRBC,5,1,0,105,99,0
2026-06-20,HOSP-KAR-03,Manipal Hospital Old Airport Road,O-,PRBC,5,1,1,12,10,0
2026-06-20,HOSP-TN-04,Apollo Hospitals Greams Road,A+,PRBC,5,1,0,53,45,0
2026-06-20,HOSP-TN-04,Apollo Hospitals Greams Road,A-,PRBC,5,1,0,1,0,0
2026-06-20,HOSP-TN-04,Apollo Hospitals Greams Road,B+,PRBC,5,1,0,86,80,0
2026-06-20,HOSP-TN-04,Apollo Hospitals Greams Road,B-,PRBC,5,1,0,4,3,0
2026-06-20,HOSP-TN-04,Apollo Hospitals Greams Road,AB+,PRBC,5,1,0,15,13,0
2026-06-20,HOSP-TN-04,Apollo Hospitals Greams Road,AB-,PRBC,5,1,0,3,2,0
2026-06-20,HOSP-TN-04,Apollo Hospitals Greams Road,O+,PRBC,5,1,0,76,69,1
2026-06-20,HOSP-TN-04,Apollo Hospitals Greams Road,O-,PRBC,5,1,0,1,0,1
2026-06-20,HOSP-WB-05,SSKM Hospital & IPGMER,A+,PRBC,5,1,0,23,22,0
2026-06-20,HOSP-WB-05,SSKM Hospital & IPGMER,A-,PRBC,5,1,0,2,1,0
2026-06-20,HOSP-WB-05,SSKM Hospital & IPGMER,B+,PRBC,5,1,0,32,30,0
2026-06-20,HOSP-WB-05,SSKM Hospital & IPGMER,B-,PRBC,5,1,0,2,1,0
2026-06-20,HOSP-WB-05,SSKM Hospital & IPGMER,AB+,PRBC,5,1,0,27,24,0
2026-06-20,HOSP-WB-05,SSKM Hospital & IPGMER,AB-,PRBC,5,1,0,1,0,0
2026-06-20,HOSP-WB-05,SSKM Hospital & IPGMER,O+,PRBC,5,1,0,53,51,1
2026-06-20,HOSP-WB-05,SSKM Hospital & IPGMER,O-,PRBC,5,1,0,8,7,0
2026-06-21,HOSP-DEL-01,Safdarjung Hospital,A+,PRBC,6,1,0,46,45,1
2026-06-21,HOSP-DEL-01,Safdarjung Hospital,A-,PRBC,6,1,0,1,0,1
2026-06-21,HOSP-DEL-01,Safdarjung Hospital,B+,PRBC,6,1,0,74,67,0
2026-06-21,HOSP-DEL-01,Safdarjung Hospital,B-,PRBC,6,1,0,3,2,0
2026-06-21,HOSP-DEL-01,Safdarjung Hospital,AB+,PRBC,6,1,0,18,16,0
2026-06-21,HOSP-DEL-01,Safdarjung Hospital,AB-,PRBC,6,1,0,1,0,0
2026-06-21,HOSP-DEL-01,Safdarjung Hospital,O+,PRBC,6,1,0,107,102,0
2026-06-21,HOSP-DEL-01,Safdarjung Hospital,O-,PRBC,6,1,0,5,4,0
2026-06-21,HOSP-MAH-02,Lilavati Hospital & Research Centre,A+,PRBC,6,1,0,25,21,1
2026-06-21,HOSP-MAH-02,Lilavati Hospital & Research Centre,A-,PRBC,6,1,0,1,0,0
2026-06-21,HOSP-MAH-02,Lilavati Hospital & Research Centre,B+,PRBC,6,1,0,68,64,0
2026-06-21,HOSP-MAH-02,Lilavati Hospital & Research Centre,B-,PRBC,6,1,0,5,4,0
2026-06-21,HOSP-MAH-02,Lilavati Hospital & Research Centre,AB+,PRBC,6,1,0,18,16,0
2026-06-21,HOSP-MAH-02,Lilavati Hospital & Research Centre,AB-,PRBC,6,1,0,3,2,0
2026-06-21,HOSP-MAH-02,Lilavati Hospital & Research Centre,O+,PRBC,6,1,0,25,23,0
2026-06-21,HOSP-MAH-02,Lilavati Hospital & Research Centre,O-,PRBC,6,1,0,1,0,1
2026-06-21,HOSP-KAR-03,Manipal Hospital Old Airport Road,A+,PRBC,6,1,0,55,51,0
2026-06-21,HOSP-KAR-03,Manipal Hospital Old Airport Road,A-,PRBC,6,1,1,7,6,0
2026-06-21,HOSP-KAR-03,Manipal Hospital Old Airport Road,B+,PRBC,6,1,0,79,70,0
2026-06-21,HOSP-KAR-03,Manipal Hospital Old Airport Road,B-,PRBC,6,1,0,4,3,0
2026-06-21,HOSP-KAR-03,Manipal Hospital Old Airport Road,AB+,PRBC,6,1,0,25,22,1
2026-06-21,HOSP-KAR-03,Manipal Hospital Old Airport Road,AB-,PRBC,6,1,0,1,0,0
2026-06-21,HOSP-KAR-03,Manipal Hospital Old Airport Road,O+,PRBC,6,1,0,44,43,1
2026-06-21,HOSP-KAR-03,Manipal Hospital Old Airport Road,O-,PRBC,6,1,0,8,7,0
2026-06-21,HOSP-TN-04,Apollo Hospitals Greams Road,A+,PRBC,6,1,0,59,56,1
2026-06-21,HOSP-TN-04,Apollo Hospitals Greams Road,A-,PRBC,6,1,0,2,1,0
2026-06-21,HOSP-TN-04,Apollo Hospitals Greams Road,B+,PRBC,6,1,0,53,46,0
2026-06-21,HOSP-TN-04,Apollo Hospitals Greams Road,B-,PRBC,6,1,0,4,3,1
2026-06-21,HOSP-TN-04,Apollo Hospitals Greams Road,AB+,PRBC,6,1,0,6,5,1
2026-06-21,HOSP-TN-04,Apollo Hospitals Greams Road,AB-,PRBC,6,1,0,1,0,0
2026-06-21,HOSP-TN-04,Apollo Hospitals Greams Road,O+,PRBC,6,1,0,24,23,0
2026-06-21,HOSP-TN-04,Apollo Hospitals Greams Road,O-,PRBC,6,1,1,15,14,1
2026-06-21,HOSP-WB-05,SSKM Hospital & IPGMER,A+,PRBC,6,1,0,56,55,0
2026-06-21,HOSP-WB-05,SSKM Hospital & IPGMER,A-,PRBC,6,1,0,1,0,0
2026-06-21,HOSP-WB-05,SSKM Hospital & IPGMER,B+,PRBC,6,1,0,43,37,0
2026-06-21,HOSP-WB-05,SSKM Hospital & IPGMER,B-,PRBC,6,1,0,2,1,0
2026-06-21,HOSP-WB-05,SSKM Hospital & IPGMER,AB+,PRBC,6,1,0,14,12,0
2026-06-21,HOSP-WB-05,SSKM Hospital & IPGMER,AB-,PRBC,6,1,0,3,2,0
2026-06-21,HOSP-WB-05,SSKM Hospital & IPGMER,O+,PRBC,6,1,0,44,37,1
2026-06-21,HOSP-WB-05,SSKM Hospital & IPGMER,O-,PRBC,6,1,0,6,5,0
2026-06-22,HOSP-DEL-01,Safdarjung Hospital,A+,PRBC,0,0,0,19,16,0
2026-06-22,HOSP-DEL-01,Safdarjung Hospital,A-,PRBC,0,0,0,1,0,0
2026-06-22,HOSP-DEL-01,Safdarjung Hospital,B+,PRBC,0,0,0,47,45,0
2026-06-22,HOSP-DEL-01,Safdarjung Hospital,B-,PRBC,0,0,0,4,3,1
2026-06-22,HOSP-DEL-01,Safdarjung Hospital,AB+,PRBC,0,0,0,8,7,0
2026-06-22,HOSP-DEL-01,Safdarjung Hospital,AB-,PRBC,0,0,0,2,1,0
2026-06-22,HOSP-DEL-01,Safdarjung Hospital,O+,PRBC,0,0,0,72,67,0
2026-06-22,HOSP-DEL-01,Safdarjung Hospital,O-,PRBC,0,0,0,9,8,0
2026-06-22,HOSP-MAH-02,Lilavati Hospital & Research Centre,A+,PRBC,0,0,0,41,38,0
2026-06-22,HOSP-MAH-02,Lilavati Hospital & Research Centre,A-,PRBC,0,0,0,2,1,0
2026-06-22,HOSP-MAH-02,Lilavati Hospital & Research Centre,B+,PRBC,0,0,0,32,31,1
2026-06-22,HOSP-MAH-02,Lilavati Hospital & Research Centre,B-,PRBC,0,0,0,5,4,0
2026-06-22,HOSP-MAH-02,Lilavati Hospital & Research Centre,AB+,PRBC,0,0,1,21,18,0
2026-06-22,HOSP-MAH-02,Lilavati Hospital & Research Centre,AB-,PRBC,0,0,0,1,0,0
2026-06-22,HOSP-MAH-02,Lilavati Hospital & Research Centre,O+,PRBC,0,0,0,60,58,1
2026-06-22,HOSP-MAH-02,Lilavati Hospital & Research Centre,O-,PRBC,0,0,1,12,10,0
2026-06-22,HOSP-KAR-03,Manipal Hospital Old Airport Road,A+,PRBC,0,0,0,34,32,0
2026-06-22,HOSP-KAR-03,Manipal Hospital Old Airport Road,A-,PRBC,0,0,0,3,2,0
2026-06-22,HOSP-KAR-03,Manipal Hospital Old Airport Road,B+,PRBC,0,0,0,75,74,0
2026-06-22,HOSP-KAR-03,Manipal Hospital Old Airport Road,B-,PRBC,0,0,0,7,6,0
2026-06-22,HOSP-KAR-03,Manipal Hospital Old Airport Road,AB+,PRBC,0,0,0,11,9,0
2026-06-22,HOSP-KAR-03,Manipal Hospital Old Airport Road,AB-,PRBC,0,0,0,1,0,0
2026-06-22,HOSP-KAR-03,Manipal Hospital Old Airport Road,O+,PRBC,0,0,1,90,86,0
2026-06-22,HOSP-KAR-03,Manipal Hospital Old Airport Road,O-,PRBC,0,0,0,1,0,0
2026-06-22,HOSP-TN-04,Apollo Hospitals Greams Road,A+,PRBC,0,0,0,48,42,0
2026-06-22,HOSP-TN-04,Apollo Hospitals Greams Road,A-,PRBC,0,0,1,9,7,0
2026-06-22,HOSP-TN-04,Apollo Hospitals Greams Road,B+,PRBC,0,0,0,25,22,0
2026-06-22,HOSP-TN-04,Apollo Hospitals Greams Road,B-,PRBC,0,0,0,7,6,0
2026-06-22,HOSP-TN-04,Apollo Hospitals Greams Road,AB+,PRBC,0,0,0,17,15,0
2026-06-22,HOSP-TN-04,Apollo Hospitals Greams Road,AB-,PRBC,0,0,0,1,0,0
2026-06-22,HOSP-TN-04,Apollo Hospitals Greams Road,O+,PRBC,0,0,0,77,67,0
2026-06-22,HOSP-TN-04,Apollo Hospitals Greams Road,O-,PRBC,0,0,0,9,8,1
2026-06-22,HOSP-WB-05,SSKM Hospital & IPGMER,A+,PRBC,0,0,0,33,28,1
2026-06-22,HOSP-WB-05,SSKM Hospital & IPGMER,A-,PRBC,0,0,0,5,4,0
2026-06-22,HOSP-WB-05,SSKM Hospital & IPGMER,B+,PRBC,0,0,0,59,56,1
2026-06-22,HOSP-WB-05,SSKM Hospital & IPGMER,B-,PRBC,0,0,0,1,0,0
2026-06-22,HOSP-WB-05,SSKM Hospital & IPGMER,AB+,PRBC,0,0,0,15,13,0
2026-06-22,HOSP-WB-05,SSKM Hospital & IPGMER,AB-,PRBC,0,0,0,1,0,0
2026-06-22,HOSP-WB-05,SSKM Hospital & IPGMER,O+,PRBC,0,0,0,57,53,0
2026-06-22,HOSP-WB-05,SSKM Hospital & IPGMER,O-,PRBC,0,0,0,6,5,0
2026-06-23,HOSP-DEL-01,Safdarjung Hospital,A+,PRBC,1,0,0,32,28,1
2026-06-23,HOSP-DEL-01,Safdarjung Hospital,A-,PRBC,1,0,0,4,3,0
2026-06-23,HOSP-DEL-01,Safdarjung Hospital,B+,PRBC,1,0,0,68,60,1
2026-06-23,HOSP-DEL-01,Safdarjung Hospital,B-,PRBC,1,0,0,3,2,1
2026-06-23,HOSP-DEL-01,Safdarjung Hospital,AB+,PRBC,1,0,0,9,7,0
2026-06-23,HOSP-DEL-01,Safdarjung Hospital,AB-,PRBC,1,0,0,2,1,0
2026-06-23,HOSP-DEL-01,Safdarjung Hospital,O+,PRBC,1,0,0,48,42,1
2026-06-23,HOSP-DEL-01,Safdarjung Hospital,O-,PRBC,1,0,0,5,4,0
2026-06-23,HOSP-MAH-02,Lilavati Hospital & Research Centre,A+,PRBC,1,0,0,37,34,0
2026-06-23,HOSP-MAH-02,Lilavati Hospital & Research Centre,A-,PRBC,1,0,0,2,1,0
2026-06-23,HOSP-MAH-02,Lilavati Hospital & Research Centre,B+,PRBC,1,0,0,73,66,0
2026-06-23,HOSP-MAH-02,Lilavati Hospital & Research Centre,B-,PRBC,1,0,0,3,2,0
2026-06-23,HOSP-MAH-02,Lilavati Hospital & Research Centre,AB+,PRBC,1,0,0,19,18,0
2026-06-23,HOSP-MAH-02,Lilavati Hospital & Research Centre,AB-,PRBC,1,0,0,1,0,0
2026-06-23,HOSP-MAH-02,Lilavati Hospital & Research Centre,O+,PRBC,1,0,0,71,65,0
2026-06-23,HOSP-MAH-02,Lilavati Hospital & Research Centre,O-,PRBC,1,0,0,3,2,1
2026-06-23,HOSP-KAR-03,Manipal Hospital Old Airport Road,A+,PRBC,1,0,0,39,34,0
2026-06-23,HOSP-KAR-03,Manipal Hospital Old Airport Road,A-,PRBC,1,0,0,4,3,0
2026-06-23,HOSP-KAR-03,Manipal Hospital Old Airport Road,B+,PRBC,1,0,0,63,54,0
2026-06-23,HOSP-KAR-03,Manipal Hospital Old Airport Road,B-,PRBC,1,0,0,4,3,1
2026-06-23,HOSP-KAR-03,Manipal Hospital Old Airport Road,AB+,PRBC,1,0,0,8,7,0
2026-06-23,HOSP-KAR-03,Manipal Hospital Old Airport Road,AB-,PRBC,1,0,0,1,0,0
2026-06-23,HOSP-KAR-03,Manipal Hospital Old Airport Road,O+,PRBC,1,0,0,34,31,0
2026-06-23,HOSP-KAR-03,Manipal Hospital Old Airport Road,O-,PRBC,1,0,0,8,7,0
2026-06-23,HOSP-TN-04,Apollo Hospitals Greams Road,A+,PRBC,1,0,0,16,15,0
2026-06-23,HOSP-TN-04,Apollo Hospitals Greams Road,A-,PRBC,1,0,0,4,3,0
2026-06-23,HOSP-TN-04,Apollo Hospitals Greams Road,B+,PRBC,1,0,0,25,24,0
2026-06-23,HOSP-TN-04,Apollo Hospitals Greams Road,B-,PRBC,1,0,0,2,1,0
2026-06-23,HOSP-TN-04,Apollo Hospitals Greams Road,AB+,PRBC,1,0,0,6,5,1
2026-06-23,HOSP-TN-04,Apollo Hospitals Greams Road,AB-,PRBC,1,0,0,1,0,0
2026-06-23,HOSP-TN-04,Apollo Hospitals Greams Road,O+,PRBC,1,0,0,64,63,0
2026-06-23,HOSP-TN-04,Apollo Hospitals Greams Road,O-,PRBC,1,0,0,3,2,0
2026-06-23,HOSP-WB-05,SSKM Hospital & IPGMER,A+,PRBC,1,0,0,23,21,0
2026-06-23,HOSP-WB-05,SSKM Hospital & IPGMER,A-,PRBC,1,0,0,5,4,0
2026-06-23,HOSP-WB-05,SSKM Hospital & IPGMER,B+,PRBC,1,0,0,31,26,0
2026-06-23,HOSP-WB-05,SSKM Hospital & IPGMER,B-,PRBC,1,0,0,2,1,0
2026-06-23,HOSP-WB-05,SSKM Hospital & IPGMER,AB+,PRBC,1,0,0,11,9,0
2026-06-23,HOSP-WB-05,SSKM Hospital & IPGMER,AB-,PRBC,1,0,0,4,3,2
2026-06-23,HOSP-WB-05,SSKM Hospital & IPGMER,O+,PRBC,1,0,0,39,37,0
2026-06-23,HOSP-WB-05,SSKM Hospital & IPGMER,O-,PRBC,1,0,0,4,3,0
2026-06-24,HOSP-DEL-01,Safdarjung Hospital,A+,PRBC,2,0,0,16,15,0
2026-06-24,HOSP-DEL-01,Safdarjung Hospital,A-,PRBC,2,0,0,1,0,0
2026-06-24,HOSP-DEL-01,Safdarjung Hospital,B+,PRBC,2,0,0,36,32,0
2026-06-24,HOSP-DEL-01,Safdarjung Hospital,B-,PRBC,2,0,0,1,0,1
2026-06-24,HOSP-DEL-01,Safdarjung Hospital,AB+,PRBC,2,0,1,26,23,0
2026-06-24,HOSP-DEL-01,Safdarjung Hospital,AB-,PRBC,2,0,0,1,0,0
2026-06-24,HOSP-DEL-01,Safdarjung Hospital,O+,PRBC,2,0,0,63,62,0
2026-06-24,HOSP-DEL-01,Safdarjung Hospital,O-,PRBC,2,0,1,13,11,0
2026-06-24,HOSP-MAH-02,Lilavati Hospital & Research Centre,A+,PRBC,2,0,0,36,32,1
2026-06-24,HOSP-MAH-02,Lilavati Hospital & Research Centre,A-,PRBC,2,0,0,4,3,0
2026-06-24,HOSP-MAH-02,Lilavati Hospital & Research Centre,B+,PRBC,2,0,0,56,48,0
2026-06-24,HOSP-MAH-02,Lilavati Hospital & Research Centre,B-,PRBC,2,0,0,3,2,0
2026-06-24,HOSP-MAH-02,Lilavati Hospital & Research Centre,AB+,PRBC,2,0,0,11,10,0
2026-06-24,HOSP-MAH-02,Lilavati Hospital & Research Centre,AB-,PRBC,2,0,0,1,0,0
2026-06-24,HOSP-MAH-02,Lilavati Hospital & Research Centre,O+,PRBC,2,0,0,30,29,0
2026-06-24,HOSP-MAH-02,Lilavati Hospital & Research Centre,O-,PRBC,2,0,0,4,3,0
2026-06-24,HOSP-KAR-03,Manipal Hospital Old Airport Road,A+,PRBC,2,0,0,42,36,0
2026-06-24,HOSP-KAR-03,Manipal Hospital Old Airport Road,A-,PRBC,2,0,0,4,3,0
2026-06-24,HOSP-KAR-03,Manipal Hospital Old Airport Road,B+,PRBC,2,0,0,36,33,0
2026-06-24,HOSP-KAR-03,Manipal Hospital Old Airport Road,B-,PRBC,2,0,1,10,9,0
2026-06-24,HOSP-KAR-03,Manipal Hospital Old Airport Road,AB+,PRBC,2,0,1,12,11,0
2026-06-24,HOSP-KAR-03,Manipal Hospital Old Airport Road,AB-,PRBC,2,0,1,10,8,0
2026-06-24,HOSP-KAR-03,Manipal Hospital Old Airport Road,O+,PRBC,2,0,1,38,34,0
2026-06-24,HOSP-KAR-03,Manipal Hospital Old Airport Road,O-,PRBC,2,0,0,4,3,0
2026-06-24,HOSP-TN-04,Apollo Hospitals Greams Road,A+,PRBC,2,0,0,9,8,1
2026-06-24,HOSP-TN-04,Apollo Hospitals Greams Road,A-,PRBC,2,0,0,5,4,0
2026-06-24,HOSP-TN-04,Apollo Hospitals Greams Road,B+,PRBC,2,0,0,14,12,2
2026-06-24,HOSP-TN-04,Apollo Hospitals Greams Road,B-,PRBC,2,0,0,6,5,0
2026-06-24,HOSP-TN-04,Apollo Hospitals Greams Road,AB+,PRBC,2,0,0,18,17,1
2026-06-24,HOSP-TN-04,Apollo Hospitals Greams Road,AB-,PRBC,2,0,0,1,0,0
2026-06-24,HOSP-TN-04,Apollo Hospitals Greams Road,O+,PRBC,2,0,0,76,64,0
2026-06-24,HOSP-TN-04,Apollo Hospitals Greams Road,O-,PRBC,2,0,0,1,0,0
2026-06-24,HOSP-WB-05,SSKM Hospital & IPGMER,A+,PRBC,2,0,0,31,26,0
2026-06-24,HOSP-WB-05,SSKM Hospital & IPGMER,A-,PRBC,2,0,0,2,1,0
2026-06-24,HOSP-WB-05,SSKM Hospital & IPGMER,B+,PRBC,2,0,0,32,27,0
2026-06-24,HOSP-WB-05,SSKM Hospital & IPGMER,B-,PRBC,2,0,0,7,6,0
2026-06-24,HOSP-WB-05,SSKM Hospital & IPGMER,AB+,PRBC,2,0,0,12,10,0
2026-06-24,HOSP-WB-05,SSKM Hospital & IPGMER,AB-,PRBC,2,0,0,2,1,0
2026-06-24,HOSP-WB-05,SSKM Hospital & IPGMER,O+,PRBC,2,0,0,63,62,0
2026-06-24,HOSP-WB-05,SSKM Hospital & IPGMER,O-,PRBC,2,0,0,8,7,0
2026-06-25,HOSP-DEL-01,Safdarjung Hospital,A+,PRBC,3,0,0,26,25,0
2026-06-25,HOSP-DEL-01,Safdarjung Hospital,A-,PRBC,3,0,0,3,2,1
2026-06-25,HOSP-DEL-01,Safdarjung Hospital,B+,PRBC,3,0,0,21,19,0
2026-06-25,HOSP-DEL-01,Safdarjung Hospital,B-,PRBC,3,0,0,1,0,0
2026-06-25,HOSP-DEL-01,Safdarjung Hospital,AB+,PRBC,3,0,0,17,15,0
2026-06-25,HOSP-DEL-01,Safdarjung Hospital,AB-,PRBC,3,0,0,2,1,0
2026-06-25,HOSP-DEL-01,Safdarjung Hospital,O+,PRBC,3,0,0,76,74,1
2026-06-25,HOSP-DEL-01,Safdarjung Hospital,O-,PRBC,3,0,0,1,0,0
2026-06-25,HOSP-MAH-02,Lilavati Hospital & Research Centre,A+,PRBC,3,0,0,29,26,0
2026-06-25,HOSP-MAH-02,Lilavati Hospital & Research Centre,A-,PRBC,3,0,0,5,4,0
2026-06-25,HOSP-MAH-02,Lilavati Hospital & Research Centre,B+,PRBC,3,0,0,22,21,0
2026-06-25,HOSP-MAH-02,Lilavati Hospital & Research Centre,B-,PRBC,3,0,0,3,2,0
2026-06-25,HOSP-MAH-02,Lilavati Hospital & Research Centre,AB+,PRBC,3,0,0,19,18,1
2026-06-25,HOSP-MAH-02,Lilavati Hospital & Research Centre,AB-,PRBC,3,0,0,1,0,0
2026-06-25,HOSP-MAH-02,Lilavati Hospital & Research Centre,O+,PRBC,3,0,0,64,59,0
2026-06-25,HOSP-MAH-02,Lilavati Hospital & Research Centre,O-,PRBC,3,0,0,7,6,0
2026-06-25,HOSP-KAR-03,Manipal Hospital Old Airport Road,A+,PRBC,3,0,0,16,15,1
2026-06-25,HOSP-KAR-03,Manipal Hospital Old Airport Road,A-,PRBC,3,0,0,1,0,0
2026-06-25,HOSP-KAR-03,Manipal Hospital Old Airport Road,B+,PRBC,3,0,0,43,40,0
2026-06-25,HOSP-KAR-03,Manipal Hospital Old Airport Road,B-,PRBC,3,0,0,2,1,0
2026-06-25,HOSP-KAR-03,Manipal Hospital Old Airport Road,AB+,PRBC,3,0,0,4,3,0
2026-06-25,HOSP-KAR-03,Manipal Hospital Old Airport Road,AB-,PRBC,3,0,0,3,2,1
2026-06-25,HOSP-KAR-03,Manipal Hospital Old Airport Road,O+,PRBC,3,0,0,55,48,0
2026-06-25,HOSP-KAR-03,Manipal Hospital Old Airport Road,O-,PRBC,3,0,0,7,6,0
2026-06-25,HOSP-TN-04,Apollo Hospitals Greams Road,A+,PRBC,3,0,0,28,27,0
2026-06-25,HOSP-TN-04,Apollo Hospitals Greams Road,A-,PRBC,3,0,0,4,3,0
2026-06-25,HOSP-TN-04,Apollo Hospitals Greams Road,B+,PRBC,3,0,0,32,29,0
2026-06-25,HOSP-TN-04,Apollo Hospitals Greams Road,B-,PRBC,3,0,0,4,3,0
2026-06-25,HOSP-TN-04,Apollo Hospitals Greams Road,AB+,PRBC,3,0,0,16,14,0
2026-06-25,HOSP-TN-04,Apollo Hospitals Greams Road,AB-,PRBC,3,0,0,1,0,1
2026-06-25,HOSP-TN-04,Apollo Hospitals Greams Road,O+,PRBC,3,0,0,62,55,0
2026-06-25,HOSP-TN-04,Apollo Hospitals Greams Road,O-,PRBC,3,0,0,8,7,0
2026-06-25,HOSP-WB-05,SSKM Hospital & IPGMER,A+,PRBC,3,0,0,25,24,0
2026-06-25,HOSP-WB-05,SSKM Hospital & IPGMER,A-,PRBC,3,0,0,1,0,0
2026-06-25,HOSP-WB-05,SSKM Hospital & IPGMER,B+,PRBC,3,0,0,47,41,1
2026-06-25,HOSP-WB-05,SSKM Hospital & IPGMER,B-,PRBC,3,0,0,6,5,0
2026-06-25,HOSP-WB-05,SSKM Hospital & IPGMER,AB+,PRBC,3,0,0,8,7,0
2026-06-25,HOSP-WB-05,SSKM Hospital & IPGMER,AB-,PRBC,3,0,0,3,2,0
2026-06-25,HOSP-WB-05,SSKM Hospital & IPGMER,O+,PRBC,3,0,0,79,71,0
2026-06-25,HOSP-WB-05,SSKM Hospital & IPGMER,O-,PRBC,3,0,0,9,8,0
2026-06-26,HOSP-DEL-01,Safdarjung Hospital,A+,PRBC,4,0,1,41,36,0
2026-06-26,HOSP-DEL-01,Safdarjung Hospital,A-,PRBC,4,0,0,5,4,0
2026-06-26,HOSP-DEL-01,Safdarjung Hospital,B+,PRBC,4,0,0,73,72,1
2026-06-26,HOSP-DEL-01,Safdarjung Hospital,B-,PRBC,4,0,0,2,1,0
2026-06-26,HOSP-DEL-01,Safdarjung Hospital,AB+,PRBC,4,0,0,3,2,0
2026-06-26,HOSP-DEL-01,Safdarjung Hospital,AB-,PRBC,4,0,0,1,0,0
2026-06-26,HOSP-DEL-01,Safdarjung Hospital,O+,PRBC,4,0,0,81,77,0
2026-06-26,HOSP-DEL-01,Safdarjung Hospital,O-,PRBC,4,0,0,4,3,0
2026-06-26,HOSP-MAH-02,Lilavati Hospital & Research Centre,A+,PRBC,4,0,0,15,14,0
2026-06-26,HOSP-MAH-02,Lilavati Hospital & Research Centre,A-,PRBC,4,0,0,6,5,1
2026-06-26,HOSP-MAH-02,Lilavati Hospital & Research Centre,B+,PRBC,4,0,0,58,55,0
2026-06-26,HOSP-MAH-02,Lilavati Hospital & Research Centre,B-,PRBC,4,0,0,1,0,1
2026-06-26,HOSP-MAH-02,Lilavati Hospital & Research Centre,AB+,PRBC,4,0,0,16,15,0
2026-06-26,HOSP-MAH-02,Lilavati Hospital & Research Centre,AB-,PRBC,4,0,0,1,0,2
2026-06-26,HOSP-MAH-02,Lilavati Hospital & Research Centre,O+,PRBC,4,0,0,74,64,0
2026-06-26,HOSP-MAH-02,Lilavati Hospital & Research Centre,O-,PRBC,4,0,0,4,3,0
2026-06-26,HOSP-KAR-03,Manipal Hospital Old Airport Road,A+,PRBC,4,0,0,44,40,0
2026-06-26,HOSP-KAR-03,Manipal Hospital Old Airport Road,A-,PRBC,4,0,0,3,2,0
2026-06-26,HOSP-KAR-03,Manipal Hospital Old Airport Road,B+,PRBC,4,0,0,69,61,0
2026-06-26,HOSP-KAR-03,Manipal Hospital Old Airport Road,B-,PRBC,4,0,0,5,4,0
2026-06-26,HOSP-KAR-03,Manipal Hospital Old Airport Road,AB+,PRBC,4,0,0,7,6,0
2026-06-26,HOSP-KAR-03,Manipal Hospital Old Airport Road,AB-,PRBC,4,0,0,1,0,0
2026-06-26,HOSP-KAR-03,Manipal Hospital Old Airport Road,O+,PRBC,4,0,0,21,18,0
2026-06-26,HOSP-KAR-03,Manipal Hospital Old Airport Road,O-,PRBC,4,0,0,7,6,0
2026-06-26,HOSP-TN-04,Apollo Hospitals Greams Road,A+,PRBC,4,0,0,25,21,0
2026-06-26,HOSP-TN-04,Apollo Hospitals Greams Road,A-,PRBC,4,0,0,2,1,0
2026-06-26,HOSP-TN-04,Apollo Hospitals Greams Road,B+,PRBC,4,0,0,50,48,0
2026-06-26,HOSP-TN-04,Apollo Hospitals Greams Road,B-,PRBC,4,0,0,2,1,0
2026-06-26,HOSP-TN-04,Apollo Hospitals Greams Road,AB+,PRBC,4,0,0,13,12,0
2026-06-26,HOSP-TN-04,Apollo Hospitals Greams Road,AB-,PRBC,4,0,0,1,0,0
2026-06-26,HOSP-TN-04,Apollo Hospitals Greams Road,O+,PRBC,4,0,0,18,16,1
2026-06-26,HOSP-TN-04,Apollo Hospitals Greams Road,O-,PRBC,4,0,0,6,5,0
2026-06-26,HOSP-WB-05,SSKM Hospital & IPGMER,A+,PRBC,4,0,0,41,40,0
2026-06-26,HOSP-WB-05,SSKM Hospital & IPGMER,A-,PRBC,4,0,0,3,2,1
2026-06-26,HOSP-WB-05,SSKM Hospital & IPGMER,B+,PRBC,4,0,0,38,36,1
2026-06-26,HOSP-WB-05,SSKM Hospital & IPGMER,B-,PRBC,4,0,0,4,3,0
2026-06-26,HOSP-WB-05,SSKM Hospital & IPGMER,AB+,PRBC,4,0,0,14,12,0
2026-06-26,HOSP-WB-05,SSKM Hospital & IPGMER,AB-,PRBC,4,0,0,1,0,0
2026-06-26,HOSP-WB-05,SSKM Hospital & IPGMER,O+,PRBC,4,0,0,29,26,1
2026-06-26,HOSP-WB-05,SSKM Hospital & IPGMER,O-,PRBC,4,0,0,6,5,0
2026-06-27,HOSP-DEL-01,Safdarjung Hospital,A+,PRBC,5,1,1,20,17,2
2026-06-27,HOSP-DEL-01,Safdarjung Hospital,A-,PRBC,5,1,0,3,2,0
2026-06-27,HOSP-DEL-01,Safdarjung Hospital,B+,PRBC,5,1,0,78,66,1
2026-06-27,HOSP-DEL-01,Safdarjung Hospital,B-,PRBC,5,1,0,5,4,0
2026-06-27,HOSP-DEL-01,Safdarjung Hospital,AB+,PRBC,5,1,0,18,15,0
2026-06-27,HOSP-DEL-01,Safdarjung Hospital,AB-,PRBC,5,1,0,1,0,0
2026-06-27,HOSP-DEL-01,Safdarjung Hospital,O+,PRBC,5,1,0,24,20,0
2026-06-27,HOSP-DEL-01,Safdarjung Hospital,O-,PRBC,5,1,0,10,9,0
2026-06-27,HOSP-MAH-02,Lilavati Hospital & Research Centre,A+,PRBC,5,1,0,48,42,0
2026-06-27,HOSP-MAH-02,Lilavati Hospital & Research Centre,A-,PRBC,5,1,0,2,1,0
2026-06-27,HOSP-MAH-02,Lilavati Hospital & Research Centre,B+,PRBC,5,1,0,67,57,0
2026-06-27,HOSP-MAH-02,Lilavati Hospital & Research Centre,B-,PRBC,5,1,0,5,4,1
2026-06-27,HOSP-MAH-02,Lilavati Hospital & Research Centre,AB+,PRBC,5,1,0,10,9,0
2026-06-27,HOSP-MAH-02,Lilavati Hospital & Research Centre,AB-,PRBC,5,1,0,1,0,2
2026-06-27,HOSP-MAH-02,Lilavati Hospital & Research Centre,O+,PRBC,5,1,1,57,51,0
2026-06-27,HOSP-MAH-02,Lilavati Hospital & Research Centre,O-,PRBC,5,1,0,5,4,0
2026-06-27,HOSP-KAR-03,Manipal Hospital Old Airport Road,A+,PRBC,5,1,0,15,13,0
2026-06-27,HOSP-KAR-03,Manipal Hospital Old Airport Road,A-,PRBC,5,1,0,4,3,0
2026-06-27,HOSP-KAR-03,Manipal Hospital Old Airport Road,B+,PRBC,5,1,0,60,58,0
2026-06-27,HOSP-KAR-03,Manipal Hospital Old Airport Road,B-,PRBC,5,1,0,1,0,0
2026-06-27,HOSP-KAR-03,Manipal Hospital Old Airport Road,AB+,PRBC,5,1,0,19,16,0
2026-06-27,HOSP-KAR-03,Manipal Hospital Old Airport Road,AB-,PRBC,5,1,0,4,3,0
2026-06-27,HOSP-KAR-03,Manipal Hospital Old Airport Road,O+,PRBC,5,1,0,68,63,0
2026-06-27,HOSP-KAR-03,Manipal Hospital Old Airport Road,O-,PRBC,5,1,0,1,0,0
2026-06-27,HOSP-TN-04,Apollo Hospitals Greams Road,A+,PRBC,5,1,0,50,47,0
2026-06-27,HOSP-TN-04,Apollo Hospitals Greams Road,A-,PRBC,5,1,0,3,2,0
2026-06-27,HOSP-TN-04,Apollo Hospitals Greams Road,B+,PRBC,5,1,0,87,85,0
2026-06-27,HOSP-TN-04,Apollo Hospitals Greams Road,B-,PRBC,5,1,0,8,7,0
2026-06-27,HOSP-TN-04,Apollo Hospitals Greams Road,AB+,PRBC,5,1,0,20,18,0
2026-06-27,HOSP-TN-04,Apollo Hospitals Greams Road,AB-,PRBC,5,1,0,1,0,0
2026-06-27,HOSP-TN-04,Apollo Hospitals Greams Road,O+,PRBC,5,1,0,83,75,0
2026-06-27,HOSP-TN-04,Apollo Hospitals Greams Road,O-,PRBC,5,1,0,2,1,0
2026-06-27,HOSP-WB-05,SSKM Hospital & IPGMER,A+,PRBC,5,1,0,46,39,0
2026-06-27,HOSP-WB-05,SSKM Hospital & IPGMER,A-,PRBC,5,1,0,5,4,0
2026-06-27,HOSP-WB-05,SSKM Hospital & IPGMER,B+,PRBC,5,1,0,66,65,0
2026-06-27,HOSP-WB-05,SSKM Hospital & IPGMER,B-,PRBC,5,1,0,3,2,0
2026-06-27,HOSP-WB-05,SSKM Hospital & IPGMER,AB+,PRBC,5,1,0,15,14,1
2026-06-27,HOSP-WB-05,SSKM Hospital & IPGMER,AB-,PRBC,5,1,0,1,0,0
2026-06-27,HOSP-WB-05,SSKM Hospital & IPGMER,O+,PRBC,5,1,0,76,65,0
2026-06-27,HOSP-WB-05,SSKM Hospital & IPGMER,O-,PRBC,5,1,0,5,4,0
2026-06-28,HOSP-DEL-01,Safdarjung Hospital,A+,PRBC,6,1,0,53,52,0
2026-06-28,HOSP-DEL-01,Safdarjung Hospital,A-,PRBC,6,1,0,1,0,0
2026-06-28,HOSP-DEL-01,Safdarjung Hospital,B+,PRBC,6,1,0,64,56,0
2026-06-28,HOSP-DEL-01,Safdarjung Hospital,B-,PRBC,6,1,0,4,3,0
2026-06-28,HOSP-DEL-01,Safdarjung Hospital,AB+,PRBC,6,1,0,15,13,0
2026-06-28,HOSP-DEL-01,Safdarjung Hospital,AB-,PRBC,6,1,0,4,3,1
2026-06-28,HOSP-DEL-01,Safdarjung Hospital,O+,PRBC,6,1,0,35,29,0
2026-06-28,HOSP-DEL-01,Safdarjung Hospital,O-,PRBC,6,1,1,21,19,0
2026-06-28,HOSP-MAH-02,Lilavati Hospital & Research Centre,A+,PRBC,6,1,1,31,29,0
2026-06-28,HOSP-MAH-02,Lilavati Hospital & Research Centre,A-,PRBC,6,1,0,4,3,0
2026-06-28,HOSP-MAH-02,Lilavati Hospital & Research Centre,B+,PRBC,6,1,0,84,81,0
2026-06-28,HOSP-MAH-02,Lilavati Hospital & Research Centre,B-,PRBC,6,1,0,7,6,0
2026-06-28,HOSP-MAH-02,Lilavati Hospital & Research Centre,AB+,PRBC,6,1,0,11,10,0
2026-06-28,HOSP-MAH-02,Lilavati Hospital & Research Centre,AB-,PRBC,6,1,0,2,1,0
2026-06-28,HOSP-MAH-02,Lilavati Hospital & Research Centre,O+,PRBC,6,1,0,52,46,0
2026-06-28,HOSP-MAH-02,Lilavati Hospital & Research Centre,O-,PRBC,6,1,1,8,7,0
2026-06-28,HOSP-KAR-03,Manipal Hospital Old Airport Road,A+,PRBC,6,1,0,22,21,1
2026-06-28,HOSP-KAR-03,Manipal Hospital Old Airport Road,A-,PRBC,6,1,0,1,0,1
2026-06-28,HOSP-KAR-03,Manipal Hospital Old Airport Road,B+,PRBC,6,1,0,25,22,0
2026-06-28,HOSP-KAR-03,Manipal Hospital Old Airport Road,B-,PRBC,6,1,0,2,1,0
2026-06-28,HOSP-KAR-03,Manipal Hospital Old Airport Road,AB+,PRBC,6,1,0,5,4,0
2026-06-28,HOSP-KAR-03,Manipal Hospital Old Airport Road,AB-,PRBC,6,1,0,1,0,1
2026-06-28,HOSP-KAR-03,Manipal Hospital Old Airport Road,O+,PRBC,6,1,0,76,65,0
2026-06-28,HOSP-KAR-03,Manipal Hospital Old Airport Road,O-,PRBC,6,1,0,2,1,0
2026-06-28,HOSP-TN-04,Apollo Hospitals Greams Road,A+,PRBC,6,1,0,29,27,0
2026-06-28,HOSP-TN-04,Apollo Hospitals Greams Road,A-,PRBC,6,1,0,2,1,0
2026-06-28,HOSP-TN-04,Apollo Hospitals Greams Road,B+,PRBC,6,1,0,63,62,0
2026-06-28,HOSP-TN-04,Apollo Hospitals Greams Road,B-,PRBC,6,1,0,5,4,0
2026-06-28,HOSP-TN-04,Apollo Hospitals Greams Road,AB+,PRBC,6,1,1,21,18,0
2026-06-28,HOSP-TN-04,Apollo Hospitals Greams Road,AB-,PRBC,6,1,0,1,0,0
2026-06-28,HOSP-TN-04,Apollo Hospitals Greams Road,O+,PRBC,6,1,0,32,29,0
2026-06-28,HOSP-TN-04,Apollo Hospitals Greams Road,O-,PRBC,6,1,0,12,11,0
2026-06-28,HOSP-WB-05,SSKM Hospital & IPGMER,A+,PRBC,6,1,0,57,56,0
2026-06-28,HOSP-WB-05,SSKM Hospital & IPGMER,A-,PRBC,6,1,0,2,1,0
2026-06-28,HOSP-WB-05,SSKM Hospital & IPGMER,B+,PRBC,6,1,0,24,22,2
2026-06-28,HOSP-WB-05,SSKM Hospital & IPGMER,B-,PRBC,6,1,0,1,0,0
2026-06-28,HOSP-WB-05,SSKM Hospital & IPGMER,AB+,PRBC,6,1,0,9,7,0
2026-06-28,HOSP-WB-05,SSKM Hospital & IPGMER,AB-,PRBC,6,1,0,3,2,0
2026-06-28,HOSP-WB-05,SSKM Hospital & IPGMER,O+,PRBC,6,1,0,77,70,0
2026-06-28,HOSP-WB-05,SSKM Hospital & IPGMER,O-,PRBC,6,1,0,2,1,0
2026-06-29,HOSP-DEL-01,Safdarjung Hospital,A+,PRBC,0,0,0,12,11,0
2026-06-29,HOSP-DEL-01,Safdarjung Hospital,A-,PRBC,0,0,0,5,4,0
2026-06-29,HOSP-DEL-01,Safdarjung Hospital,B+,PRBC,0,0,0,44,40,0
2026-06-29,HOSP-DEL-01,Safdarjung Hospital,B-,PRBC,0,0,0,1,0,0
2026-06-29,HOSP-DEL-01,Safdarjung Hospital,AB+,PRBC,0,0,0,15,14,0
2026-06-29,HOSP-DEL-01,Safdarjung Hospital,AB-,PRBC,0,0,0,3,2,0
2026-06-29,HOSP-DEL-01,Safdarjung Hospital,O+,PRBC,0,0,0,83,80,0
2026-06-29,HOSP-DEL-01,Safdarjung Hospital,O-,PRBC,0,0,0,8,6,0
2026-06-29,HOSP-MAH-02,Lilavati Hospital & Research Centre,A+,PRBC,0,0,0,23,19,0
2026-06-29,HOSP-MAH-02,Lilavati Hospital & Research Centre,A-,PRBC,0,0,0,4,3,0
2026-06-29,HOSP-MAH-02,Lilavati Hospital & Research Centre,B+,PRBC,0,0,0,57,56,0
2026-06-29,HOSP-MAH-02,Lilavati Hospital & Research Centre,B-,PRBC,0,0,0,4,3,0
2026-06-29,HOSP-MAH-02,Lilavati Hospital & Research Centre,AB+,PRBC,0,0,0,19,18,1
2026-06-29,HOSP-MAH-02,Lilavati Hospital & Research Centre,AB-,PRBC,0,0,0,1,0,0
2026-06-29,HOSP-MAH-02,Lilavati Hospital & Research Centre,O+,PRBC,0,0,0,82,70,0
2026-06-29,HOSP-MAH-02,Lilavati Hospital & Research Centre,O-,PRBC,0,0,0,4,3,1
2026-06-29,HOSP-KAR-03,Manipal Hospital Old Airport Road,A+,PRBC,0,0,0,46,40,0
2026-06-29,HOSP-KAR-03,Manipal Hospital Old Airport Road,A-,PRBC,0,0,0,4,3,0
2026-06-29,HOSP-KAR-03,Manipal Hospital Old Airport Road,B+,PRBC,0,0,0,75,73,0
2026-06-29,HOSP-KAR-03,Manipal Hospital Old Airport Road,B-,PRBC,0,0,0,4,3,0
2026-06-29,HOSP-KAR-03,Manipal Hospital Old Airport Road,AB+,PRBC,0,0,0,7,6,0
2026-06-29,HOSP-KAR-03,Manipal Hospital Old Airport Road,AB-,PRBC,0,0,0,1,0,0
2026-06-29,HOSP-KAR-03,Manipal Hospital Old Airport Road,O+,PRBC,0,0,0,27,26,0
2026-06-29,HOSP-KAR-03,Manipal Hospital Old Airport Road,O-,PRBC,0,0,0,8,7,0
2026-06-29,HOSP-TN-04,Apollo Hospitals Greams Road,A+,PRBC,0,0,0,30,25,1
2026-06-29,HOSP-TN-04,Apollo Hospitals Greams Road,A-,PRBC,0,0,1,11,9,0
2026-06-29,HOSP-TN-04,Apollo Hospitals Greams Road,B+,PRBC,0,0,0,47,44,0
2026-06-29,HOSP-TN-04,Apollo Hospitals Greams Road,B-,PRBC,0,0,0,7,6,0
2026-06-29,HOSP-TN-04,Apollo Hospitals Greams Road,AB+,PRBC,0,0,0,16,15,0
2026-06-29,HOSP-TN-04,Apollo Hospitals Greams Road,AB-,PRBC,0,0,0,1,0,0
2026-06-29,HOSP-TN-04,Apollo Hospitals Greams Road,O+,PRBC,0,0,0,71,66,2
2026-06-29,HOSP-TN-04,Apollo Hospitals Greams Road,O-,PRBC,0,0,0,9,8,0
2026-06-29,HOSP-WB-05,SSKM Hospital & IPGMER,A+,PRBC,0,0,0,47,42,2
2026-06-29,HOSP-WB-05,SSKM Hospital & IPGMER,A-,PRBC,0,0,0,3,2,0
2026-06-29,HOSP-WB-05,SSKM Hospital & IPGMER,B+,PRBC,0,0,0,18,17,1
2026-06-29,HOSP-WB-05,SSKM Hospital & IPGMER,B-,PRBC,0,0,0,4,3,0
2026-06-29,HOSP-WB-05,SSKM Hospital & IPGMER,AB+,PRBC,0,0,0,8,7,0
2026-06-29,HOSP-WB-05,SSKM Hospital & IPGMER,AB-,PRBC,0,0,1,10,8,0
2026-06-29,HOSP-WB-05,SSKM Hospital & IPGMER,O+,PRBC,0,0,0,69,68,0
2026-06-29,HOSP-WB-05,SSKM Hospital & IPGMER,O-,PRBC,0,0,0,1,0,0
2026-06-30,HOSP-DEL-01,Safdarjung Hospital,A+,PRBC,1,0,0,28,23,0
2026-06-30,HOSP-DEL-01,Safdarjung Hospital,A-,PRBC,1,0,0,4,3,0
2026-06-30,HOSP-DEL-01,Safdarjung Hospital,B+,PRBC,1,0,0,26,24,0
2026-06-30,HOSP-DEL-01,Safdarjung Hospital,B-,PRBC,1,0,0,1,0,0
2026-06-30,HOSP-DEL-01,Safdarjung Hospital,AB+,PRBC,1,0,1,15,13,0
2026-06-30,HOSP-DEL-01,Safdarjung Hospital,AB-,PRBC,1,0,0,2,1,1
2026-06-30,HOSP-DEL-01,Safdarjung Hospital,O+,PRBC,1,0,0,21,20,0
2026-06-30,HOSP-DEL-01,Safdarjung Hospital,O-,PRBC,1,0,0,5,4,1
2026-06-30,HOSP-MAH-02,Lilavati Hospital & Research Centre,A+,PRBC,1,0,0,26,24,0
2026-06-30,HOSP-MAH-02,Lilavati Hospital & Research Centre,A-,PRBC,1,0,0,1,0,0
2026-06-30,HOSP-MAH-02,Lilavati Hospital & Research Centre,B+,PRBC,1,0,0,66,63,0
2026-06-30,HOSP-MAH-02,Lilavati Hospital & Research Centre,B-,PRBC,1,0,0,2,1,0
2026-06-30,HOSP-MAH-02,Lilavati Hospital & Research Centre,AB+,PRBC,1,0,1,20,19,0
2026-06-30,HOSP-MAH-02,Lilavati Hospital & Research Centre,AB-,PRBC,1,0,0,3,2,1
2026-06-30,HOSP-MAH-02,Lilavati Hospital & Research Centre,O+,PRBC,1,0,1,83,70,0
2026-06-30,HOSP-MAH-02,Lilavati Hospital & Research Centre,O-,PRBC,1,0,0,8,6,0
2026-06-30,HOSP-KAR-03,Manipal Hospital Old Airport Road,A+,PRBC,1,0,0,46,42,0
2026-06-30,HOSP-KAR-03,Manipal Hospital Old Airport Road,A-,PRBC,1,0,0,6,5,0
2026-06-30,HOSP-KAR-03,Manipal Hospital Old Airport Road,B+,PRBC,1,0,0,68,61,0
2026-06-30,HOSP-KAR-03,Manipal Hospital Old Airport Road,B-,PRBC,1,0,0,4,3,0
2026-06-30,HOSP-KAR-03,Manipal Hospital Old Airport Road,AB+,PRBC,1,0,1,19,18,0
2026-06-30,HOSP-KAR-03,Manipal Hospital Old Airport Road,AB-,PRBC,1,0,0,2,1,0
2026-06-30,HOSP-KAR-03,Manipal Hospital Old Airport Road,O+,PRBC,1,0,0,65,62,1
2026-06-30,HOSP-KAR-03,Manipal Hospital Old Airport Road,O-,PRBC,1,0,0,10,9,0
2026-06-30,HOSP-TN-04,Apollo Hospitals Greams Road,A+,PRBC,1,0,0,50,48,0
2026-06-30,HOSP-TN-04,Apollo Hospitals Greams Road,A-,PRBC,1,0,0,1,0,0
2026-06-30,HOSP-TN-04,Apollo Hospitals Greams Road,B+,PRBC,1,0,0,41,36,0
2026-06-30,HOSP-TN-04,Apollo Hospitals Greams Road,B-,PRBC,1,0,0,1,0,0
2026-06-30,HOSP-TN-04,Apollo Hospitals Greams Road,AB+,PRBC,1,0,0,11,9,0
2026-06-30,HOSP-TN-04,Apollo Hospitals Greams Road,AB-,PRBC,1,0,0,1,0,0
2026-06-30,HOSP-TN-04,Apollo Hospitals Greams Road,O+,PRBC,1,0,0,56,54,0
2026-06-30,HOSP-TN-04,Apollo Hospitals Greams Road,O-,PRBC,1,0,1,13,11,1
2026-06-30,HOSP-WB-05,SSKM Hospital & IPGMER,A+,PRBC,1,0,0,26,23,0
2026-06-30,HOSP-WB-05,SSKM Hospital & IPGMER,A-,PRBC,1,0,0,4,3,0
2026-06-30,HOSP-WB-05,SSKM Hospital & IPGMER,B+,PRBC,1,0,0,22,19,0
2026-06-30,HOSP-WB-05,SSKM Hospital & IPGMER,B-,PRBC,1,0,0,2,1,0
2026-06-30,HOSP-WB-05,SSKM Hospital & IPGMER,AB+,PRBC,1,0,0,20,18,1
2026-06-30,HOSP-WB-05,SSKM Hospital & IPGMER,AB-,PRBC,1,0,0,2,1,1
2026-06-30,HOSP-WB-05,SSKM Hospital & IPGMER,O+,PRBC,1,0,0,79,75,0
2026-06-30,HOSP-WB-05,SSKM Hospital & IPGMER,O-,PRBC,1,0,0,2,1,0
2026-07-01,HOSP-DEL-01,Safdarjung Hospital,A+,PRBC,2,0,0,34,33,0
2026-07-01,HOSP-DEL-01,Safdarjung Hospital,A-,PRBC,2,0,0,1,0,2
2026-07-01,HOSP-DEL-01,Safdarjung Hospital,B+,PRBC,2,0,0,67,56,0
2026-07-01,HOSP-DEL-01,Safdarjung Hospital,B-,PRBC,2,0,0,1,0,0
2026-07-01,HOSP-DEL-01,Safdarjung Hospital,AB+,PRBC,2,0,0,7,6,0
2026-07-01,HOSP-DEL-01,Safdarjung Hospital,AB-,PRBC,2,0,0,1,0,1
2026-07-01,HOSP-DEL-01,Safdarjung Hospital,O+,PRBC,2,0,0,56,55,0
2026-07-01,HOSP-DEL-01,Safdarjung Hospital,O-,PRBC,2,0,0,6,5,0
2026-07-01,HOSP-MAH-02,Lilavati Hospital & Research Centre,A+,PRBC,2,0,0,27,25,0
2026-07-01,HOSP-MAH-02,Lilavati Hospital & Research Centre,A-,PRBC,2,0,0,5,4,2
2026-07-01,HOSP-MAH-02,Lilavati Hospital & Research Centre,B+,PRBC,2,0,0,26,24,0
2026-07-01,HOSP-MAH-02,Lilavati Hospital & Research Centre,B-,PRBC,2,0,0,1,0,0
2026-07-01,HOSP-MAH-02,Lilavati Hospital & Research Centre,AB+,PRBC,2,0,0,15,12,2
2026-07-01,HOSP-MAH-02,Lilavati Hospital & Research Centre,AB-,PRBC,2,0,0,2,1,0
2026-07-01,HOSP-MAH-02,Lilavati Hospital & Research Centre,O+,PRBC,2,0,0,53,51,0
2026-07-01,HOSP-MAH-02,Lilavati Hospital & Research Centre,O-,PRBC,2,0,0,10,9,0
2026-07-01,HOSP-KAR-03,Manipal Hospital Old Airport Road,A+,PRBC,2,0,0,14,12,0
2026-07-01,HOSP-KAR-03,Manipal Hospital Old Airport Road,A-,PRBC,2,0,0,2,1,0
2026-07-01,HOSP-KAR-03,Manipal Hospital Old Airport Road,B+,PRBC,2,0,0,31,30,0
2026-07-01,HOSP-KAR-03,Manipal Hospital Old Airport Road,B-,PRBC,2,0,0,5,4,0
2026-07-01,HOSP-KAR-03,Manipal Hospital Old Airport Road,AB+,PRBC,2,0,0,21,19,0
2026-07-01,HOSP-KAR-03,Manipal Hospital Old Airport Road,AB-,PRBC,2,0,0,3,2,0
2026-07-01,HOSP-KAR-03,Manipal Hospital Old Airport Road,O+,PRBC,2,0,0,61,60,0
2026-07-01,HOSP-KAR-03,Manipal Hospital Old Airport Road,O-,PRBC,2,0,0,5,4,0
2026-07-01,HOSP-TN-04,Apollo Hospitals Greams Road,A+,PRBC,2,0,0,45,39,0
2026-07-01,HOSP-TN-04,Apollo Hospitals Greams Road,A-,PRBC,2,0,0,1,0,0
2026-07-01,HOSP-TN-04,Apollo Hospitals Greams Road,B+,PRBC,2,0,0,69,60,0
2026-07-01,HOSP-TN-04,Apollo Hospitals Greams Road,B-,PRBC,2,0,0,6,5,0
2026-07-01,HOSP-TN-04,Apollo Hospitals Greams Road,AB+,PRBC,2,0,0,13,11,0
2026-07-01,HOSP-TN-04,Apollo Hospitals Greams Road,AB-,PRBC,2,0,1,8,6,0
2026-07-01,HOSP-TN-04,Apollo Hospitals Greams Road,O+,PRBC,2,0,0,49,48,0
2026-07-01,HOSP-TN-04,Apollo Hospitals Greams Road,O-,PRBC,2,0,0,1,0,0
2026-07-01,HOSP-WB-05,SSKM Hospital & IPGMER,A+,PRBC,2,0,0,37,36,0
2026-07-01,HOSP-WB-05,SSKM Hospital & IPGMER,A-,PRBC,2,0,0,3,2,0
2026-07-01,HOSP-WB-05,SSKM Hospital & IPGMER,B+,PRBC,2,0,0,40,34,1
2026-07-01,HOSP-WB-05,SSKM Hospital & IPGMER,B-,PRBC,2,0,0,2,1,0
2026-07-01,HOSP-WB-05,SSKM Hospital & IPGMER,AB+,PRBC,2,0,0,13,12,1
2026-07-01,HOSP-WB-05,SSKM Hospital & IPGMER,AB-,PRBC,2,0,0,1,0,0
2026-07-01,HOSP-WB-05,SSKM Hospital & IPGMER,O+,PRBC,2,0,0,84,81,0
2026-07-01,HOSP-WB-05,SSKM Hospital & IPGMER,O-,PRBC,2,0,0,1,0,0
2026-07-02,HOSP-DEL-01,Safdarjung Hospital,A+,PRBC,3,0,0,47,44,0
2026-07-02,HOSP-DEL-01,Safdarjung Hospital,A-,PRBC,3,0,0,2,1,0
2026-07-02,HOSP-DEL-01,Safdarjung Hospital,B+,PRBC,3,0,0,50,43,0
2026-07-02,HOSP-DEL-01,Safdarjung Hospital,B-,PRBC,3,0,0,1,0,1
2026-07-02,HOSP-DEL-01,Safdarjung Hospital,AB+,PRBC,3,0,0,11,9,0
2026-07-02,HOSP-DEL-01,Safdarjung Hospital,AB-,PRBC,3,0,0,3,2,0
2026-07-02,HOSP-DEL-01,Safdarjung Hospital,O+,PRBC,3,0,0,26,24,1
2026-07-02,HOSP-DEL-01,Safdarjung Hospital,O-,PRBC,3,0,0,6,5,0
2026-07-02,HOSP-MAH-02,Lilavati Hospital & Research Centre,A+,PRBC,3,0,0,38,35,0
2026-07-02,HOSP-MAH-02,Lilavati Hospital & Research Centre,A-,PRBC,3,0,0,6,5,0
2026-07-02,HOSP-MAH-02,Lilavati Hospital & Research Centre,B+,PRBC,3,0,0,30,29,1
2026-07-02,HOSP-MAH-02,Lilavati Hospital & Research Centre,B-,PRBC,3,0,0,3,2,2
2026-07-02,HOSP-MAH-02,Lilavati Hospital & Research Centre,AB+,PRBC,3,0,0,4,3,0
2026-07-02,HOSP-MAH-02,Lilavati Hospital & Research Centre,AB-,PRBC,3,0,0,1,0,0
2026-07-02,HOSP-MAH-02,Lilavati Hospital & Research Centre,O+,PRBC,3,0,0,26,24,0
2026-07-02,HOSP-MAH-02,Lilavati Hospital & Research Centre,O-,PRBC,3,0,0,3,2,0
2026-07-02,HOSP-KAR-03,Manipal Hospital Old Airport Road,A+,PRBC,3,0,0,28,24,0
2026-07-02,HOSP-KAR-03,Manipal Hospital Old Airport Road,A-,PRBC,3,0,0,5,4,0
2026-07-02,HOSP-KAR-03,Manipal Hospital Old Airport Road,B+,PRBC,3,0,0,64,57,0
2026-07-02,HOSP-KAR-03,Manipal Hospital Old Airport Road,B-,PRBC,3,0,0,6,5,1
2026-07-02,HOSP-KAR-03,Manipal Hospital Old Airport Road,AB+,PRBC,3,0,0,12,11,0
2026-07-02,HOSP-KAR-03,Manipal Hospital Old Airport Road,AB-,PRBC,3,0,0,1,0,0
2026-07-02,HOSP-KAR-03,Manipal Hospital Old Airport Road,O+,PRBC,3,0,1,44,39,0
2026-07-02,HOSP-KAR-03,Manipal Hospital Old Airport Road,O-,PRBC,3,0,0,7,6,0
2026-07-02,HOSP-TN-04,Apollo Hospitals Greams Road,A+,PRBC,3,0,0,40,38,0
2026-07-02,HOSP-TN-04,Apollo Hospitals Greams Road,A-,PRBC,3,0,0,2,1,1
2026-07-02,HOSP-TN-04,Apollo Hospitals Greams Road,B+,PRBC,3,0,0,29,25,0
2026-07-02,HOSP-TN-04,Apollo Hospitals Greams Road,B-,PRBC,3,0,0,3,2,0
2026-07-02,HOSP-TN-04,Apollo Hospitals Greams Road,AB+,PRBC,3,0,1,32,30,0
2026-07-02,HOSP-TN-04,Apollo Hospitals Greams Road,AB-,PRBC,3,0,0,1,0,0
2026-07-02,HOSP-TN-04,Apollo Hospitals Greams Road,O+,PRBC,3,0,0,42,40,0
2026-07-02,HOSP-TN-04,Apollo Hospitals Greams Road,O-,PRBC,3,0,0,4,3,1
2026-07-02,HOSP-WB-05,SSKM Hospital & IPGMER,A+,PRBC,3,0,1,53,50,0
2026-07-02,HOSP-WB-05,SSKM Hospital & IPGMER,A-,PRBC,3,0,0,2,1,0
2026-07-02,HOSP-WB-05,SSKM Hospital & IPGMER,B+,PRBC,3,0,0,35,34,0
2026-07-02,HOSP-WB-05,SSKM Hospital & IPGMER,B-,PRBC,3,0,0,5,4,1
2026-07-02,HOSP-WB-05,SSKM Hospital & IPGMER,AB+,PRBC,3,0,0,11,9,0
2026-07-02,HOSP-WB-05,SSKM Hospital & IPGMER,AB-,PRBC,3,0,0,1,0,0
2026-07-02,HOSP-WB-05,SSKM Hospital & IPGMER,O+,PRBC,3,0,0,88,75,0
2026-07-02,HOSP-WB-05,SSKM Hospital & IPGMER,O-,PRBC,3,0,0,5,4,0
2026-07-03,HOSP-DEL-01,Safdarjung Hospital,A+,PRBC,4,0,0,29,27,0
2026-07-03,HOSP-DEL-01,Safdarjung Hospital,A-,PRBC,4,0,1,8,7,0
2026-07-03,HOSP-DEL-01,Safdarjung Hospital,B+,PRBC,4,0,0,59,57,1
2026-07-03,HOSP-DEL-01,Safdarjung Hospital,B-,PRBC,4,0,0,1,0,0
2026-07-03,HOSP-DEL-01,Safdarjung Hospital,AB+,PRBC,4,0,1,27,26,0
2026-07-03,HOSP-DEL-01,Safdarjung Hospital,AB-,PRBC,4,0,0,1,0,0
2026-07-03,HOSP-DEL-01,Safdarjung Hospital,O+,PRBC,4,0,0,33,29,1
2026-07-03,HOSP-DEL-01,Safdarjung Hospital,O-,PRBC,4,0,0,4,3,0
2026-07-03,HOSP-MAH-02,Lilavati Hospital & Research Centre,A+,PRBC,4,0,0,34,33,0
2026-07-03,HOSP-MAH-02,Lilavati Hospital & Research Centre,A-,PRBC,4,0,0,1,0,0
2026-07-03,HOSP-MAH-02,Lilavati Hospital & Research Centre,B+,PRBC,4,0,0,36,33,0
2026-07-03,HOSP-MAH-02,Lilavati Hospital & Research Centre,B-,PRBC,4,0,0,2,1,0
2026-07-03,HOSP-MAH-02,Lilavati Hospital & Research Centre,AB+,PRBC,4,0,0,22,20,1
2026-07-03,HOSP-MAH-02,Lilavati Hospital & Research Centre,AB-,PRBC,4,0,0,3,2,0
2026-07-03,HOSP-MAH-02,Lilavati Hospital & Research Centre,O+,PRBC,4,0,0,68,63,0
2026-07-03,HOSP-MAH-02,Lilavati Hospital & Research Centre,O-,PRBC,4,0,0,6,5,1
2026-07-03,HOSP-KAR-03,Manipal Hospital Old Airport Road,A+,PRBC,4,0,0,42,36,0
2026-07-03,HOSP-KAR-03,Manipal Hospital Old Airport Road,A-,PRBC,4,0,0,1,0,0
2026-07-03,HOSP-KAR-03,Manipal Hospital Old Airport Road,B+,PRBC,4,0,0,15,13,0
2026-07-03,HOSP-KAR-03,Manipal Hospital Old Airport Road,B-,PRBC,4,0,0,4,3,0
2026-07-03,HOSP-KAR-03,Manipal Hospital Old Airport Road,AB+,PRBC,4,0,1,13,11,0
2026-07-03,HOSP-KAR-03,Manipal Hospital Old Airport Road,AB-,PRBC,4,0,0,2,1,1
2026-07-03,HOSP-KAR-03,Manipal Hospital Old Airport Road,O+,PRBC,4,0,0,63,60,1
2026-07-03,HOSP-KAR-03,Manipal Hospital Old Airport Road,O-,PRBC,4,0,0,7,6,0
2026-07-03,HOSP-TN-04,Apollo Hospitals Greams Road,A+,PRBC,4,0,0,21,19,0
2026-07-03,HOSP-TN-04,Apollo Hospitals Greams Road,A-,PRBC,4,0,0,2,1,1
2026-07-03,HOSP-TN-04,Apollo Hospitals Greams Road,B+,PRBC,4,0,0,72,71,1
2026-07-03,HOSP-TN-04,Apollo Hospitals Greams Road,B-,PRBC,4,0,0,5,4,2
2026-07-03,HOSP-TN-04,Apollo Hospitals Greams Road,AB+,PRBC,4,0,0,12,11,0
2026-07-03,HOSP-TN-04,Apollo Hospitals Greams Road,AB-,PRBC,4,0,0,1,0,1
2026-07-03,HOSP-TN-04,Apollo Hospitals Greams Road,O+,PRBC,4,0,0,47,46,0
2026-07-03,HOSP-TN-04,Apollo Hospitals Greams Road,O-,PRBC,4,0,1,13,12,0
2026-07-03,HOSP-WB-05,SSKM Hospital & IPGMER,A+,PRBC,4,0,0,37,31,0
2026-07-03,HOSP-WB-05,SSKM Hospital & IPGMER,A-,PRBC,4,0,0,5,4,0
2026-07-03,HOSP-WB-05,SSKM Hospital & IPGMER,B+,PRBC,4,0,1,79,69,0
2026-07-03,HOSP-WB-05,SSKM Hospital & IPGMER,B-,PRBC,4,0,0,4,3,0
2026-07-03,HOSP-WB-05,SSKM Hospital & IPGMER,AB+,PRBC,4,0,0,15,13,0
2026-07-03,HOSP-WB-05,SSKM Hospital & IPGMER,AB-,PRBC,4,0,0,1,0,0
2026-07-03,HOSP-WB-05,SSKM Hospital & IPGMER,O+,PRBC,4,0,0,48,43,0
2026-07-03,HOSP-WB-05,SSKM Hospital & IPGMER,O-,PRBC,4,0,0,4,3,0
2026-07-04,HOSP-DEL-01,Safdarjung Hospital,A+,PRBC,5,1,0,61,52,2
2026-07-04,HOSP-DEL-01,Safdarjung Hospital,A-,PRBC,5,1,1,16,14,0
2026-07-04,HOSP-DEL-01,Safdarjung Hospital,B+,PRBC,5,1,0,65,62,0
2026-07-04,HOSP-DEL-01,Safdarjung Hospital,B-,PRBC,5,1,0,3,2,0
2026-07-04,HOSP-DEL-01,Safdarjung Hospital,AB+,PRBC,5,1,0,4,3,0
2026-07-04,HOSP-DEL-01,Safdarjung Hospital,AB-,PRBC,5,1,0,1,0,0
2026-07-04,HOSP-DEL-01,Safdarjung Hospital,O+,PRBC,5,1,0,29,25,0
2026-07-04,HOSP-DEL-01,Safdarjung Hospital,O-,PRBC,5,1,0,5,4,1
2026-07-04,HOSP-MAH-02,Lilavati Hospital & Research Centre,A+,PRBC,5,1,0,36,33,0
2026-07-04,HOSP-MAH-02,Lilavati Hospital & Research Centre,A-,PRBC,5,1,0,1,0,0
2026-07-04,HOSP-MAH-02,Lilavati Hospital & Research Centre,B+,PRBC,5,1,1,70,60,0
2026-07-04,HOSP-MAH-02,Lilavati Hospital & Research Centre,B-,PRBC,5,1,1,16,14,0
2026-07-04,HOSP-MAH-02,Lilavati Hospital & Research Centre,AB+,PRBC,5,1,0,17,15,0
2026-07-04,HOSP-MAH-02,Lilavati Hospital & Research Centre,AB-,PRBC,5,1,0,4,3,1
2026-07-04,HOSP-MAH-02,Lilavati Hospital & Research Centre,O+,PRBC,5,1,0,87,75,0
2026-07-04,HOSP-MAH-02,Lilavati Hospital & Research Centre,O-,PRBC,5,1,0,5,4,0
2026-07-04,HOSP-KAR-03,Manipal Hospital Old Airport Road,A+,PRBC,5,1,0,43,37,0
2026-07-04,HOSP-KAR-03,Manipal Hospital Old Airport Road,A-,PRBC,5,1,0,1,0,0
2026-07-04,HOSP-KAR-03,Manipal Hospital Old Airport Road,B+,PRBC,5,1,0,50,47,0
2026-07-04,HOSP-KAR-03,Manipal Hospital Old Airport Road,B-,PRBC,5,1,1,5,4,1
2026-07-04,HOSP-KAR-03,Manipal Hospital Old Airport Road,AB+,PRBC,5,1,0,16,15,0
2026-07-04,HOSP-KAR-03,Manipal Hospital Old Airport Road,AB-,PRBC,5,1,0,2,1,0
2026-07-04,HOSP-KAR-03,Manipal Hospital Old Airport Road,O+,PRBC,5,1,0,106,96,0
2026-07-04,HOSP-KAR-03,Manipal Hospital Old Airport Road,O-,PRBC,5,1,1,14,11,0
2026-07-04,HOSP-TN-04,Apollo Hospitals Greams Road,A+,PRBC,5,1,0,27,23,0
2026-07-04,HOSP-TN-04,Apollo Hospitals Greams Road,A-,PRBC,5,1,0,5,4,0
2026-07-04,HOSP-TN-04,Apollo Hospitals Greams Road,B+,PRBC,5,1,0,26,24,0
2026-07-04,HOSP-TN-04,Apollo Hospitals Greams Road,B-,PRBC,5,1,0,2,1,0
2026-07-04,HOSP-TN-04,Apollo Hospitals Greams Road,AB+,PRBC,5,1,1,24,20,0
2026-07-04,HOSP-TN-04,Apollo Hospitals Greams Road,AB-,PRBC,5,1,0,1,0,2
2026-07-04,HOSP-TN-04,Apollo Hospitals Greams Road,O+,PRBC,5,1,0,102,96,0
2026-07-04,HOSP-TN-04,Apollo Hospitals Greams Road,O-,PRBC,5,1,0,6,5,0
2026-07-04,HOSP-WB-05,SSKM Hospital & IPGMER,A+,PRBC,5,1,0,46,44,1
2026-07-04,HOSP-WB-05,SSKM Hospital & IPGMER,A-,PRBC,5,1,0,2,1,0
2026-07-04,HOSP-WB-05,SSKM Hospital & IPGMER,B+,PRBC,5,1,0,26,22,0
2026-07-04,HOSP-WB-05,SSKM Hospital & IPGMER,B-,PRBC,5,1,0,5,4,0
2026-07-04,HOSP-WB-05,SSKM Hospital & IPGMER,AB+,PRBC,5,1,0,23,20,0
2026-07-04,HOSP-WB-05,SSKM Hospital & IPGMER,AB-,PRBC,5,1,0,1,0,0
2026-07-04,HOSP-WB-05,SSKM Hospital & IPGMER,O+,PRBC,5,1,0,80,70,0
2026-07-04,HOSP-WB-05,SSKM Hospital & IPGMER,O-,PRBC,5,1,0,8,7,1
2026-07-05,HOSP-DEL-01,Safdarjung Hospital,A+,PRBC,6,1,0,65,61,1
2026-07-05,HOSP-DEL-01,Safdarjung Hospital,A-,PRBC,6,1,0,1,0,0
2026-07-05,HOSP-DEL-01,Safdarjung Hospital,B+,PRBC,6,1,0,21,19,0
2026-07-05,HOSP-DEL-01,Safdarjung Hospital,B-,PRBC,6,1,0,1,0,0
2026-07-05,HOSP-DEL-01,Safdarjung Hospital,AB+,PRBC,6,1,0,22,20,0
2026-07-05,HOSP-DEL-01,Safdarjung Hospital,AB-,PRBC,6,1,0,2,1,0
2026-07-05,HOSP-DEL-01,Safdarjung Hospital,O+,PRBC,6,1,1,35,32,0
2026-07-05,HOSP-DEL-01,Safdarjung Hospital,O-,PRBC,6,1,1,16,14,0
2026-07-05,HOSP-MAH-02,Lilavati Hospital & Research Centre,A+,PRBC,6,1,0,19,16,0
2026-07-05,HOSP-MAH-02,Lilavati Hospital & Research Centre,A-,PRBC,6,1,0,1,0,1
2026-07-05,HOSP-MAH-02,Lilavati Hospital & Research Centre,B+,PRBC,6,1,0,58,52,0
2026-07-05,HOSP-MAH-02,Lilavati Hospital & Research Centre,B-,PRBC,6,1,0,1,0,0
2026-07-05,HOSP-MAH-02,Lilavati Hospital & Research Centre,AB+,PRBC,6,1,0,22,19,0
2026-07-05,HOSP-MAH-02,Lilavati Hospital & Research Centre,AB-,PRBC,6,1,0,1,0,0
2026-07-05,HOSP-MAH-02,Lilavati Hospital & Research Centre,O+,PRBC,6,1,0,56,55,0
2026-07-05,HOSP-MAH-02,Lilavati Hospital & Research Centre,O-,PRBC,6,1,0,1,0,0
2026-07-05,HOSP-KAR-03,Manipal Hospital Old Airport Road,A+,PRBC,6,1,0,59,57,0
2026-07-05,HOSP-KAR-03,Manipal Hospital Old Airport Road,A-,PRBC,6,1,0,3,2,0
2026-07-05,HOSP-KAR-03,Manipal Hospital Old Airport Road,B+,PRBC,6,1,0,45,42,0
2026-07-05,HOSP-KAR-03,Manipal Hospital Old Airport Road,B-,PRBC,6,1,0,4,3,0
2026-07-05,HOSP-KAR-03,Manipal Hospital Old Airport Road,AB+,PRBC,6,1,0,8,7,0
2026-07-05,HOSP-KAR-03,Manipal Hospital Old Airport Road,AB-,PRBC,6,1,0,1,0,1
2026-07-05,HOSP-KAR-03,Manipal Hospital Old Airport Road,O+,PRBC,6,1,0,34,32,2
2026-07-05,HOSP-KAR-03,Manipal Hospital Old Airport Road,O-,PRBC,6,1,0,6,5,2
2026-07-05,HOSP-TN-04,Apollo Hospitals Greams Road,A+,PRBC,6,1,0,26,22,0
2026-07-05,HOSP-TN-04,Apollo Hospitals Greams Road,A-,PRBC,6,1,0,1,0,0
2026-07-05,HOSP-TN-04,Apollo Hospitals Greams Road,B+,PRBC,6,1,0,67,60,0
2026-07-05,HOSP-TN-04,Apollo Hospitals Greams Road,B-,PRBC,6,1,0,1,0,0
2026-07-05,HOSP-TN-04,Apollo Hospitals Greams Road,AB+,PRBC,6,1,0,23,19,0
2026-07-05,HOSP-TN-04,Apollo Hospitals Greams Road,AB-,PRBC,6,1,0,1,0,1
2026-07-05,HOSP-TN-04,Apollo Hospitals Greams Road,O+,PRBC,6,1,0,42,38,0
2026-07-05,HOSP-TN-04,Apollo Hospitals Greams Road,O-,PRBC,6,1,0,7,6,0
2026-07-05,HOSP-WB-05,SSKM Hospital & IPGMER,A+,PRBC,6,1,0,55,47,0
2026-07-05,HOSP-WB-05,SSKM Hospital & IPGMER,A-,PRBC,6,1,0,2,1,0
2026-07-05,HOSP-WB-05,SSKM Hospital & IPGMER,B+,PRBC,6,1,0,31,26,1
2026-07-05,HOSP-WB-05,SSKM Hospital & IPGMER,B-,PRBC,6,1,0,3,2,0
2026-07-05,HOSP-WB-05,SSKM Hospital & IPGMER,AB+,PRBC,6,1,0,13,11,1
2026-07-05,HOSP-WB-05,SSKM Hospital & IPGMER,AB-,PRBC,6,1,1,14,12,1
2026-07-05,HOSP-WB-05,SSKM Hospital & IPGMER,O+,PRBC,6,1,0,92,79,0
2026-07-05,HOSP-WB-05,SSKM Hospital & IPGMER,O-,PRBC,6,1,0,8,7,1
2026-07-06,HOSP-DEL-01,Safdarjung Hospital,A+,PRBC,0,0,0,15,13,0
2026-07-06,HOSP-DEL-01,Safdarjung Hospital,A-,PRBC,0,0,0,5,4,0
2026-07-06,HOSP-DEL-01,Safdarjung Hospital,B+,PRBC,0,0,0,73,67,0
2026-07-06,HOSP-DEL-01,Safdarjung Hospital,B-,PRBC,0,0,0,4,3,0
2026-07-06,HOSP-DEL-01,Safdarjung Hospital,AB+,PRBC,0,0,0,11,10,0
2026-07-06,HOSP-DEL-01,Safdarjung Hospital,AB-,PRBC,0,0,0,4,3,0
2026-07-06,HOSP-DEL-01,Safdarjung Hospital,O+,PRBC,0,0,0,51,44,0
2026-07-06,HOSP-DEL-01,Safdarjung Hospital,O-,PRBC,0,0,0,9,8,0
2026-07-06,HOSP-MAH-02,Lilavati Hospital & Research Centre,A+,PRBC,0,0,0,33,31,0
2026-07-06,HOSP-MAH-02,Lilavati Hospital & Research Centre,A-,PRBC,0,0,0,1,0,0
2026-07-06,HOSP-MAH-02,Lilavati Hospital & Research Centre,B+,PRBC,0,0,0,18,15,2
2026-07-06,HOSP-MAH-02,Lilavati Hospital & Research Centre,B-,PRBC,0,0,0,3,2,0
2026-07-06,HOSP-MAH-02,Lilavati Hospital & Research Centre,AB+,PRBC,0,0,0,22,20,0
2026-07-06,HOSP-MAH-02,Lilavati Hospital & Research Centre,AB-,PRBC,0,0,0,2,1,1
2026-07-06,HOSP-MAH-02,Lilavati Hospital & Research Centre,O+,PRBC,0,0,0,54,53,0
2026-07-06,HOSP-MAH-02,Lilavati Hospital & Research Centre,O-,PRBC,0,0,0,5,4,0
2026-07-06,HOSP-KAR-03,Manipal Hospital Old Airport Road,A+,PRBC,0,0,0,15,13,0
2026-07-06,HOSP-KAR-03,Manipal Hospital Old Airport Road,A-,PRBC,0,0,0,2,1,0
2026-07-06,HOSP-KAR-03,Manipal Hospital Old Airport Road,B+,PRBC,0,0,0,46,41,0
2026-07-06,HOSP-KAR-03,Manipal Hospital Old Airport Road,B-,PRBC,0,0,0,2,1,0
2026-07-06,HOSP-KAR-03,Manipal Hospital Old Airport Road,AB+,PRBC,0,0,0,9,8,0
2026-07-06,HOSP-KAR-03,Manipal Hospital Old Airport Road,AB-,PRBC,0,0,0,3,2,0
2026-07-06,HOSP-KAR-03,Manipal Hospital Old Airport Road,O+,PRBC,0,0,0,86,84,0
2026-07-06,HOSP-KAR-03,Manipal Hospital Old Airport Road,O-,PRBC,0,0,0,4,3,0
2026-07-06,HOSP-TN-04,Apollo Hospitals Greams Road,A+,PRBC,0,0,0,21,20,0
2026-07-06,HOSP-TN-04,Apollo Hospitals Greams Road,A-,PRBC,0,0,0,3,2,0
2026-07-06,HOSP-TN-04,Apollo Hospitals Greams Road,B+,PRBC,0,0,0,63,57,0
2026-07-06,HOSP-TN-04,Apollo Hospitals Greams Road,B-,PRBC,0,0,0,4,3,0
2026-07-06,HOSP-TN-04,Apollo Hospitals Greams Road,AB+,PRBC,0,0,0,19,17,0
2026-07-06,HOSP-TN-04,Apollo Hospitals Greams Road,AB-,PRBC,0,0,0,1,0,0
2026-07-06,HOSP-TN-04,Apollo Hospitals Greams Road,O+,PRBC,0,0,0,43,37,0
2026-07-06,HOSP-TN-04,Apollo Hospitals Greams Road,O-,PRBC,0,0,0,6,5,0
2026-07-06,HOSP-WB-05,SSKM Hospital & IPGMER,A+,PRBC,0,0,0,31,29,0
2026-07-06,HOSP-WB-05,SSKM Hospital & IPGMER,A-,PRBC,0,0,0,2,1,0
2026-07-06,HOSP-WB-05,SSKM Hospital & IPGMER,B+,PRBC,0,0,0,37,34,0
2026-07-06,HOSP-WB-05,SSKM Hospital & IPGMER,B-,PRBC,0,0,0,1,0,0
2026-07-06,HOSP-WB-05,SSKM Hospital & IPGMER,AB+,PRBC,0,0,0,12,10,0
2026-07-06,HOSP-WB-05,SSKM Hospital & IPGMER,AB-,PRBC,0,0,0,2,1,0
2026-07-06,HOSP-WB-05,SSKM Hospital & IPGMER,O+,PRBC,0,0,0,44,38,0
2026-07-06,HOSP-WB-05,SSKM Hospital & IPGMER,O-,PRBC,0,0,1,17,15,1
2026-07-07,HOSP-DEL-01,Safdarjung Hospital,A+,PRBC,1,0,0,41,35,1
2026-07-07,HOSP-DEL-01,Safdarjung Hospital,A-,PRBC,1,0,0,1,0,0
2026-07-07,HOSP-DEL-01,Safdarjung Hospital,B+,PRBC,1,0,0,57,51,0
2026-07-07,HOSP-DEL-01,Safdarjung Hospital,B-,PRBC,1,0,0,3,2,0
2026-07-07,HOSP-DEL-01,Safdarjung Hospital,AB+,PRBC,1,0,0,2,1,0
2026-07-07,HOSP-DEL-01,Safdarjung Hospital,AB-,PRBC,1,0,0,1,0,0
2026-07-07,HOSP-DEL-01,Safdarjung Hospital,O+,PRBC,1,0,1,74,69,0
2026-07-07,HOSP-DEL-01,Safdarjung Hospital,O-,PRBC,1,0,0,9,8,0
2026-07-07,HOSP-MAH-02,Lilavati Hospital & Research Centre,A+,PRBC,1,0,0,31,29,0
2026-07-07,HOSP-MAH-02,Lilavati Hospital & Research Centre,A-,PRBC,1,0,0,6,5,0
2026-07-07,HOSP-MAH-02,Lilavati Hospital & Research Centre,B+,PRBC,1,0,0,21,18,0
2026-07-07,HOSP-MAH-02,Lilavati Hospital & Research Centre,B-,PRBC,1,0,0,3,2,0
2026-07-07,HOSP-MAH-02,Lilavati Hospital & Research Centre,AB+,PRBC,1,0,1,16,15,0
2026-07-07,HOSP-MAH-02,Lilavati Hospital & Research Centre,AB-,PRBC,1,0,0,4,3,0
2026-07-07,HOSP-MAH-02,Lilavati Hospital & Research Centre,O+,PRBC,1,0,0,82,80,0
2026-07-07,HOSP-MAH-02,Lilavati Hospital & Research Centre,O-,PRBC,1,0,0,7,6,0
2026-07-07,HOSP-KAR-03,Manipal Hospital Old Airport Road,A+,PRBC,1,0,0,36,31,0
2026-07-07,HOSP-KAR-03,Manipal Hospital Old Airport Road,A-,PRBC,1,0,0,4,3,0
2026-07-07,HOSP-KAR-03,Manipal Hospital Old Airport Road,B+,PRBC,1,0,0,43,40,0
2026-07-07,HOSP-KAR-03,Manipal Hospital Old Airport Road,B-,PRBC,1,0,1,12,10,0
2026-07-07,HOSP-KAR-03,Manipal Hospital Old Airport Road,AB+,PRBC,1,0,0,10,8,0
2026-07-07,HOSP-KAR-03,Manipal Hospital Old Airport Road,AB-,PRBC,1,0,0,1,0,1
2026-07-07,HOSP-KAR-03,Manipal Hospital Old Airport Road,O+,PRBC,1,0,1,67,63,1
2026-07-07,HOSP-KAR-03,Manipal Hospital Old Airport Road,O-,PRBC,1,0,0,9,8,0
2026-07-07,HOSP-TN-04,Apollo Hospitals Greams Road,A+,PRBC,1,0,0,14,13,0
2026-07-07,HOSP-TN-04,Apollo Hospitals Greams Road,A-,PRBC,1,0,0,1,0,0
2026-07-07,HOSP-TN-04,Apollo Hospitals Greams Road,B+,PRBC,1,0,0,50,47,0
2026-07-07,HOSP-TN-04,Apollo Hospitals Greams Road,B-,PRBC,1,0,0,3,2,0
2026-07-07,HOSP-TN-04,Apollo Hospitals Greams Road,AB+,PRBC,1,0,0,18,15,0
2026-07-07,HOSP-TN-04,Apollo Hospitals Greams Road,AB-,PRBC,1,0,0,1,0,0
2026-07-07,HOSP-TN-04,Apollo Hospitals Greams Road,O+,PRBC,1,0,0,32,27,0
2026-07-07,HOSP-TN-04,Apollo Hospitals Greams Road,O-,PRBC,1,0,0,1,0,0
2026-07-07,HOSP-WB-05,SSKM Hospital & IPGMER,A+,PRBC,1,0,0,36,35,0
2026-07-07,HOSP-WB-05,SSKM Hospital & IPGMER,A-,PRBC,1,0,0,2,1,0
2026-07-07,HOSP-WB-05,SSKM Hospital & IPGMER,B+,PRBC,1,0,0,21,20,0
2026-07-07,HOSP-WB-05,SSKM Hospital & IPGMER,B-,PRBC,1,0,0,4,3,0
2026-07-07,HOSP-WB-05,SSKM Hospital & IPGMER,AB+,PRBC,1,0,0,7,6,0
2026-07-07,HOSP-WB-05,SSKM Hospital & IPGMER,AB-,PRBC,1,0,0,2,1,1
2026-07-07,HOSP-WB-05,SSKM Hospital & IPGMER,O+,PRBC,1,0,0,72,67,0
2026-07-07,HOSP-WB-05,SSKM Hospital & IPGMER,O-,PRBC,1,0,0,5,4,0
2026-07-08,HOSP-DEL-01,Safdarjung Hospital,A+,PRBC,2,0,0,26,25,0
2026-07-08,HOSP-DEL-01,Safdarjung Hospital,A-,PRBC,2,0,0,5,4,0
2026-07-08,HOSP-DEL-01,Safdarjung Hospital,B+,PRBC,2,0,0,18,15,0
2026-07-08,HOSP-DEL-01,Safdarjung Hospital,B-,PRBC,2,0,0,3,2,0
2026-07-08,HOSP-DEL-01,Safdarjung Hospital,AB+,PRBC,2,0,0,11,9,0
2026-07-08,HOSP-DEL-01,Safdarjung Hospital,AB-,PRBC,2,0,0,2,1,0
2026-07-08,HOSP-DEL-01,Safdarjung Hospital,O+,PRBC,2,0,0,43,39,0
2026-07-08,HOSP-DEL-01,Safdarjung Hospital,O-,PRBC,2,0,0,5,4,0
2026-07-08,HOSP-MAH-02,Lilavati Hospital & Research Centre,A+,PRBC,2,0,0,26,25,0
2026-07-08,HOSP-MAH-02,Lilavati Hospital & Research Centre,A-,PRBC,2,0,0,1,0,0
2026-07-08,HOSP-MAH-02,Lilavati Hospital & Research Centre,B+,PRBC,2,0,1,45,43,0
2026-07-08,HOSP-MAH-02,Lilavati Hospital & Research Centre,B-,PRBC,2,0,0,5,4,0
2026-07-08,HOSP-MAH-02,Lilavati Hospital & Research Centre,AB+,PRBC,2,0,0,11,10,0
2026-07-08,HOSP-MAH-02,Lilavati Hospital & Research Centre,AB-,PRBC,2,0,0,1,0,0
2026-07-08,HOSP-MAH-02,Lilavati Hospital & Research Centre,O+,PRBC,2,0,0,40,36,0
2026-07-08,HOSP-MAH-02,Lilavati Hospital & Research Centre,O-,PRBC,2,0,0,2,1,0
2026-07-08,HOSP-KAR-03,Manipal Hospital Old Airport Road,A+,PRBC,2,0,1,42,35,0
2026-07-08,HOSP-KAR-03,Manipal Hospital Old Airport Road,A-,PRBC,2,0,0,3,2,0
2026-07-08,HOSP-KAR-03,Manipal Hospital Old Airport Road,B+,PRBC,2,0,0,23,20,0
2026-07-08,HOSP-KAR-03,Manipal Hospital Old Airport Road,B-,PRBC,2,0,0,2,1,1
2026-07-08,HOSP-KAR-03,Manipal Hospital Old Airport Road,AB+,PRBC,2,0,0,4,3,0
2026-07-08,HOSP-KAR-03,Manipal Hospital Old Airport Road,AB-,PRBC,2,0,0,1,0,0
2026-07-08,HOSP-KAR-03,Manipal Hospital Old Airport Road,O+,PRBC,2,0,0,54,48,0
2026-07-08,HOSP-KAR-03,Manipal Hospital Old Airport Road,O-,PRBC,2,0,0,8,7,0
2026-07-08,HOSP-TN-04,Apollo Hospitals Greams Road,A+,PRBC,2,0,0,41,38,0
2026-07-08,HOSP-TN-04,Apollo Hospitals Greams Road,A-,PRBC,2,0,1,15,14,0
2026-07-08,HOSP-TN-04,Apollo Hospitals Greams Road,B+,PRBC,2,0,0,30,27,0
2026-07-08,HOSP-TN-04,Apollo Hospitals Greams Road,B-,PRBC,2,0,0,3,2,0
2026-07-08,HOSP-TN-04,Apollo Hospitals Greams Road,AB+,PRBC,2,0,0,19,16,0
2026-07-08,HOSP-TN-04,Apollo Hospitals Greams Road,AB-,PRBC,2,0,0,2,1,0
2026-07-08,HOSP-TN-04,Apollo Hospitals Greams Road,O+,PRBC,2,0,0,81,75,0
2026-07-08,HOSP-TN-04,Apollo Hospitals Greams Road,O-,PRBC,2,0,0,2,1,0
2026-07-08,HOSP-WB-05,SSKM Hospital & IPGMER,A+,PRBC,2,0,0,14,11,0
2026-07-08,HOSP-WB-05,SSKM Hospital & IPGMER,A-,PRBC,2,0,0,4,3,0
2026-07-08,HOSP-WB-05,SSKM Hospital & IPGMER,B+,PRBC,2,0,0,70,60,0
2026-07-08,HOSP-WB-05,SSKM Hospital & IPGMER,B-,PRBC,2,0,0,4,3,0
2026-07-08,HOSP-WB-05,SSKM Hospital & IPGMER,AB+,PRBC,2,0,0,18,15,1
2026-07-08,HOSP-WB-05,SSKM Hospital & IPGMER,AB-,PRBC,2,0,0,1,0,1
2026-07-08,HOSP-WB-05,SSKM Hospital & IPGMER,O+,PRBC,2,0,0,61,53,1
2026-07-08,HOSP-WB-05,SSKM Hospital & IPGMER,O-,PRBC,2,0,0,5,4,0
2026-07-09,HOSP-DEL-01,Safdarjung Hospital,A+,PRBC,3,0,0,22,20,0
2026-07-09,HOSP-DEL-01,Safdarjung Hospital,A-,PRBC,3,0,0,1,0,0
2026-07-09,HOSP-DEL-01,Safdarjung Hospital,B+,PRBC,3,0,0,32,30,0
2026-07-09,HOSP-DEL-01,Safdarjung Hospital,B-,PRBC,3,0,0,1,0,0
2026-07-09,HOSP-DEL-01,Safdarjung Hospital,AB+,PRBC,3,0,0,10,8,0
2026-07-09,HOSP-DEL-01,Safdarjung Hospital,AB-,PRBC,3,0,0,2,1,0
2026-07-09,HOSP-DEL-01,Safdarjung Hospital,O+,PRBC,3,0,0,43,42,0
2026-07-09,HOSP-DEL-01,Safdarjung Hospital,O-,PRBC,3,0,0,8,6,1
2026-07-09,HOSP-MAH-02,Lilavati Hospital & Research Centre,A+,PRBC,3,0,0,29,26,0
2026-07-09,HOSP-MAH-02,Lilavati Hospital & Research Centre,A-,PRBC,3,0,0,1,0,0
2026-07-09,HOSP-MAH-02,Lilavati Hospital & Research Centre,B+,PRBC,3,0,0,37,33,0
2026-07-09,HOSP-MAH-02,Lilavati Hospital & Research Centre,B-,PRBC,3,0,0,2,1,0
2026-07-09,HOSP-MAH-02,Lilavati Hospital & Research Centre,AB+,PRBC,3,0,0,14,12,0
2026-07-09,HOSP-MAH-02,Lilavati Hospital & Research Centre,AB-,PRBC,3,0,1,13,11,0
2026-07-09,HOSP-MAH-02,Lilavati Hospital & Research Centre,O+,PRBC,3,0,0,35,32,0
2026-07-09,HOSP-MAH-02,Lilavati Hospital & Research Centre,O-,PRBC,3,0,0,4,3,1
2026-07-09,HOSP-KAR-03,Manipal Hospital Old Airport Road,A+,PRBC,3,0,0,39,33,0
2026-07-09,HOSP-KAR-03,Manipal Hospital Old Airport Road,A-,PRBC,3,0,0,2,1,2
2026-07-09,HOSP-KAR-03,Manipal Hospital Old Airport Road,B+,PRBC,3,0,0,44,38,0
2026-07-09,HOSP-KAR-03,Manipal Hospital Old Airport Road,B-,PRBC,3,0,0,1,0,0
2026-07-09,HOSP-KAR-03,Manipal Hospital Old Airport Road,AB+,PRBC,3,0,0,8,7,0
2026-07-09,HOSP-KAR-03,Manipal Hospital Old Airport Road,AB-,PRBC,3,0,0,1,0,0
2026-07-09,HOSP-KAR-03,Manipal Hospital Old Airport Road,O+,PRBC,3,0,0,49,47,0
2026-07-09,HOSP-KAR-03,Manipal Hospital Old Airport Road,O-,PRBC,3,0,0,5,4,0
2026-07-09,HOSP-TN-04,Apollo Hospitals Greams Road,A+,PRBC,3,0,0,43,40,0
2026-07-09,HOSP-TN-04,Apollo Hospitals Greams Road,A-,PRBC,3,0,0,2,1,0
2026-07-09,HOSP-TN-04,Apollo Hospitals Greams Road,B+,PRBC,3,0,0,71,68,0
2026-07-09,HOSP-TN-04,Apollo Hospitals Greams Road,B-,PRBC,3,0,0,1,0,0
2026-07-09,HOSP-TN-04,Apollo Hospitals Greams Road,AB+,PRBC,3,0,0,8,7,0
2026-07-09,HOSP-TN-04,Apollo Hospitals Greams Road,AB-,PRBC,3,0,0,1,0,0
2026-07-09,HOSP-TN-04,Apollo Hospitals Greams Road,O+,PRBC,3,0,0,81,71,0
2026-07-09,HOSP-TN-04,Apollo Hospitals Greams Road,O-,PRBC,3,0,0,6,5,0
2026-07-09,HOSP-WB-05,SSKM Hospital & IPGMER,A+,PRBC,3,0,0,50,46,0
2026-07-09,HOSP-WB-05,SSKM Hospital & IPGMER,A-,PRBC,3,0,1,7,6,0
2026-07-09,HOSP-WB-05,SSKM Hospital & IPGMER,B+,PRBC,3,0,1,39,37,0
2026-07-09,HOSP-WB-05,SSKM Hospital & IPGMER,B-,PRBC,3,0,0,4,3,0
2026-07-09,HOSP-WB-05,SSKM Hospital & IPGMER,AB+,PRBC,3,0,0,9,8,1
2026-07-09,HOSP-WB-05,SSKM Hospital & IPGMER,AB-,PRBC,3,0,0,4,3,0
2026-07-09,HOSP-WB-05,SSKM Hospital & IPGMER,O+,PRBC,3,0,0,43,41,1
2026-07-09,HOSP-WB-05,SSKM Hospital & IPGMER,O-,PRBC,3,0,0,3,2,0
2026-07-10,HOSP-DEL-01,Safdarjung Hospital,A+,PRBC,4,0,0,32,27,0
2026-07-10,HOSP-DEL-01,Safdarjung Hospital,A-,PRBC,4,0,0,5,4,0
2026-07-10,HOSP-DEL-01,Safdarjung Hospital,B+,PRBC,4,0,0,52,50,0
2026-07-10,HOSP-DEL-01,Safdarjung Hospital,B-,PRBC,4,0,0,4,3,0
2026-07-10,HOSP-DEL-01,Safdarjung Hospital,AB+,PRBC,4,0,0,20,17,1
2026-07-10,HOSP-DEL-01,Safdarjung Hospital,AB-,PRBC,4,0,0,1,0,0
2026-07-10,HOSP-DEL-01,Safdarjung Hospital,O+,PRBC,4,0,0,54,53,2
2026-07-10,HOSP-DEL-01,Safdarjung Hospital,O-,PRBC,4,0,0,1,0,0
2026-07-10,HOSP-MAH-02,Lilavati Hospital & Research Centre,A+,PRBC,4,0,0,32,27,0
2026-07-10,HOSP-MAH-02,Lilavati Hospital & Research Centre,A-,PRBC,4,0,0,2,1,0
2026-07-10,HOSP-MAH-02,Lilavati Hospital & Research Centre,B+,PRBC,4,0,0,69,67,0
2026-07-10,HOSP-MAH-02,Lilavati Hospital & Research Centre,B-,PRBC,4,0,0,7,6,0
2026-07-10,HOSP-MAH-02,Lilavati Hospital & Research Centre,AB+,PRBC,4,0,0,19,16,0
2026-07-10,HOSP-MAH-02,Lilavati Hospital & Research Centre,AB-,PRBC,4,0,0,1,0,0
2026-07-10,HOSP-MAH-02,Lilavati Hospital & Research Centre,O+,PRBC,4,0,0,75,67,0
2026-07-10,HOSP-MAH-02,Lilavati Hospital & Research Centre,O-,PRBC,4,0,0,7,6,0
2026-07-10,HOSP-KAR-03,Manipal Hospital Old Airport Road,A+,PRBC,4,0,0,42,39,0
2026-07-10,HOSP-KAR-03,Manipal Hospital Old Airport Road,A-,PRBC,4,0,0,1,0,0
2026-07-10,HOSP-KAR-03,Manipal Hospital Old Airport Road,B+,PRBC,4,0,0,28,27,2
2026-07-10,HOSP-KAR-03,Manipal Hospital Old Airport Road,B-,PRBC,4,0,0,2,1,0
2026-07-10,HOSP-KAR-03,Manipal Hospital Old Airport Road,AB+,PRBC,4,0,0,13,12,0
2026-07-10,HOSP-KAR-03,Manipal Hospital Old Airport Road,AB-,PRBC,4,0,0,4,3,0
2026-07-10,HOSP-KAR-03,Manipal Hospital Old Airport Road,O+,PRBC,4,0,0,20,19,0
2026-07-10,HOSP-KAR-03,Manipal Hospital Old Airport Road,O-,PRBC,4,0,0,4,3,0
2026-07-10,HOSP-TN-04,Apollo Hospitals Greams Road,A+,PRBC,4,0,0,17,16,0
2026-07-10,HOSP-TN-04,Apollo Hospitals Greams Road,A-,PRBC,4,0,0,4,3,0
2026-07-10,HOSP-TN-04,Apollo Hospitals Greams Road,B+,PRBC,4,0,0,34,32,0
2026-07-10,HOSP-TN-04,Apollo Hospitals Greams Road,B-,PRBC,4,0,0,4,3,0
2026-07-10,HOSP-TN-04,Apollo Hospitals Greams Road,AB+,PRBC,4,0,0,6,5,1
2026-07-10,HOSP-TN-04,Apollo Hospitals Greams Road,AB-,PRBC,4,0,0,2,1,0
2026-07-10,HOSP-TN-04,Apollo Hospitals Greams Road,O+,PRBC,4,0,0,73,65,0
2026-07-10,HOSP-TN-04,Apollo Hospitals Greams Road,O-,PRBC,4,0,1,14,13,0
2026-07-10,HOSP-WB-05,SSKM Hospital & IPGMER,A+,PRBC,4,0,1,26,24,2
2026-07-10,HOSP-WB-05,SSKM Hospital & IPGMER,A-,PRBC,4,0,0,2,1,0
2026-07-10,HOSP-WB-05,SSKM Hospital & IPGMER,B+,PRBC,4,0,0,46,40,0
2026-07-10,HOSP-WB-05,SSKM Hospital & IPGMER,B-,PRBC,4,0,1,11,10,0
2026-07-10,HOSP-WB-05,SSKM Hospital & IPGMER,AB+,PRBC,4,0,0,18,16,1
2026-07-10,HOSP-WB-05,SSKM Hospital & IPGMER,AB-,PRBC,4,0,0,1,0,0
2026-07-10,HOSP-WB-05,SSKM Hospital & IPGMER,O+,PRBC,4,0,0,28,26,0
2026-07-10,HOSP-WB-05,SSKM Hospital & IPGMER,O-,PRBC,4,0,1,15,13,0
2026-07-11,HOSP-DEL-01,Safdarjung Hospital,A+,PRBC,5,1,0,59,52,0
2026-07-11,HOSP-DEL-01,Safdarjung Hospital,A-,PRBC,5,1,0,3,2,0
2026-07-11,HOSP-DEL-01,Safdarjung Hospital,B+,PRBC,5,1,1,48,46,0
2026-07-11,HOSP-DEL-01,Safdarjung Hospital,B-,PRBC,5,1,0,5,4,0
2026-07-11,HOSP-DEL-01,Safdarjung Hospital,AB+,PRBC,5,1,1,25,23,0
2026-07-11,HOSP-DEL-01,Safdarjung Hospital,AB-,PRBC,5,1,0,1,0,1
2026-07-11,HOSP-DEL-01,Safdarjung Hospital,O+,PRBC,5,1,0,94,83,0
2026-07-11,HOSP-DEL-01,Safdarjung Hospital,O-,PRBC,5,1,0,4,3,0
2026-07-11,HOSP-MAH-02,Lilavati Hospital & Research Centre,A+,PRBC,5,1,0,34,32,0
2026-07-11,HOSP-MAH-02,Lilavati Hospital & Research Centre,A-,PRBC,5,1,0,1,0,0
2026-07-11,HOSP-MAH-02,Lilavati Hospital & Research Centre,B+,PRBC,5,1,0,87,83,0
2026-07-11,HOSP-MAH-02,Lilavati Hospital & Research Centre,B-,PRBC,5,1,0,4,3,1
2026-07-11,HOSP-MAH-02,Lilavati Hospital & Research Centre,AB+,PRBC,5,1,0,16,14,0
2026-07-11,HOSP-MAH-02,Lilavati Hospital & Research Centre,AB-,PRBC,5,1,0,1,0,0
2026-07-11,HOSP-MAH-02,Lilavati Hospital & Research Centre,O+,PRBC,5,1,1,72,63,0
2026-07-11,HOSP-MAH-02,Lilavati Hospital & Research Centre,O-,PRBC,5,1,0,1,0,0
2026-07-11,HOSP-KAR-03,Manipal Hospital Old Airport Road,A+,PRBC,5,1,0,56,52,0
2026-07-11,HOSP-KAR-03,Manipal Hospital Old Airport Road,A-,PRBC,5,1,0,1,0,0
2026-07-11,HOSP-KAR-03,Manipal Hospital Old Airport Road,B+,PRBC,5,1,0,83,81,0
2026-07-11,HOSP-KAR-03,Manipal Hospital Old Airport Road,B-,PRBC,5,1,0,4,3,0
2026-07-11,HOSP-KAR-03,Manipal Hospital Old Airport Road,AB+,PRBC,5,1,1,25,23,0
2026-07-11,HOSP-KAR-03,Manipal Hospital Old Airport Road,AB-,PRBC,5,1,0,1,0,0
2026-07-11,HOSP-KAR-03,Manipal Hospital Old Airport Road,O+,PRBC,5,1,0,96,90,0
2026-07-11,HOSP-KAR-03,Manipal Hospital Old Airport Road,O-,PRBC,5,1,0,2,1,0
2026-07-11,HOSP-TN-04,Apollo Hospitals Greams Road,A+,PRBC,5,1,1,76,66,0
2026-07-11,HOSP-TN-04,Apollo Hospitals Greams Road,A-,PRBC,5,1,0,2,1,0
2026-07-11,HOSP-TN-04,Apollo Hospitals Greams Road,B+,PRBC,5,1,0,24,23,0
2026-07-11,HOSP-TN-04,Apollo Hospitals Greams Road,B-,PRBC,5,1,0,4,3,0
2026-07-11,HOSP-TN-04,Apollo Hospitals Greams Road,AB+,PRBC,5,1,0,15,12,0
2026-07-11,HOSP-TN-04,Apollo Hospitals Greams Road,AB-,PRBC,5,1,0,3,2,0
2026-07-11,HOSP-TN-04,Apollo Hospitals Greams Road,O+,PRBC,5,1,0,24,22,0
2026-07-11,HOSP-TN-04,Apollo Hospitals Greams Road,O-,PRBC,5,1,0,7,5,0
2026-07-11,HOSP-WB-05,SSKM Hospital & IPGMER,A+,PRBC,5,1,0,54,51,0
2026-07-11,HOSP-WB-05,SSKM Hospital & IPGMER,A-,PRBC,5,1,0,3,2,0
2026-07-11,HOSP-WB-05,SSKM Hospital & IPGMER,B+,PRBC,5,1,0,52,44,0
2026-07-11,HOSP-WB-05,SSKM Hospital & IPGMER,B-,PRBC,5,1,0,3,2,0
2026-07-11,HOSP-WB-05,SSKM Hospital & IPGMER,AB+,PRBC,5,1,0,12,10,0
2026-07-11,HOSP-WB-05,SSKM Hospital & IPGMER,AB-,PRBC,5,1,0,1,0,0
2026-07-11,HOSP-WB-05,SSKM Hospital & IPGMER,O+,PRBC,5,1,1,71,69,0
2026-07-11,HOSP-WB-05,SSKM Hospital & IPGMER,O-,PRBC,5,1,0,3,2,0
2026-07-12,HOSP-DEL-01,Safdarjung Hospital,A+,PRBC,6,1,0,57,54,0
2026-07-12,HOSP-DEL-01,Safdarjung Hospital,A-,PRBC,6,1,0,2,1,2
2026-07-12,HOSP-DEL-01,Safdarjung Hospital,B+,PRBC,6,1,0,25,22,0
2026-07-12,HOSP-DEL-01,Safdarjung Hospital,B-,PRBC,6,1,0,1,0,0
2026-07-12,HOSP-DEL-01,Safdarjung Hospital,AB+,PRBC,6,1,0,19,17,0
2026-07-12,HOSP-DEL-01,Safdarjung Hospital,AB-,PRBC,6,1,0,1,0,0
2026-07-12,HOSP-DEL-01,Safdarjung Hospital,O+,PRBC,6,1,0,94,92,0
2026-07-12,HOSP-DEL-01,Safdarjung Hospital,O-,PRBC,6,1,0,4,3,0
2026-07-12,HOSP-MAH-02,Lilavati Hospital & Research Centre,A+,PRBC,6,1,0,38,32,0
2026-07-12,HOSP-MAH-02,Lilavati Hospital & Research Centre,A-,PRBC,6,1,0,2,1,1
2026-07-12,HOSP-MAH-02,Lilavati Hospital & Research Centre,B+,PRBC,6,1,1,69,67,0
2026-07-12,HOSP-MAH-02,Lilavati Hospital & Research Centre,B-,PRBC,6,1,0,1,0,0
2026-07-12,HOSP-MAH-02,Lilavati Hospital & Research Centre,AB+,PRBC,6,1,0,19,16,0
2026-07-12,HOSP-MAH-02,Lilavati Hospital & Research Centre,AB-,PRBC,6,1,0,1,0,1
2026-07-12,HOSP-MAH-02,Lilavati Hospital & Research Centre,O+,PRBC,6,1,0,74,71,0
2026-07-12,HOSP-MAH-02,Lilavati Hospital & Research Centre,O-,PRBC,6,1,0,3,2,0
2026-07-12,HOSP-KAR-03,Manipal Hospital Old Airport Road,A+,PRBC,6,1,0,60,54,1
2026-07-12,HOSP-KAR-03,Manipal Hospital Old Airport Road,A-,PRBC,6,1,0,2,1,0
2026-07-12,HOSP-KAR-03,Manipal Hospital Old Airport Road,B+,PRBC,6,1,1,36,32,0
2026-07-12,HOSP-KAR-03,Manipal Hospital Old Airport Road,B-,PRBC,6,1,0,6,5,0
2026-07-12,HOSP-KAR-03,Manipal Hospital Old Airport Road,AB+,PRBC,6,1,0,17,15,0
2026-07-12,HOSP-KAR-03,Manipal Hospital Old Airport Road,AB-,PRBC,6,1,0,1,0,0
2026-07-12,HOSP-KAR-03,Manipal Hospital Old Airport Road,O+,PRBC,6,1,0,87,79,1
2026-07-12,HOSP-KAR-03,Manipal Hospital Old Airport Road,O-,PRBC,6,1,0,6,5,0
2026-07-12,HOSP-TN-04,Apollo Hospitals Greams Road,A+,PRBC,6,1,0,27,26,0
2026-07-12,HOSP-TN-04,Apollo Hospitals Greams Road,A-,PRBC,6,1,0,3,2,0
2026-07-12,HOSP-TN-04,Apollo Hospitals Greams Road,B+,PRBC,6,1,0,31,27,2
2026-07-12,HOSP-TN-04,Apollo Hospitals Greams Road,B-,PRBC,6,1,0,4,3,0
2026-07-12,HOSP-TN-04,Apollo Hospitals Greams Road,AB+,PRBC,6,1,0,3,2,0
2026-07-12,HOSP-TN-04,Apollo Hospitals Greams Road,AB-,PRBC,6,1,1,15,13,0
2026-07-12,HOSP-TN-04,Apollo Hospitals Greams Road,O+,PRBC,6,1,0,90,79,0
2026-07-12,HOSP-TN-04,Apollo Hospitals Greams Road,O-,PRBC,6,1,0,3,2,0
2026-07-12,HOSP-WB-05,SSKM Hospital & IPGMER,A+,PRBC,6,1,0,17,16,0
2026-07-12,HOSP-WB-05,SSKM Hospital & IPGMER,A-,PRBC,6,1,0,4,3,0
2026-07-12,HOSP-WB-05,SSKM Hospital & IPGMER,B+,PRBC,6,1,0,34,31,1
2026-07-12,HOSP-WB-05,SSKM Hospital & IPGMER,B-,PRBC,6,1,0,5,4,0
2026-07-12,HOSP-WB-05,SSKM Hospital & IPGMER,AB+,PRBC,6,1,0,12,10,0
2026-07-12,HOSP-WB-05,SSKM Hospital & IPGMER,AB-,PRBC,6,1,0,1,0,1
2026-07-12,HOSP-WB-05,SSKM Hospital & IPGMER,O+,PRBC,6,1,0,71,64,0
2026-07-12,HOSP-WB-05,SSKM Hospital & IPGMER,O-,PRBC,6,1,0,3,2,0
2026-07-13,HOSP-DEL-01,Safdarjung Hospital,A+,PRBC,0,0,0,17,16,0
2026-07-13,HOSP-DEL-01,Safdarjung Hospital,A-,PRBC,0,0,0,4,3,0
2026-07-13,HOSP-DEL-01,Safdarjung Hospital,B+,PRBC,0,0,0,54,51,0
2026-07-13,HOSP-DEL-01,Safdarjung Hospital,B-,PRBC,0,0,0,1,0,0
2026-07-13,HOSP-DEL-01,Safdarjung Hospital,AB+,PRBC,0,0,0,17,14,0
2026-07-13,HOSP-DEL-01,Safdarjung Hospital,AB-,PRBC,0,0,0,1,0,0
2026-07-13,HOSP-DEL-01,Safdarjung Hospital,O+,PRBC,0,0,0,45,39,0
2026-07-13,HOSP-DEL-01,Safdarjung Hospital,O-,PRBC,0,0,0,6,5,0
2026-07-13,HOSP-MAH-02,Lilavati Hospital & Research Centre,A+,PRBC,0,0,0,13,12,0
2026-07-13,HOSP-MAH-02,Lilavati Hospital & Research Centre,A-,PRBC,0,0,0,5,4,0
2026-07-13,HOSP-MAH-02,Lilavati Hospital & Research Centre,B+,PRBC,0,0,0,23,21,0
2026-07-13,HOSP-MAH-02,Lilavati Hospital & Research Centre,B-,PRBC,0,0,0,3,2,0
2026-07-13,HOSP-MAH-02,Lilavati Hospital & Research Centre,AB+,PRBC,0,0,0,2,1,0
2026-07-13,HOSP-MAH-02,Lilavati Hospital & Research Centre,AB-,PRBC,0,0,0,1,0,0
2026-07-13,HOSP-MAH-02,Lilavati Hospital & Research Centre,O+,PRBC,0,0,0,38,34,0
2026-07-13,HOSP-MAH-02,Lilavati Hospital & Research Centre,O-,PRBC,0,0,0,3,2,0
2026-07-13,HOSP-KAR-03,Manipal Hospital Old Airport Road,A+,PRBC,0,0,0,48,41,0
2026-07-13,HOSP-KAR-03,Manipal Hospital Old Airport Road,A-,PRBC,0,0,1,12,11,0
2026-07-13,HOSP-KAR-03,Manipal Hospital Old Airport Road,B+,PRBC,0,0,0,17,14,0
2026-07-13,HOSP-KAR-03,Manipal Hospital Old Airport Road,B-,PRBC,0,0,0,1,0,0
2026-07-13,HOSP-KAR-03,Manipal Hospital Old Airport Road,AB+,PRBC,0,0,0,3,2,0
2026-07-13,HOSP-KAR-03,Manipal Hospital Old Airport Road,AB-,PRBC,0,0,0,3,2,0
2026-07-13,HOSP-KAR-03,Manipal Hospital Old Airport Road,O+,PRBC,0,0,0,83,75,0
2026-07-13,HOSP-KAR-03,Manipal Hospital Old Airport Road,O-,PRBC,0,0,0,2,1,0
2026-07-13,HOSP-TN-04,Apollo Hospitals Greams Road,A+,PRBC,0,0,0,11,10,0
2026-07-13,HOSP-TN-04,Apollo Hospitals Greams Road,A-,PRBC,0,0,0,3,2,0
2026-07-13,HOSP-TN-04,Apollo Hospitals Greams Road,B+,PRBC,0,0,0,72,70,2
2026-07-13,HOSP-TN-04,Apollo Hospitals Greams Road,B-,PRBC,0,0,0,5,4,0
2026-07-13,HOSP-TN-04,Apollo Hospitals Greams Road,AB+,PRBC,0,0,0,4,3,0
2026-07-13,HOSP-TN-04,Apollo Hospitals Greams Road,AB-,PRBC,0,0,0,1,0,0
2026-07-13,HOSP-TN-04,Apollo Hospitals Greams Road,O+,PRBC,0,0,0,76,70,0
2026-07-13,HOSP-TN-04,Apollo Hospitals Greams Road,O-,PRBC,0,0,0,3,2,0
2026-07-13,HOSP-WB-05,SSKM Hospital & IPGMER,A+,PRBC,0,0,0,15,14,0
2026-07-13,HOSP-WB-05,SSKM Hospital & IPGMER,A-,PRBC,0,0,1,14,13,0
2026-07-13,HOSP-WB-05,SSKM Hospital & IPGMER,B+,PRBC,0,0,0,37,36,1
2026-07-13,HOSP-WB-05,SSKM Hospital & IPGMER,B-,PRBC,0,0,1,17,16,0
2026-07-13,HOSP-WB-05,SSKM Hospital & IPGMER,AB+,PRBC,0,0,0,12,11,0
2026-07-13,HOSP-WB-05,SSKM Hospital & IPGMER,AB-,PRBC,0,0,0,1,0,0
2026-07-13,HOSP-WB-05,SSKM Hospital & IPGMER,O+,PRBC,0,0,1,50,44,0
2026-07-13,HOSP-WB-05,SSKM Hospital & IPGMER,O-,PRBC,0,0,0,6,5,1
2026-07-14,HOSP-DEL-01,Safdarjung Hospital,A+,PRBC,1,0,0,42,40,1
2026-07-14,HOSP-DEL-01,Safdarjung Hospital,A-,PRBC,1,0,0,1,0,0
2026-07-14,HOSP-DEL-01,Safdarjung Hospital,B+,PRBC,1,0,0,55,52,0
2026-07-14,HOSP-DEL-01,Safdarjung Hospital,B-,PRBC,1,0,0,1,0,0
2026-07-14,HOSP-DEL-01,Safdarjung Hospital,AB+,PRBC,1,0,0,18,17,0
2026-07-14,HOSP-DEL-01,Safdarjung Hospital,AB-,PRBC,1,0,0,1,0,0
2026-07-14,HOSP-DEL-01,Safdarjung Hospital,O+,PRBC,1,0,0,22,18,0
2026-07-14,HOSP-DEL-01,Safdarjung Hospital,O-,PRBC,1,0,0,5,4,0
2026-07-14,HOSP-MAH-02,Lilavati Hospital & Research Centre,A+,PRBC,1,0,0,43,41,0
2026-07-14,HOSP-MAH-02,Lilavati Hospital & Research Centre,A-,PRBC,1,0,0,3,2,0
2026-07-14,HOSP-MAH-02,Lilavati Hospital & Research Centre,B+,PRBC,1,0,0,30,29,0
2026-07-14,HOSP-MAH-02,Lilavati Hospital & Research Centre,B-,PRBC,1,0,0,3,2,0
2026-07-14,HOSP-MAH-02,Lilavati Hospital & Research Centre,AB+,PRBC,1,0,0,5,4,0
2026-07-14,HOSP-MAH-02,Lilavati Hospital & Research Centre,AB-,PRBC,1,0,0,2,1,0
2026-07-14,HOSP-MAH-02,Lilavati Hospital & Research Centre,O+,PRBC,1,0,0,83,76,0
2026-07-14,HOSP-MAH-02,Lilavati Hospital & Research Centre,O-,PRBC,1,0,0,6,5,0
2026-07-14,HOSP-KAR-03,Manipal Hospital Old Airport Road,A+,PRBC,1,0,0,15,12,0
2026-07-14,HOSP-KAR-03,Manipal Hospital Old Airport Road,A-,PRBC,1,0,0,1,0,0
2026-07-14,HOSP-KAR-03,Manipal Hospital Old Airport Road,B+,PRBC,1,0,1,26,25,0
2026-07-14,HOSP-KAR-03,Manipal Hospital Old Airport Road,B-,PRBC,1,0,0,2,1,0
2026-07-14,HOSP-KAR-03,Manipal Hospital Old Airport Road,AB+,PRBC,1,0,0,17,14,0
2026-07-14,HOSP-KAR-03,Manipal Hospital Old Airport Road,AB-,PRBC,1,0,0,1,0,0
2026-07-14,HOSP-KAR-03,Manipal Hospital Old Airport Road,O+,PRBC,1,0,1,83,71,0
2026-07-14,HOSP-KAR-03,Manipal Hospital Old Airport Road,O-,PRBC,1,0,0,8,7,0
2026-07-14,HOSP-TN-04,Apollo Hospitals Greams Road,A+,PRBC,1,0,0,9,8,0
2026-07-14,HOSP-TN-04,Apollo Hospitals Greams Road,A-,PRBC,1,0,0,1,0,1
2026-07-14,HOSP-TN-04,Apollo Hospitals Greams Road,B+,PRBC,1,0,0,49,45,0
2026-07-14,HOSP-TN-04,Apollo Hospitals Greams Road,B-,PRBC,1,0,0,1,0,0
2026-07-14,HOSP-TN-04,Apollo Hospitals Greams Road,AB+,PRBC,1,0,0,17,15,0
2026-07-14,HOSP-TN-04,Apollo Hospitals Greams Road,AB-,PRBC,1,0,0,1,0,0
2026-07-14,HOSP-TN-04,Apollo Hospitals Greams Road,O+,PRBC,1,0,0,62,61,0
2026-07-14,HOSP-TN-04,Apollo Hospitals Greams Road,O-,PRBC,1,0,0,3,2,0
2026-07-14,HOSP-WB-05,SSKM Hospital & IPGMER,A+,PRBC,1,0,0,13,12,1
2026-07-14,HOSP-WB-05,SSKM Hospital & IPGMER,A-,PRBC,1,0,0,2,1,0
2026-07-14,HOSP-WB-05,SSKM Hospital & IPGMER,B+,PRBC,1,0,0,48,47,0
2026-07-14,HOSP-WB-05,SSKM Hospital & IPGMER,B-,PRBC,1,0,0,4,3,0
2026-07-14,HOSP-WB-05,SSKM Hospital & IPGMER,AB+,PRBC,1,0,0,17,16,0
2026-07-14,HOSP-WB-05,SSKM Hospital & IPGMER,AB-,PRBC,1,0,0,1,0,0
2026-07-14,HOSP-WB-05,SSKM Hospital & IPGMER,O+,PRBC,1,0,0,64,62,0
2026-07-14,HOSP-WB-05,SSKM Hospital & IPGMER,O-,PRBC,1,0,1,20,19,0
2026-07-15,HOSP-DEL-01,Safdarjung Hospital,A+,PRBC,2,0,0,36,35,1
2026-07-15,HOSP-DEL-01,Safdarjung Hospital,A-,PRBC,2,0,0,1,0,0
2026-07-15,HOSP-DEL-01,Safdarjung Hospital,B+,PRBC,2,0,0,21,20,0
2026-07-15,HOSP-DEL-01,Safdarjung Hospital,B-,PRBC,2,0,0,1,0,0
2026-07-15,HOSP-DEL-01,Safdarjung Hospital,AB+,PRBC,2,0,0,21,20,1
2026-07-15,HOSP-DEL-01,Safdarjung Hospital,AB-,PRBC,2,0,0,3,2,0
2026-07-15,HOSP-DEL-01,Safdarjung Hospital,O+,PRBC,2,0,0,54,48,1
2026-07-15,HOSP-DEL-01,Safdarjung Hospital,O-,PRBC,2,0,0,2,1,0
2026-07-15,HOSP-MAH-02,Lilavati Hospital & Research Centre,A+,PRBC,2,0,0,25,24,0
2026-07-15,HOSP-MAH-02,Lilavati Hospital & Research Centre,A-,PRBC,2,0,0,1,0,0
2026-07-15,HOSP-MAH-02,Lilavati Hospital & Research Centre,B+,PRBC,2,0,0,61,56,0
2026-07-15,HOSP-MAH-02,Lilavati Hospital & Research Centre,B-,PRBC,2,0,0,1,0,1
2026-07-15,HOSP-MAH-02,Lilavati Hospital & Research Centre,AB+,PRBC,2,0,0,13,12,0
2026-07-15,HOSP-MAH-02,Lilavati Hospital & Research Centre,AB-,PRBC,2,0,0,1,0,0
2026-07-15,HOSP-MAH-02,Lilavati Hospital & Research Centre,O+,PRBC,2,0,0,73,71,0
2026-07-15,HOSP-MAH-02,Lilavati Hospital & Research Centre,O-,PRBC,2,0,0,4,3,0
2026-07-15,HOSP-KAR-03,Manipal Hospital Old Airport Road,A+,PRBC,2,0,0,20,17,0
2026-07-15,HOSP-KAR-03,Manipal Hospital Old Airport Road,A-,PRBC,2,0,0,3,2,0
2026-07-15,HOSP-KAR-03,Manipal Hospital Old Airport Road,B+,PRBC,2,0,0,51,47,0
2026-07-15,HOSP-KAR-03,Manipal Hospital Old Airport Road,B-,PRBC,2,0,0,5,4,0
2026-07-15,HOSP-KAR-03,Manipal Hospital Old Airport Road,AB+,PRBC,2,0,0,16,14,0
2026-07-15,HOSP-KAR-03,Manipal Hospital Old Airport Road,AB-,PRBC,2,0,0,4,3,0
2026-07-15,HOSP-KAR-03,Manipal Hospital Old Airport Road,O+,PRBC,2,0,0,38,33,0
2026-07-15,HOSP-KAR-03,Manipal Hospital Old Airport Road,O-,PRBC,2,0,1,10,9,0
2026-07-15,HOSP-TN-04,Apollo Hospitals Greams Road,A+,PRBC,2,0,0,27,24,2
2026-07-15,HOSP-TN-04,Apollo Hospitals Greams Road,A-,PRBC,2,0,0,6,5,0
2026-07-15,HOSP-TN-04,Apollo Hospitals Greams Road,B+,PRBC,2,0,0,36,30,0
2026-07-15,HOSP-TN-04,Apollo Hospitals Greams Road,B-,PRBC,2,0,0,2,1,0
2026-07-15,HOSP-TN-04,Apollo Hospitals Greams Road,AB+,PRBC,2,0,0,9,7,0
2026-07-15,HOSP-TN-04,Apollo Hospitals Greams Road,AB-,PRBC,2,0,0,3,2,2
2026-07-15,HOSP-TN-04,Apollo Hospitals Greams Road,O+,PRBC,2,0,0,82,79,2
2026-07-15,HOSP-TN-04,Apollo Hospitals Greams Road,O-,PRBC,2,0,0,3,2,0
2026-07-15,HOSP-WB-05,SSKM Hospital & IPGMER,A+,PRBC,2,0,0,26,25,1
2026-07-15,HOSP-WB-05,SSKM Hospital & IPGMER,A-,PRBC,2,0,0,1,0,1
2026-07-15,HOSP-WB-05,SSKM Hospital & IPGMER,B+,PRBC,2,0,0,38,34,0
2026-07-15,HOSP-WB-05,SSKM Hospital & IPGMER,B-,PRBC,2,0,0,6,5,0
2026-07-15,HOSP-WB-05,SSKM Hospital & IPGMER,AB+,PRBC,2,0,0,8,7,0
2026-07-15,HOSP-WB-05,SSKM Hospital & IPGMER,AB-,PRBC,2,0,0,3,2,0
2026-07-15,HOSP-WB-05,SSKM Hospital & IPGMER,O+,PRBC,2,0,0,65,57,0
2026-07-15,HOSP-WB-05,SSKM Hospital & IPGMER,O-,PRBC,2,0,0,3,2,0
2026-07-16,HOSP-DEL-01,Safdarjung Hospital,A+,PRBC,3,0,0,33,31,0
2026-07-16,HOSP-DEL-01,Safdarjung Hospital,A-,PRBC,3,0,0,3,2,0
2026-07-16,HOSP-DEL-01,Safdarjung Hospital,B+,PRBC,3,0,0,37,34,0
2026-07-16,HOSP-DEL-01,Safdarjung Hospital,B-,PRBC,3,0,0,2,1,0
2026-07-16,HOSP-DEL-01,Safdarjung Hospital,AB+,PRBC,3,0,0,3,2,0
2026-07-16,HOSP-DEL-01,Safdarjung Hospital,AB-,PRBC,3,0,0,1,0,0
2026-07-16,HOSP-DEL-01,Safdarjung Hospital,O+,PRBC,3,0,0,75,65,0
2026-07-16,HOSP-DEL-01,Safdarjung Hospital,O-,PRBC,3,0,0,3,2,0
2026-07-16,HOSP-MAH-02,Lilavati Hospital & Research Centre,A+,PRBC,3,0,0,46,45,0
2026-07-16,HOSP-MAH-02,Lilavati Hospital & Research Centre,A-,PRBC,3,0,0,2,1,0
2026-07-16,HOSP-MAH-02,Lilavati Hospital & Research Centre,B+,PRBC,3,0,0,24,20,0
2026-07-16,HOSP-MAH-02,Lilavati Hospital & Research Centre,B-,PRBC,3,0,0,2,1,0
2026-07-16,HOSP-MAH-02,Lilavati Hospital & Research Centre,AB+,PRBC,3,0,0,7,5,0
2026-07-16,HOSP-MAH-02,Lilavati Hospital & Research Centre,AB-,PRBC,3,0,0,1,0,2
2026-07-16,HOSP-MAH-02,Lilavati Hospital & Research Centre,O+,PRBC,3,0,0,84,72,2
2026-07-16,HOSP-MAH-02,Lilavati Hospital & Research Centre,O-,PRBC,3,0,0,3,2,0
2026-07-16,HOSP-KAR-03,Manipal Hospital Old Airport Road,A+,PRBC,3,0,1,33,30,1
2026-07-16,HOSP-KAR-03,Manipal Hospital Old Airport Road,A-,PRBC,3,0,0,1,0,0
2026-07-16,HOSP-KAR-03,Manipal Hospital Old Airport Road,B+,PRBC,3,0,1,81,68,0
2026-07-16,HOSP-KAR-03,Manipal Hospital Old Airport Road,B-,PRBC,3,0,0,4,3,0
2026-07-16,HOSP-KAR-03,Manipal Hospital Old Airport Road,AB+,PRBC,3,0,0,17,16,1
2026-07-16,HOSP-KAR-03,Manipal Hospital Old Airport Road,AB-,PRBC,3,0,0,1,0,0
2026-07-16,HOSP-KAR-03,Manipal Hospital Old Airport Road,O+,PRBC,3,0,0,58,49,0
2026-07-16,HOSP-KAR-03,Manipal Hospital Old Airport Road,O-,PRBC,3,0,0,6,5,0
2026-07-16,HOSP-TN-04,Apollo Hospitals Greams Road,A+,PRBC,3,0,0,34,29,0
2026-07-16,HOSP-TN-04,Apollo Hospitals Greams Road,A-,PRBC,3,0,0,3,2,2
2026-07-16,HOSP-TN-04,Apollo Hospitals Greams Road,B+,PRBC,3,0,0,42,36,0
2026-07-16,HOSP-TN-04,Apollo Hospitals Greams Road,B-,PRBC,3,0,0,7,6,2
2026-07-16,HOSP-TN-04,Apollo Hospitals Greams Road,AB+,PRBC,3,0,0,12,11,0
2026-07-16,HOSP-TN-04,Apollo Hospitals Greams Road,AB-,PRBC,3,0,0,1,0,0
2026-07-16,HOSP-TN-04,Apollo Hospitals Greams Road,O+,PRBC,3,0,0,61,57,0
2026-07-16,HOSP-TN-04,Apollo Hospitals Greams Road,O-,PRBC,3,0,0,3,2,0
2026-07-16,HOSP-WB-05,SSKM Hospital & IPGMER,A+,PRBC,3,0,0,42,38,0
2026-07-16,HOSP-WB-05,SSKM Hospital & IPGMER,A-,PRBC,3,0,0,1,0,0
2026-07-16,HOSP-WB-05,SSKM Hospital & IPGMER,B+,PRBC,3,0,0,56,55,0
2026-07-16,HOSP-WB-05,SSKM Hospital & IPGMER,B-,PRBC,3,0,0,1,0,0
2026-07-16,HOSP-WB-05,SSKM Hospital & IPGMER,AB+,PRBC,3,0,0,18,16,0
2026-07-16,HOSP-WB-05,SSKM Hospital & IPGMER,AB-,PRBC,3,0,0,2,1,1
2026-07-16,HOSP-WB-05,SSKM Hospital & IPGMER,O+,PRBC,3,0,0,40,35,1
2026-07-16,HOSP-WB-05,SSKM Hospital & IPGMER,O-,PRBC,3,0,1,9,8,0
2026-07-17,HOSP-DEL-01,Safdarjung Hospital,A+,PRBC,4,0,0,21,19,0
2026-07-17,HOSP-DEL-01,Safdarjung Hospital,A-,PRBC,4,0,0,6,5,0
2026-07-17,HOSP-DEL-01,Safdarjung Hospital,B+,PRBC,4,0,0,68,66,0
2026-07-17,HOSP-DEL-01,Safdarjung Hospital,B-,PRBC,4,0,0,3,2,0
2026-07-17,HOSP-DEL-01,Safdarjung Hospital,AB+,PRBC,4,0,0,16,15,0
2026-07-17,HOSP-DEL-01,Safdarjung Hospital,AB-,PRBC,4,0,1,18,17,2
2026-07-17,HOSP-DEL-01,Safdarjung Hospital,O+,PRBC,4,0,0,33,31,0
2026-07-17,HOSP-DEL-01,Safdarjung Hospital,O-,PRBC,4,0,1,18,16,1
2026-07-17,HOSP-MAH-02,Lilavati Hospital & Research Centre,A+,PRBC,4,0,0,32,27,0
2026-07-17,HOSP-MAH-02,Lilavati Hospital & Research Centre,A-,PRBC,4,0,0,3,2,0
2026-07-17,HOSP-MAH-02,Lilavati Hospital & Research Centre,B+,PRBC,4,0,1,37,32,0
2026-07-17,HOSP-MAH-02,Lilavati Hospital & Research Centre,B-,PRBC,4,0,0,1,0,0
2026-07-17,HOSP-MAH-02,Lilavati Hospital & Research Centre,AB+,PRBC,4,0,0,18,15,0
2026-07-17,HOSP-MAH-02,Lilavati Hospital & Research Centre,AB-,PRBC,4,0,0,1,0,0
2026-07-17,HOSP-MAH-02,Lilavati Hospital & Research Centre,O+,PRBC,4,0,0,83,76,0
2026-07-17,HOSP-MAH-02,Lilavati Hospital & Research Centre,O-,PRBC,4,0,0,7,6,0
2026-07-17,HOSP-KAR-03,Manipal Hospital Old Airport Road,A+,PRBC,4,0,0,48,43,0
2026-07-17,HOSP-KAR-03,Manipal Hospital Old Airport Road,A-,PRBC,4,0,1,19,16,0
2026-07-17,HOSP-KAR-03,Manipal Hospital Old Airport Road,B+,PRBC,4,0,0,45,40,0
2026-07-17,HOSP-KAR-03,Manipal Hospital Old Airport Road,B-,PRBC,4,0,1,11,9,0
2026-07-17,HOSP-KAR-03,Manipal Hospital Old Airport Road,AB+,PRBC,4,0,0,7,6,0
2026-07-17,HOSP-KAR-03,Manipal Hospital Old Airport Road,AB-,PRBC,4,0,0,1,0,0
2026-07-17,HOSP-KAR-03,Manipal Hospital Old Airport Road,O+,PRBC,4,0,0,80,71,0
2026-07-17,HOSP-KAR-03,Manipal Hospital Old Airport Road,O-,PRBC,4,0,0,2,1,0
2026-07-17,HOSP-TN-04,Apollo Hospitals Greams Road,A+,PRBC,4,0,0,16,15,0
2026-07-17,HOSP-TN-04,Apollo Hospitals Greams Road,A-,PRBC,4,0,0,4,3,0
2026-07-17,HOSP-TN-04,Apollo Hospitals Greams Road,B+,PRBC,4,0,0,59,56,0
2026-07-17,HOSP-TN-04,Apollo Hospitals Greams Road,B-,PRBC,4,0,0,2,1,0
2026-07-17,HOSP-TN-04,Apollo Hospitals Greams Road,AB+,PRBC,4,0,0,6,5,2
2026-07-17,HOSP-TN-04,Apollo Hospitals Greams Road,AB-,PRBC,4,0,0,2,1,0
2026-07-17,HOSP-TN-04,Apollo Hospitals Greams Road,O+,PRBC,4,0,0,50,49,0
2026-07-17,HOSP-TN-04,Apollo Hospitals Greams Road,O-,PRBC,4,0,0,8,7,0
2026-07-17,HOSP-WB-05,SSKM Hospital & IPGMER,A+,PRBC,4,0,0,34,31,2
2026-07-17,HOSP-WB-05,SSKM Hospital & IPGMER,A-,PRBC,4,0,0,2,1,0
2026-07-17,HOSP-WB-05,SSKM Hospital & IPGMER,B+,PRBC,4,0,0,17,15,0
2026-07-17,HOSP-WB-05,SSKM Hospital & IPGMER,B-,PRBC,4,0,0,3,2,0
2026-07-17,HOSP-WB-05,SSKM Hospital & IPGMER,AB+,PRBC,4,0,0,11,9,0
2026-07-17,HOSP-WB-05,SSKM Hospital & IPGMER,AB-,PRBC,4,0,0,1,0,0
2026-07-17,HOSP-WB-05,SSKM Hospital & IPGMER,O+,PRBC,4,0,0,45,40,0
2026-07-17,HOSP-WB-05,SSKM Hospital & IPGMER,O-,PRBC,4,0,0,9,8,0
2026-07-18,HOSP-DEL-01,Safdarjung Hospital,A+,PRBC,5,1,0,24,20,1
2026-07-18,HOSP-DEL-01,Safdarjung Hospital,A-,PRBC,5,1,0,3,2,0
2026-07-18,HOSP-DEL-01,Safdarjung Hospital,B+,PRBC,5,1,1,39,37,0
2026-07-18,HOSP-DEL-01,Safdarjung Hospital,B-,PRBC,5,1,0,1,0,0
2026-07-18,HOSP-DEL-01,Safdarjung Hospital,AB+,PRBC,5,1,0,10,9,0
2026-07-18,HOSP-DEL-01,Safdarjung Hospital,AB-,PRBC,5,1,0,1,0,0
2026-07-18,HOSP-DEL-01,Safdarjung Hospital,O+,PRBC,5,1,1,90,77,0
2026-07-18,HOSP-DEL-01,Safdarjung Hospital,O-,PRBC,5,1,0,2,1,0
2026-07-18,HOSP-MAH-02,Lilavati Hospital & Research Centre,A+,PRBC,5,1,0,23,19,1
2026-07-18,HOSP-MAH-02,Lilavati Hospital & Research Centre,A-,PRBC,5,1,0,4,3,1
2026-07-18,HOSP-MAH-02,Lilavati Hospital & Research Centre,B+,PRBC,5,1,0,92,87,0
2026-07-18,HOSP-MAH-02,Lilavati Hospital & Research Centre,B-,PRBC,5,1,0,5,4,0
2026-07-18,HOSP-MAH-02,Lilavati Hospital & Research Centre,AB+,PRBC,5,1,0,4,3,0
2026-07-18,HOSP-MAH-02,Lilavati Hospital & Research Centre,AB-,PRBC,5,1,0,1,0,0
2026-07-18,HOSP-MAH-02,Lilavati Hospital & Research Centre,O+,PRBC,5,1,0,64,55,0
2026-07-18,HOSP-MAH-02,Lilavati Hospital & Research Centre,O-,PRBC,5,1,0,9,7,2
2026-07-18,HOSP-KAR-03,Manipal Hospital Old Airport Road,A+,PRBC,5,1,0,56,47,1
2026-07-18,HOSP-KAR-03,Manipal Hospital Old Airport Road,A-,PRBC,5,1,0,1,0,0
2026-07-18,HOSP-KAR-03,Manipal Hospital Old Airport Road,B+,PRBC,5,1,0,93,83,1
2026-07-18,HOSP-KAR-03,Manipal Hospital Old Airport Road,B-,PRBC,5,1,0,1,0,0
2026-07-18,HOSP-KAR-03,Manipal Hospital Old Airport Road,AB+,PRBC,5,1,0,18,16,0
2026-07-18,HOSP-KAR-03,Manipal Hospital Old Airport Road,AB-,PRBC,5,1,1,9,8,0
2026-07-18,HOSP-KAR-03,Manipal Hospital Old Airport Road,O+,PRBC,5,1,0,111,107,0
2026-07-18,HOSP-KAR-03,Manipal Hospital Old Airport Road,O-,PRBC,5,1,0,9,8,2
2026-07-18,HOSP-TN-04,Apollo Hospitals Greams Road,A+,PRBC,5,1,0,57,53,0
2026-07-18,HOSP-TN-04,Apollo Hospitals Greams Road,A-,PRBC,5,1,1,9,8,0
2026-07-18,HOSP-TN-04,Apollo Hospitals Greams Road,B+,PRBC,5,1,0,40,35,0
2026-07-18,HOSP-TN-04,Apollo Hospitals Greams Road,B-,PRBC,5,1,0,1,0,0
2026-07-18,HOSP-TN-04,Apollo Hospitals Greams Road,AB+,PRBC,5,1,0,8,6,1
2026-07-18,HOSP-TN-04,Apollo Hospitals Greams Road,AB-,PRBC,5,1,0,1,0,0
2026-07-18,HOSP-TN-04,Apollo Hospitals Greams Road,O+,PRBC,5,1,0,59,56,0
2026-07-18,HOSP-TN-04,Apollo Hospitals Greams Road,O-,PRBC,5,1,0,5,4,0
2026-07-18,HOSP-WB-05,SSKM Hospital & IPGMER,A+,PRBC,5,1,0,61,56,0
2026-07-18,HOSP-WB-05,SSKM Hospital & IPGMER,A-,PRBC,5,1,0,3,2,0
2026-07-18,HOSP-WB-05,SSKM Hospital & IPGMER,B+,PRBC,5,1,0,42,39,0
2026-07-18,HOSP-WB-05,SSKM Hospital & IPGMER,B-,PRBC,5,1,0,2,1,0
2026-07-18,HOSP-WB-05,SSKM Hospital & IPGMER,AB+,PRBC,5,1,0,16,15,0
2026-07-18,HOSP-WB-05,SSKM Hospital & IPGMER,AB-,PRBC,5,1,0,2,1,0
2026-07-18,HOSP-WB-05,SSKM Hospital & IPGMER,O+,PRBC,5,1,0,25,23,0
2026-07-18,HOSP-WB-05,SSKM Hospital & IPGMER,O-,PRBC,5,1,0,7,6,0
2026-07-19,HOSP-DEL-01,Safdarjung Hospital,A+,PRBC,6,1,0,37,35,0
2026-07-19,HOSP-DEL-01,Safdarjung Hospital,A-,PRBC,6,1,0,1,0,0
2026-07-19,HOSP-DEL-01,Safdarjung Hospital,B+,PRBC,6,1,0,74,71,0
2026-07-19,HOSP-DEL-01,Safdarjung Hospital,B-,PRBC,6,1,0,6,5,0
2026-07-19,HOSP-DEL-01,Safdarjung Hospital,AB+,PRBC,6,1,1,35,31,0
2026-07-19,HOSP-DEL-01,Safdarjung Hospital,AB-,PRBC,6,1,0,1,0,2
2026-07-19,HOSP-DEL-01,Safdarjung Hospital,O+,PRBC,6,1,0,55,47,1
2026-07-19,HOSP-DEL-01,Safdarjung Hospital,O-,PRBC,6,1,0,2,1,0
2026-07-19,HOSP-MAH-02,Lilavati Hospital & Research Centre,A+,PRBC,6,1,1,39,35,0
2026-07-19,HOSP-MAH-02,Lilavati Hospital & Research Centre,A-,PRBC,6,1,0,1,0,0
2026-07-19,HOSP-MAH-02,Lilavati Hospital & Research Centre,B+,PRBC,6,1,0,77,75,0
2026-07-19,HOSP-MAH-02,Lilavati Hospital & Research Centre,B-,PRBC,6,1,0,7,6,0
2026-07-19,HOSP-MAH-02,Lilavati Hospital & Research Centre,AB+,PRBC,6,1,0,13,12,0
2026-07-19,HOSP-MAH-02,Lilavati Hospital & Research Centre,AB-,PRBC,6,1,0,1,0,0
2026-07-19,HOSP-MAH-02,Lilavati Hospital & Research Centre,O+,PRBC,6,1,0,86,82,1
2026-07-19,HOSP-MAH-02,Lilavati Hospital & Research Centre,O-,PRBC,6,1,0,6,5,0
2026-07-19,HOSP-KAR-03,Manipal Hospital Old Airport Road,A+,PRBC,6,1,0,51,49,0
2026-07-19,HOSP-KAR-03,Manipal Hospital Old Airport Road,A-,PRBC,6,1,0,1,0,0
2026-07-19,HOSP-KAR-03,Manipal Hospital Old Airport Road,B+,PRBC,6,1,0,71,68,0
2026-07-19,HOSP-KAR-03,Manipal Hospital Old Airport Road,B-,PRBC,6,1,0,1,0,0
2026-07-19,HOSP-KAR-03,Manipal Hospital Old Airport Road,AB+,PRBC,6,1,0,23,22,0
2026-07-19,HOSP-KAR-03,Manipal Hospital Old Airport Road,AB-,PRBC,6,1,0,1,0,1
2026-07-19,HOSP-KAR-03,Manipal Hospital Old Airport Road,O+,PRBC,6,1,0,77,75,0
2026-07-19,HOSP-KAR-03,Manipal Hospital Old Airport Road,O-,PRBC,6,1,0,8,7,0
2026-07-19,HOSP-TN-04,Apollo Hospitals Greams Road,A+,PRBC,6,1,0,32,30,0
2026-07-19,HOSP-TN-04,Apollo Hospitals Greams Road,A-,PRBC,6,1,0,1,0,0
2026-07-19,HOSP-TN-04,Apollo Hospitals Greams Road,B+,PRBC,6,1,0,43,40,0
2026-07-19,HOSP-TN-04,Apollo Hospitals Greams Road,B-,PRBC,6,1,0,3,2,0
2026-07-19,HOSP-TN-04,Apollo Hospitals Greams Road,AB+,PRBC,6,1,0,23,22,0
2026-07-19,HOSP-TN-04,Apollo Hospitals Greams Road,AB-,PRBC,6,1,0,1,0,0
2026-07-19,HOSP-TN-04,Apollo Hospitals Greams Road,O+,PRBC,6,1,0,75,64,0
2026-07-19,HOSP-TN-04,Apollo Hospitals Greams Road,O-,PRBC,6,1,0,4,3,0
2026-07-19,HOSP-WB-05,SSKM Hospital & IPGMER,A+,PRBC,6,1,0,25,24,0
2026-07-19,HOSP-WB-05,SSKM Hospital & IPGMER,A-,PRBC,6,1,0,2,1,0
2026-07-19,HOSP-WB-05,SSKM Hospital & IPGMER,B+,PRBC,6,1,0,26,24,0
2026-07-19,HOSP-WB-05,SSKM Hospital & IPGMER,B-,PRBC,6,1,0,3,2,1
2026-07-19,HOSP-WB-05,SSKM Hospital & IPGMER,AB+,PRBC,6,1,0,8,7,0
2026-07-19,HOSP-WB-05,SSKM Hospital & IPGMER,AB-,PRBC,6,1,0,2,1,0
2026-07-19,HOSP-WB-05,SSKM Hospital & IPGMER,O+,PRBC,6,1,1,118,115,1
2026-07-19,HOSP-WB-05,SSKM Hospital & IPGMER,O-,PRBC,6,1,0,4,3,0
2026-07-20,HOSP-DEL-01,Safdarjung Hospital,A+,PRBC,0,0,1,23,19,0
2026-07-20,HOSP-DEL-01,Safdarjung Hospital,A-,PRBC,0,0,0,5,4,0
2026-07-20,HOSP-DEL-01,Safdarjung Hospital,B+,PRBC,0,0,1,34,29,0
2026-07-20,HOSP-DEL-01,Safdarjung Hospital,B-,PRBC,0,0,0,5,4,0
2026-07-20,HOSP-DEL-01,Safdarjung Hospital,AB+,PRBC,0,0,0,8,7,1
2026-07-20,HOSP-DEL-01,Safdarjung Hospital,AB-,PRBC,0,0,0,2,1,1
2026-07-20,HOSP-DEL-01,Safdarjung Hospital,O+,PRBC,0,0,1,72,66,0
2026-07-20,HOSP-DEL-01,Safdarjung Hospital,O-,PRBC,0,0,0,6,5,0
2026-07-20,HOSP-MAH-02,Lilavati Hospital & Research Centre,A+,PRBC,0,0,0,11,10,0
2026-07-20,HOSP-MAH-02,Lilavati Hospital & Research Centre,A-,PRBC,0,0,0,2,1,0
2026-07-20,HOSP-MAH-02,Lilavati Hospital & Research Centre,B+,PRBC,0,0,0,41,38,0
2026-07-20,HOSP-MAH-02,Lilavati Hospital & Research Centre,B-,PRBC,0,0,0,2,1,0
2026-07-20,HOSP-MAH-02,Lilavati Hospital & Research Centre,AB+,PRBC,0,0,0,17,14,1
2026-07-20,HOSP-MAH-02,Lilavati Hospital & Research Centre,AB-,PRBC,0,0,0,1,0,0
2026-07-20,HOSP-MAH-02,Lilavati Hospital & Research Centre,O+,PRBC,0,0,0,63,62,0
2026-07-20,HOSP-MAH-02,Lilavati Hospital & Research Centre,O-,PRBC,0,0,0,4,3,0
2026-07-20,HOSP-KAR-03,Manipal Hospital Old Airport Road,A+,PRBC,0,0,0,24,20,0
2026-07-20,HOSP-KAR-03,Manipal Hospital Old Airport Road,A-,PRBC,0,0,0,5,4,0
2026-07-20,HOSP-KAR-03,Manipal Hospital Old Airport Road,B+,PRBC,0,0,0,71,64,0
2026-07-20,HOSP-KAR-03,Manipal Hospital Old Airport Road,B-,PRBC,0,0,0,4,3,0
2026-07-20,HOSP-KAR-03,Manipal Hospital Old Airport Road,AB+,PRBC,0,0,0,16,15,0
2026-07-20,HOSP-KAR-03,Manipal Hospital Old Airport Road,AB-,PRBC,0,0,0,1,0,0
2026-07-20,HOSP-KAR-03,Manipal Hospital Old Airport Road,O+,PRBC,0,0,0,69,62,0
2026-07-20,HOSP-KAR-03,Manipal Hospital Old Airport Road,O-,PRBC,0,0,0,4,3,0
2026-07-20,HOSP-TN-04,Apollo Hospitals Greams Road,A+,PRBC,0,0,0,41,39,2
2026-07-20,HOSP-TN-04,Apollo Hospitals Greams Road,A-,PRBC,0,0,0,3,2,1
2026-07-20,HOSP-TN-04,Apollo Hospitals Greams Road,B+,PRBC,0,0,0,50,46,2
2026-07-20,HOSP-TN-04,Apollo Hospitals Greams Road,B-,PRBC,0,0,0,4,3,0
2026-07-20,HOSP-TN-04,Apollo Hospitals Greams Road,AB+,PRBC,0,0,0,8,6,0
2026-07-20,HOSP-TN-04,Apollo Hospitals Greams Road,AB-,PRBC,0,0,0,2,1,0
2026-07-20,HOSP-TN-04,Apollo Hospitals Greams Road,O+,PRBC,0,0,0,28,27,1
2026-07-20,HOSP-TN-04,Apollo Hospitals Greams Road,O-,PRBC,0,0,0,5,4,0
2026-07-20,HOSP-WB-05,SSKM Hospital & IPGMER,A+,PRBC,0,0,0,21,18,1
2026-07-20,HOSP-WB-05,SSKM Hospital & IPGMER,A-,PRBC,0,0,0,3,2,0
2026-07-20,HOSP-WB-05,SSKM Hospital & IPGMER,B+,PRBC,0,0,0,44,40,0
2026-07-20,HOSP-WB-05,SSKM Hospital & IPGMER,B-,PRBC,0,0,0,4,3,1
2026-07-20,HOSP-WB-05,SSKM Hospital & IPGMER,AB+,PRBC,0,0,0,17,15,1
2026-07-20,HOSP-WB-05,SSKM Hospital & IPGMER,AB-,PRBC,0,0,0,2,1,1
2026-07-20,HOSP-WB-05,SSKM Hospital & IPGMER,O+,PRBC,0,0,0,48,44,0
2026-07-20,HOSP-WB-05,SSKM Hospital & IPGMER,O-,PRBC,0,0,0,1,0,0
2026-07-21,HOSP-DEL-01,Safdarjung Hospital,A+,PRBC,1,0,1,42,40,0
2026-07-21,HOSP-DEL-01,Safdarjung Hospital,A-,PRBC,1,0,0,1,0,0
2026-07-21,HOSP-DEL-01,Safdarjung Hospital,B+,PRBC,1,0,0,22,18,1
2026-07-21,HOSP-DEL-01,Safdarjung Hospital,B-,PRBC,1,0,1,20,18,0
2026-07-21,HOSP-DEL-01,Safdarjung Hospital,AB+,PRBC,1,0,0,15,14,0
2026-07-21,HOSP-DEL-01,Safdarjung Hospital,AB-,PRBC,1,0,0,1,0,0
2026-07-21,HOSP-DEL-01,Safdarjung Hospital,O+,PRBC,1,0,0,54,46,0
2026-07-21,HOSP-DEL-01,Safdarjung Hospital,O-,PRBC,1,0,0,7,6,0
2026-07-21,HOSP-MAH-02,Lilavati Hospital & Research Centre,A+,PRBC,1,0,0,12,11,0
2026-07-21,HOSP-MAH-02,Lilavati Hospital & Research Centre,A-,PRBC,1,0,0,4,3,0
2026-07-21,HOSP-MAH-02,Lilavati Hospital & Research Centre,B+,PRBC,1,0,0,72,68,0
2026-07-21,HOSP-MAH-02,Lilavati Hospital & Research Centre,B-,PRBC,1,0,0,1,0,1
2026-07-21,HOSP-MAH-02,Lilavati Hospital & Research Centre,AB+,PRBC,1,0,0,17,16,0
2026-07-21,HOSP-MAH-02,Lilavati Hospital & Research Centre,AB-,PRBC,1,0,0,3,2,0
2026-07-21,HOSP-MAH-02,Lilavati Hospital & Research Centre,O+,PRBC,1,0,0,53,50,1
2026-07-21,HOSP-MAH-02,Lilavati Hospital & Research Centre,O-,PRBC,1,0,0,1,0,0
2026-07-21,HOSP-KAR-03,Manipal Hospital Old Airport Road,A+,PRBC,1,0,0,20,18,0
2026-07-21,HOSP-KAR-03,Manipal Hospital Old Airport Road,A-,PRBC,1,0,0,3,2,0
2026-07-21,HOSP-KAR-03,Manipal Hospital Old Airport Road,B+,PRBC,1,0,0,63,62,0
2026-07-21,HOSP-KAR-03,Manipal Hospital Old Airport Road,B-,PRBC,1,0,0,4,3,0
2026-07-21,HOSP-KAR-03,Manipal Hospital Old Airport Road,AB+,PRBC,1,0,0,4,3,0
2026-07-21,HOSP-KAR-03,Manipal Hospital Old Airport Road,AB-,PRBC,1,0,0,1,0,0
2026-07-21,HOSP-KAR-03,Manipal Hospital Old Airport Road,O+,PRBC,1,0,0,50,46,2
2026-07-21,HOSP-KAR-03,Manipal Hospital Old Airport Road,O-,PRBC,1,0,0,3,2,0
2026-07-21,HOSP-TN-04,Apollo Hospitals Greams Road,A+,PRBC,1,0,0,13,12,0
2026-07-21,HOSP-TN-04,Apollo Hospitals Greams Road,A-,PRBC,1,0,0,4,3,0
2026-07-21,HOSP-TN-04,Apollo Hospitals Greams Road,B+,PRBC,1,0,0,16,15,1
2026-07-21,HOSP-TN-04,Apollo Hospitals Greams Road,B-,PRBC,1,0,0,2,1,0
2026-07-21,HOSP-TN-04,Apollo Hospitals Greams Road,AB+,PRBC,1,0,0,9,8,0
2026-07-21,HOSP-TN-04,Apollo Hospitals Greams Road,AB-,PRBC,1,0,0,1,0,1
2026-07-21,HOSP-TN-04,Apollo Hospitals Greams Road,O+,PRBC,1,0,0,80,72,0
2026-07-21,HOSP-TN-04,Apollo Hospitals Greams Road,O-,PRBC,1,0,1,21,17,1
2026-07-21,HOSP-WB-05,SSKM Hospital & IPGMER,A+,PRBC,1,0,0,32,27,0
2026-07-21,HOSP-WB-05,SSKM Hospital & IPGMER,A-,PRBC,1,0,0,5,4,0
2026-07-21,HOSP-WB-05,SSKM Hospital & IPGMER,B+,PRBC,1,0,0,36,30,0
2026-07-21,HOSP-WB-05,SSKM Hospital & IPGMER,B-,PRBC,1,0,0,1,0,0
2026-07-21,HOSP-WB-05,SSKM Hospital & IPGMER,AB+,PRBC,1,0,0,3,2,0
2026-07-21,HOSP-WB-05,SSKM Hospital & IPGMER,AB-,PRBC,1,0,0,2,1,0
2026-07-21,HOSP-WB-05,SSKM Hospital & IPGMER,O+,PRBC,1,0,0,60,51,0
2026-07-21,HOSP-WB-05,SSKM Hospital & IPGMER,O-,PRBC,1,0,1,11,9,0
2026-07-22,HOSP-DEL-01,Safdarjung Hospital,A+,PRBC,2,0,0,10,8,0
2026-07-22,HOSP-DEL-01,Safdarjung Hospital,A-,PRBC,2,0,0,2,1,0
2026-07-22,HOSP-DEL-01,Safdarjung Hospital,B+,PRBC,2,0,0,25,21,0
2026-07-22,HOSP-DEL-01,Safdarjung Hospital,B-,PRBC,2,0,0,5,4,0
2026-07-22,HOSP-DEL-01,Safdarjung Hospital,AB+,PRBC,2,0,0,11,10,1
2026-07-22,HOSP-DEL-01,Safdarjung Hospital,AB-,PRBC,2,0,0,1,0,0
2026-07-22,HOSP-DEL-01,Safdarjung Hospital,O+,PRBC,2,0,0,17,16,0
2026-07-22,HOSP-DEL-01,Safdarjung Hospital,O-,PRBC,2,0,0,10,9,0
2026-07-22,HOSP-MAH-02,Lilavati Hospital & Research Centre,A+,PRBC,2,0,0,44,42,0
2026-07-22,HOSP-MAH-02,Lilavati Hospital & Research Centre,A-,PRBC,2,0,0,1,0,1
2026-07-22,HOSP-MAH-02,Lilavati Hospital & Research Centre,B+,PRBC,2,0,0,43,41,0
2026-07-22,HOSP-MAH-02,Lilavati Hospital & Research Centre,B-,PRBC,2,0,0,4,3,2
2026-07-22,HOSP-MAH-02,Lilavati Hospital & Research Centre,AB+,PRBC,2,0,0,7,6,0
2026-07-22,HOSP-MAH-02,Lilavati Hospital & Research Centre,AB-,PRBC,2,0,0,3,2,0
2026-07-22,HOSP-MAH-02,Lilavati Hospital & Research Centre,O+,PRBC,2,0,0,84,72,0
2026-07-22,HOSP-MAH-02,Lilavati Hospital & Research Centre,O-,PRBC,2,0,0,7,6,0
2026-07-22,HOSP-KAR-03,Manipal Hospital Old Airport Road,A+,PRBC,2,0,0,19,17,0
2026-07-22,HOSP-KAR-03,Manipal Hospital Old Airport Road,A-,PRBC,2,0,0,1,0,0
2026-07-22,HOSP-KAR-03,Manipal Hospital Old Airport Road,B+,PRBC,2,0,0,35,33,0
2026-07-22,HOSP-KAR-03,Manipal Hospital Old Airport Road,B-,PRBC,2,0,0,2,1,0
2026-07-22,HOSP-KAR-03,Manipal Hospital Old Airport Road,AB+,PRBC,2,0,0,19,16,0
2026-07-22,HOSP-KAR-03,Manipal Hospital Old Airport Road,AB-,PRBC,2,0,1,17,16,0
2026-07-22,HOSP-KAR-03,Manipal Hospital Old Airport Road,O+,PRBC,2,0,0,79,72,0
2026-07-22,HOSP-KAR-03,Manipal Hospital Old Airport Road,O-,PRBC,2,0,1,19,17,0
2026-07-22,HOSP-TN-04,Apollo Hospitals Greams Road,A+,PRBC,2,0,0,21,20,2
2026-07-22,HOSP-TN-04,Apollo Hospitals Greams Road,A-,PRBC,2,0,0,1,0,0
2026-07-22,HOSP-TN-04,Apollo Hospitals Greams Road,B+,PRBC,2,0,1,43,37,0
2026-07-22,HOSP-TN-04,Apollo Hospitals Greams Road,B-,PRBC,2,0,0,2,1,0
2026-07-22,HOSP-TN-04,Apollo Hospitals Greams Road,AB+,PRBC,2,0,1,31,28,0
2026-07-22,HOSP-TN-04,Apollo Hospitals Greams Road,AB-,PRBC,2,0,0,1,0,0
2026-07-22,HOSP-TN-04,Apollo Hospitals Greams Road,O+,PRBC,2,0,0,74,71,1
2026-07-22,HOSP-TN-04,Apollo Hospitals Greams Road,O-,PRBC,2,0,0,2,1,0
2026-07-22,HOSP-WB-05,SSKM Hospital & IPGMER,A+,PRBC,2,0,1,43,36,0
2026-07-22,HOSP-WB-05,SSKM Hospital & IPGMER,A-,PRBC,2,0,0,1,0,0
2026-07-22,HOSP-WB-05,SSKM Hospital & IPGMER,B+,PRBC,2,0,0,23,20,0
2026-07-22,HOSP-WB-05,SSKM Hospital & IPGMER,B-,PRBC,2,0,0,6,5,0
2026-07-22,HOSP-WB-05,SSKM Hospital & IPGMER,AB+,PRBC,2,0,0,10,9,1
2026-07-22,HOSP-WB-05,SSKM Hospital & IPGMER,AB-,PRBC,2,0,0,2,1,0
2026-07-22,HOSP-WB-05,SSKM Hospital & IPGMER,O+,PRBC,2,0,0,86,85,0
2026-07-22,HOSP-WB-05,SSKM Hospital & IPGMER,O-,PRBC,2,0,0,6,5,0
2026-07-23,HOSP-DEL-01,Safdarjung Hospital,A+,PRBC,3,0,0,24,21,0
2026-07-23,HOSP-DEL-01,Safdarjung Hospital,A-,PRBC,3,0,0,1,0,0
2026-07-23,HOSP-DEL-01,Safdarjung Hospital,B+,PRBC,3,0,0,23,20,0
2026-07-23,HOSP-DEL-01,Safdarjung Hospital,B-,PRBC,3,0,0,1,0,0
2026-07-23,HOSP-DEL-01,Safdarjung Hospital,AB+,PRBC,3,0,0,12,11,0
2026-07-23,HOSP-DEL-01,Safdarjung Hospital,AB-,PRBC,3,0,0,1,0,0
2026-07-23,HOSP-DEL-01,Safdarjung Hospital,O+,PRBC,3,0,0,19,16,0
2026-07-23,HOSP-DEL-01,Safdarjung Hospital,O-,PRBC,3,0,0,1,0,0
2026-07-23,HOSP-MAH-02,Lilavati Hospital & Research Centre,A+,PRBC,3,0,0,45,44,0
2026-07-23,HOSP-MAH-02,Lilavati Hospital & Research Centre,A-,PRBC,3,0,0,1,0,0
2026-07-23,HOSP-MAH-02,Lilavati Hospital & Research Centre,B+,PRBC,3,0,0,22,18,0
2026-07-23,HOSP-MAH-02,Lilavati Hospital & Research Centre,B-,PRBC,3,0,0,1,0,0
2026-07-23,HOSP-MAH-02,Lilavati Hospital & Research Centre,AB+,PRBC,3,0,1,23,21,0
2026-07-23,HOSP-MAH-02,Lilavati Hospital & Research Centre,AB-,PRBC,3,0,0,1,0,0
2026-07-23,HOSP-MAH-02,Lilavati Hospital & Research Centre,O+,PRBC,3,0,0,51,46,0
2026-07-23,HOSP-MAH-02,Lilavati Hospital & Research Centre,O-,PRBC,3,0,0,8,7,0
2026-07-23,HOSP-KAR-03,Manipal Hospital Old Airport Road,A+,PRBC,3,0,0,47,42,0
2026-07-23,HOSP-KAR-03,Manipal Hospital Old Airport Road,A-,PRBC,3,0,0,5,4,0
2026-07-23,HOSP-KAR-03,Manipal Hospital Old Airport Road,B+,PRBC,3,0,0,49,48,0
2026-07-23,HOSP-KAR-03,Manipal Hospital Old Airport Road,B-,PRBC,3,0,0,2,1,0
2026-07-23,HOSP-KAR-03,Manipal Hospital Old Airport Road,AB+,PRBC,3,0,0,10,9,0
2026-07-23,HOSP-KAR-03,Manipal Hospital Old Airport Road,AB-,PRBC,3,0,0,2,1,0
2026-07-23,HOSP-KAR-03,Manipal Hospital Old Airport Road,O+,PRBC,3,0,0,49,48,0
2026-07-23,HOSP-KAR-03,Manipal Hospital Old Airport Road,O-,PRBC,3,0,0,4,3,0
2026-07-23,HOSP-TN-04,Apollo Hospitals Greams Road,A+,PRBC,3,0,0,12,10,0
2026-07-23,HOSP-TN-04,Apollo Hospitals Greams Road,A-,PRBC,3,0,0,1,0,0
2026-07-23,HOSP-TN-04,Apollo Hospitals Greams Road,B+,PRBC,3,0,0,57,50,0
2026-07-23,HOSP-TN-04,Apollo Hospitals Greams Road,B-,PRBC,3,0,0,2,1,0
2026-07-23,HOSP-TN-04,Apollo Hospitals Greams Road,AB+,PRBC,3,0,0,17,15,0
2026-07-23,HOSP-TN-04,Apollo Hospitals Greams Road,AB-,PRBC,3,0,0,1,0,1
2026-07-23,HOSP-TN-04,Apollo Hospitals Greams Road,O+,PRBC,3,0,0,64,58,0
2026-07-23,HOSP-TN-04,Apollo Hospitals Greams Road,O-,PRBC,3,0,0,10,9,0
2026-07-23,HOSP-WB-05,SSKM Hospital & IPGMER,A+,PRBC,3,0,0,18,15,0
2026-07-23,HOSP-WB-05,SSKM Hospital & IPGMER,A-,PRBC,3,0,0,1,0,0
2026-07-23,HOSP-WB-05,SSKM Hospital & IPGMER,B+,PRBC,3,0,0,60,53,0
2026-07-23,HOSP-WB-05,SSKM Hospital & IPGMER,B-,PRBC,3,0,0,4,3,0
2026-07-23,HOSP-WB-05,SSKM Hospital & IPGMER,AB+,PRBC,3,0,0,14,12,0
2026-07-23,HOSP-WB-05,SSKM Hospital & IPGMER,AB-,PRBC,3,0,0,3,2,1
2026-07-23,HOSP-WB-05,SSKM Hospital & IPGMER,O+,PRBC,3,0,0,21,19,0
2026-07-23,HOSP-WB-05,SSKM Hospital & IPGMER,O-,PRBC,3,0,0,4,3,0
2026-07-24,HOSP-DEL-01,Safdarjung Hospital,A+,PRBC,4,0,0,42,37,0
2026-07-24,HOSP-DEL-01,Safdarjung Hospital,A-,PRBC,4,0,0,6,5,0
2026-07-24,HOSP-DEL-01,Safdarjung Hospital,B+,PRBC,4,0,0,23,20,1
2026-07-24,HOSP-DEL-01,Safdarjung Hospital,B-,PRBC,4,0,0,5,4,1
2026-07-24,HOSP-DEL-01,Safdarjung Hospital,AB+,PRBC,4,0,0,11,9,0
2026-07-24,HOSP-DEL-01,Safdarjung Hospital,AB-,PRBC,4,0,0,1,0,0
2026-07-24,HOSP-DEL-01,Safdarjung Hospital,O+,PRBC,4,0,0,42,38,0
2026-07-24,HOSP-DEL-01,Safdarjung Hospital,O-,PRBC,4,0,0,3,2,0
2026-07-24,HOSP-MAH-02,Lilavati Hospital & Research Centre,A+,PRBC,4,0,1,33,28,0
2026-07-24,HOSP-MAH-02,Lilavati Hospital & Research Centre,A-,PRBC,4,0,0,2,1,0
2026-07-24,HOSP-MAH-02,Lilavati Hospital & Research Centre,B+,PRBC,4,0,0,38,37,0
2026-07-24,HOSP-MAH-02,Lilavati Hospital & Research Centre,B-,PRBC,4,0,0,1,0,0
2026-07-24,HOSP-MAH-02,Lilavati Hospital & Research Centre,AB+,PRBC,4,0,0,15,14,0
2026-07-24,HOSP-MAH-02,Lilavati Hospital & Research Centre,AB-,PRBC,4,0,0,1,0,0
2026-07-24,HOSP-MAH-02,Lilavati Hospital & Research Centre,O+,PRBC,4,0,0,37,34,0
2026-07-24,HOSP-MAH-02,Lilavati Hospital & Research Centre,O-,PRBC,4,0,0,1,0,0
2026-07-24,HOSP-KAR-03,Manipal Hospital Old Airport Road,A+,PRBC,4,0,0,34,33,0
2026-07-24,HOSP-KAR-03,Manipal Hospital Old Airport Road,A-,PRBC,4,0,0,1,0,1
2026-07-24,HOSP-KAR-03,Manipal Hospital Old Airport Road,B+,PRBC,4,0,1,59,57,0
2026-07-24,HOSP-KAR-03,Manipal Hospital Old Airport Road,B-,PRBC,4,0,0,5,4,0
2026-07-24,HOSP-KAR-03,Manipal Hospital Old Airport Road,AB+,PRBC,4,0,0,15,13,0
2026-07-24,HOSP-KAR-03,Manipal Hospital Old Airport Road,AB-,PRBC,4,0,0,2,1,0
2026-07-24,HOSP-KAR-03,Manipal Hospital Old Airport Road,O+,PRBC,4,0,0,69,66,0
2026-07-24,HOSP-KAR-03,Manipal Hospital Old Airport Road,O-,PRBC,4,0,0,8,7,1
2026-07-24,HOSP-TN-04,Apollo Hospitals Greams Road,A+,PRBC,4,0,1,24,22,0
2026-07-24,HOSP-TN-04,Apollo Hospitals Greams Road,A-,PRBC,4,0,0,1,0,0
2026-07-24,HOSP-TN-04,Apollo Hospitals Greams Road,B+,PRBC,4,0,0,50,49,0
2026-07-24,HOSP-TN-04,Apollo Hospitals Greams Road,B-,PRBC,4,0,0,3,2,0
2026-07-24,HOSP-TN-04,Apollo Hospitals Greams Road,AB+,PRBC,4,0,0,13,12,0
2026-07-24,HOSP-TN-04,Apollo Hospitals Greams Road,AB-,PRBC,4,0,0,1,0,0
2026-07-24,HOSP-TN-04,Apollo Hospitals Greams Road,O+,PRBC,4,0,0,55,52,2
2026-07-24,HOSP-TN-04,Apollo Hospitals Greams Road,O-,PRBC,4,0,0,1,0,0
2026-07-24,HOSP-WB-05,SSKM Hospital & IPGMER,A+,PRBC,4,0,0,39,36,0
2026-07-24,HOSP-WB-05,SSKM Hospital & IPGMER,A-,PRBC,4,0,0,3,2,2
2026-07-24,HOSP-WB-05,SSKM Hospital & IPGMER,B+,PRBC,4,0,0,76,68,0
2026-07-24,HOSP-WB-05,SSKM Hospital & IPGMER,B-,PRBC,4,0,0,3,2,0
2026-07-24,HOSP-WB-05,SSKM Hospital & IPGMER,AB+,PRBC,4,0,1,22,19,0
2026-07-24,HOSP-WB-05,SSKM Hospital & IPGMER,AB-,PRBC,4,0,0,1,0,0
2026-07-24,HOSP-WB-05,SSKM Hospital & IPGMER,O+,PRBC,4,0,0,21,18,0
2026-07-24,HOSP-WB-05,SSKM Hospital & IPGMER,O-,PRBC,4,0,0,9,8,1
2026-07-25,HOSP-DEL-01,Safdarjung Hospital,A+,PRBC,5,1,0,31,30,0
2026-07-25,HOSP-DEL-01,Safdarjung Hospital,A-,PRBC,5,1,0,4,3,2
2026-07-25,HOSP-DEL-01,Safdarjung Hospital,B+,PRBC,5,1,0,32,27,0
2026-07-25,HOSP-DEL-01,Safdarjung Hospital,B-,PRBC,5,1,0,4,3,1
2026-07-25,HOSP-DEL-01,Safdarjung Hospital,AB+,PRBC,5,1,1,17,15,0
2026-07-25,HOSP-DEL-01,Safdarjung Hospital,AB-,PRBC,5,1,0,1,0,0
2026-07-25,HOSP-DEL-01,Safdarjung Hospital,O+,PRBC,5,1,0,93,92,0
2026-07-25,HOSP-DEL-01,Safdarjung Hospital,O-,PRBC,5,1,0,6,5,1
2026-07-25,HOSP-MAH-02,Lilavati Hospital & Research Centre,A+,PRBC,5,1,1,71,69,1
2026-07-25,HOSP-MAH-02,Lilavati Hospital & Research Centre,A-,PRBC,5,1,0,1,0,0
2026-07-25,HOSP-MAH-02,Lilavati Hospital & Research Centre,B+,PRBC,5,1,0,67,58,0
2026-07-25,HOSP-MAH-02,Lilavati Hospital & Research Centre,B-,PRBC,5,1,1,11,9,0
2026-07-25,HOSP-MAH-02,Lilavati Hospital & Research Centre,AB+,PRBC,5,1,0,14,13,0
2026-07-25,HOSP-MAH-02,Lilavati Hospital & Research Centre,AB-,PRBC,5,1,1,12,11,0
2026-07-25,HOSP-MAH-02,Lilavati Hospital & Research Centre,O+,PRBC,5,1,1,76,71,1
2026-07-25,HOSP-MAH-02,Lilavati Hospital & Research Centre,O-,PRBC,5,1,0,10,8,0
2026-07-25,HOSP-KAR-03,Manipal Hospital Old Airport Road,A+,PRBC,5,1,0,61,53,0
2026-07-25,HOSP-KAR-03,Manipal Hospital Old Airport Road,A-,PRBC,5,1,1,9,8,0
2026-07-25,HOSP-KAR-03,Manipal Hospital Old Airport Road,B+,PRBC,5,1,0,80,71,0
2026-07-25,HOSP-KAR-03,Manipal Hospital Old Airport Road,B-,PRBC,5,1,0,6,5,1
2026-07-25,HOSP-KAR-03,Manipal Hospital Old Airport Road,AB+,PRBC,5,1,0,16,15,0
2026-07-25,HOSP-KAR-03,Manipal Hospital Old Airport Road,AB-,PRBC,5,1,0,1,0,0
2026-07-25,HOSP-KAR-03,Manipal Hospital Old Airport Road,O+,PRBC,5,1,0,43,41,1
2026-07-25,HOSP-KAR-03,Manipal Hospital Old Airport Road,O-,PRBC,5,1,0,2,1,0
2026-07-25,HOSP-TN-04,Apollo Hospitals Greams Road,A+,PRBC,5,1,1,63,55,0
2026-07-25,HOSP-TN-04,Apollo Hospitals Greams Road,A-,PRBC,5,1,0,3,2,0
2026-07-25,HOSP-TN-04,Apollo Hospitals Greams Road,B+,PRBC,5,1,0,52,49,0
2026-07-25,HOSP-TN-04,Apollo Hospitals Greams Road,B-,PRBC,5,1,0,8,7,0
2026-07-25,HOSP-TN-04,Apollo Hospitals Greams Road,AB+,PRBC,5,1,0,8,6,0
2026-07-25,HOSP-TN-04,Apollo Hospitals Greams Road,AB-,PRBC,5,1,0,2,1,0
2026-07-25,HOSP-TN-04,Apollo Hospitals Greams Road,O+,PRBC,5,1,0,45,39,0
2026-07-25,HOSP-TN-04,Apollo Hospitals Greams Road,O-,PRBC,5,1,0,1,0,0
2026-07-25,HOSP-WB-05,SSKM Hospital & IPGMER,A+,PRBC,5,1,0,40,34,0
2026-07-25,HOSP-WB-05,SSKM Hospital & IPGMER,A-,PRBC,5,1,0,1,0,2
2026-07-25,HOSP-WB-05,SSKM Hospital & IPGMER,B+,PRBC,5,1,1,43,41,0
2026-07-25,HOSP-WB-05,SSKM Hospital & IPGMER,B-,PRBC,5,1,0,3,2,2
2026-07-25,HOSP-WB-05,SSKM Hospital & IPGMER,AB+,PRBC,5,1,0,13,11,0
2026-07-25,HOSP-WB-05,SSKM Hospital & IPGMER,AB-,PRBC,5,1,0,1,0,0
2026-07-25,HOSP-WB-05,SSKM Hospital & IPGMER,O+,PRBC,5,1,0,74,69,0
2026-07-25,HOSP-WB-05,SSKM Hospital & IPGMER,O-,PRBC,5,1,0,4,3,0
2026-07-26,HOSP-DEL-01,Safdarjung Hospital,A+,PRBC,6,1,0,48,44,0
2026-07-26,HOSP-DEL-01,Safdarjung Hospital,A-,PRBC,6,1,0,2,1,0
2026-07-26,HOSP-DEL-01,Safdarjung Hospital,B+,PRBC,6,1,0,24,21,0
2026-07-26,HOSP-DEL-01,Safdarjung Hospital,B-,PRBC,6,1,0,8,7,0
2026-07-26,HOSP-DEL-01,Safdarjung Hospital,AB+,PRBC,6,1,0,16,14,0
2026-07-26,HOSP-DEL-01,Safdarjung Hospital,AB-,PRBC,6,1,0,1,0,0
2026-07-26,HOSP-DEL-01,Safdarjung Hospital,O+,PRBC,6,1,1,91,85,0
2026-07-26,HOSP-DEL-01,Safdarjung Hospital,O-,PRBC,6,1,0,7,6,0
2026-07-26,HOSP-MAH-02,Lilavati Hospital & Research Centre,A+,PRBC,6,1,0,30,28,0
2026-07-26,HOSP-MAH-02,Lilavati Hospital & Research Centre,A-,PRBC,6,1,0,6,5,0
2026-07-26,HOSP-MAH-02,Lilavati Hospital & Research Centre,B+,PRBC,6,1,0,63,58,0
2026-07-26,HOSP-MAH-02,Lilavati Hospital & Research Centre,B-,PRBC,6,1,0,1,0,0
2026-07-26,HOSP-MAH-02,Lilavati Hospital & Research Centre,AB+,PRBC,6,1,0,10,8,0
2026-07-26,HOSP-MAH-02,Lilavati Hospital & Research Centre,AB-,PRBC,6,1,0,1,0,0
2026-07-26,HOSP-MAH-02,Lilavati Hospital & Research Centre,O+,PRBC,6,1,0,31,26,1
2026-07-26,HOSP-MAH-02,Lilavati Hospital & Research Centre,O-,PRBC,6,1,0,9,8,0
2026-07-26,HOSP-KAR-03,Manipal Hospital Old Airport Road,A+,PRBC,6,1,0,51,49,0
2026-07-26,HOSP-KAR-03,Manipal Hospital Old Airport Road,A-,PRBC,6,1,1,15,14,0
2026-07-26,HOSP-KAR-03,Manipal Hospital Old Airport Road,B+,PRBC,6,1,0,63,57,0
2026-07-26,HOSP-KAR-03,Manipal Hospital Old Airport Road,B-,PRBC,6,1,0,4,3,0
2026-07-26,HOSP-KAR-03,Manipal Hospital Old Airport Road,AB+,PRBC,6,1,0,26,24,1
2026-07-26,HOSP-KAR-03,Manipal Hospital Old Airport Road,AB-,PRBC,6,1,0,1,0,0
2026-07-26,HOSP-KAR-03,Manipal Hospital Old Airport Road,O+,PRBC,6,1,0,50,45,0
2026-07-26,HOSP-KAR-03,Manipal Hospital Old Airport Road,O-,PRBC,6,1,0,6,5,0
2026-07-26,HOSP-TN-04,Apollo Hospitals Greams Road,A+,PRBC,6,1,0,32,29,0
2026-07-26,HOSP-TN-04,Apollo Hospitals Greams Road,A-,PRBC,6,1,0,6,5,0
2026-07-26,HOSP-TN-04,Apollo Hospitals Greams Road,B+,PRBC,6,1,0,42,39,0
2026-07-26,HOSP-TN-04,Apollo Hospitals Greams Road,B-,PRBC,6,1,0,2,1,0
2026-07-26,HOSP-TN-04,Apollo Hospitals Greams Road,AB+,PRBC,6,1,0,17,15,0
2026-07-26,HOSP-TN-04,Apollo Hospitals Greams Road,AB-,PRBC,6,1,0,1,0,0
2026-07-26,HOSP-TN-04,Apollo Hospitals Greams Road,O+,PRBC,6,1,0,41,35,1
2026-07-26,HOSP-TN-04,Apollo Hospitals Greams Road,O-,PRBC,6,1,0,12,10,0
2026-07-26,HOSP-WB-05,SSKM Hospital & IPGMER,A+,PRBC,6,1,0,24,23,0
2026-07-26,HOSP-WB-05,SSKM Hospital & IPGMER,A-,PRBC,6,1,0,2,1,0
2026-07-26,HOSP-WB-05,SSKM Hospital & IPGMER,B+,PRBC,6,1,0,90,86,0
2026-07-26,HOSP-WB-05,SSKM Hospital & IPGMER,B-,PRBC,6,1,0,4,3,0
2026-07-26,HOSP-WB-05,SSKM Hospital & IPGMER,AB+,PRBC,6,1,0,23,22,0
2026-07-26,HOSP-WB-05,SSKM Hospital & IPGMER,AB-,PRBC,6,1,0,1,0,0
2026-07-26,HOSP-WB-05,SSKM Hospital & IPGMER,O+,PRBC,6,1,1,105,100,0
2026-07-26,HOSP-WB-05,SSKM Hospital & IPGMER,O-,PRBC,6,1,1,13,12,0
2026-07-27,HOSP-DEL-01,Safdarjung Hospital,A+,PRBC,0,0,0,31,29,1
2026-07-27,HOSP-DEL-01,Safdarjung Hospital,A-,PRBC,0,0,0,1,0,1
2026-07-27,HOSP-DEL-01,Safdarjung Hospital,B+,PRBC,0,0,0,50,47,0
2026-07-27,HOSP-DEL-01,Safdarjung Hospital,B-,PRBC,0,0,0,6,5,0
2026-07-27,HOSP-DEL-01,Safdarjung Hospital,AB+,PRBC,0,0,0,15,13,0
2026-07-27,HOSP-DEL-01,Safdarjung Hospital,AB-,PRBC,0,0,0,1,0,0
2026-07-27,HOSP-DEL-01,Safdarjung Hospital,O+,PRBC,0,0,0,43,36,0
2026-07-27,HOSP-DEL-01,Safdarjung Hospital,O-,PRBC,0,0,0,7,6,0
2026-07-27,HOSP-MAH-02,Lilavati Hospital & Research Centre,A+,PRBC,0,0,0,47,42,0
2026-07-27,HOSP-MAH-02,Lilavati Hospital & Research Centre,A-,PRBC,0,0,0,1,0,0
2026-07-27,HOSP-MAH-02,Lilavati Hospital & Research Centre,B+,PRBC,0,0,0,52,49,1
2026-07-27,HOSP-MAH-02,Lilavati Hospital & Research Centre,B-,PRBC,0,0,0,4,3,0
2026-07-27,HOSP-MAH-02,Lilavati Hospital & Research Centre,AB+,PRBC,0,0,1,10,8,0
2026-07-27,HOSP-MAH-02,Lilavati Hospital & Research Centre,AB-,PRBC,0,0,0,3,2,0
2026-07-27,HOSP-MAH-02,Lilavati Hospital & Research Centre,O+,PRBC,0,0,0,87,84,0
2026-07-27,HOSP-MAH-02,Lilavati Hospital & Research Centre,O-,PRBC,0,0,0,6,5,0
2026-07-27,HOSP-KAR-03,Manipal Hospital Old Airport Road,A+,PRBC,0,0,0,19,16,0
2026-07-27,HOSP-KAR-03,Manipal Hospital Old Airport Road,A-,PRBC,0,0,0,1,0,0
2026-07-27,HOSP-KAR-03,Manipal Hospital Old Airport Road,B+,PRBC,0,0,0,52,50,0
2026-07-27,HOSP-KAR-03,Manipal Hospital Old Airport Road,B-,PRBC,0,0,0,4,3,1
2026-07-27,HOSP-KAR-03,Manipal Hospital Old Airport Road,AB+,PRBC,0,0,0,6,5,0
2026-07-27,HOSP-KAR-03,Manipal Hospital Old Airport Road,AB-,PRBC,0,0,0,1,0,0
2026-07-27,HOSP-KAR-03,Manipal Hospital Old Airport Road,O+,PRBC,0,0,0,60,54,1
2026-07-27,HOSP-KAR-03,Manipal Hospital Old Airport Road,O-,PRBC,0,0,0,4,3,0
2026-07-27,HOSP-TN-04,Apollo Hospitals Greams Road,A+,PRBC,0,0,0,14,12,0
2026-07-27,HOSP-TN-04,Apollo Hospitals Greams Road,A-,PRBC,0,0,0,1,0,0
2026-07-27,HOSP-TN-04,Apollo Hospitals Greams Road,B+,PRBC,0,0,0,16,15,2
2026-07-27,HOSP-TN-04,Apollo Hospitals Greams Road,B-,PRBC,0,0,0,4,3,0
2026-07-27,HOSP-TN-04,Apollo Hospitals Greams Road,AB+,PRBC,0,0,0,7,6,0
2026-07-27,HOSP-TN-04,Apollo Hospitals Greams Road,AB-,PRBC,0,0,0,1,0,0
2026-07-27,HOSP-TN-04,Apollo Hospitals Greams Road,O+,PRBC,0,0,0,28,24,0
2026-07-27,HOSP-TN-04,Apollo Hospitals Greams Road,O-,PRBC,0,0,0,3,2,0
2026-07-27,HOSP-WB-05,SSKM Hospital & IPGMER,A+,PRBC,0,0,0,43,38,0
2026-07-27,HOSP-WB-05,SSKM Hospital & IPGMER,A-,PRBC,0,0,1,15,14,0
2026-07-27,HOSP-WB-05,SSKM Hospital & IPGMER,B+,PRBC,0,0,0,68,63,0
2026-07-27,HOSP-WB-05,SSKM Hospital & IPGMER,B-,PRBC,0,0,0,2,1,0
2026-07-27,HOSP-WB-05,SSKM Hospital & IPGMER,AB+,PRBC,0,0,0,3,2,1
2026-07-27,HOSP-WB-05,SSKM Hospital & IPGMER,AB-,PRBC,0,0,0,1,0,0
2026-07-27,HOSP-WB-05,SSKM Hospital & IPGMER,O+,PRBC,0,0,0,76,72,0
2026-07-27,HOSP-WB-05,SSKM Hospital & IPGMER,O-,PRBC,0,0,0,7,6,0
2026-07-28,HOSP-DEL-01,Safdarjung Hospital,A+,PRBC,1,0,0,30,27,0
2026-07-28,HOSP-DEL-01,Safdarjung Hospital,A-,PRBC,1,0,0,1,0,0
2026-07-28,HOSP-DEL-01,Safdarjung Hospital,B+,PRBC,1,0,0,73,70,0
2026-07-28,HOSP-DEL-01,Safdarjung Hospital,B-,PRBC,1,0,0,2,1,0
2026-07-28,HOSP-DEL-01,Safdarjung Hospital,AB+,PRBC,1,0,0,9,8,0
2026-07-28,HOSP-DEL-01,Safdarjung Hospital,AB-,PRBC,1,0,0,1,0,0
2026-07-28,HOSP-DEL-01,Safdarjung Hospital,O+,PRBC,1,0,0,17,15,0
2026-07-28,HOSP-DEL-01,Safdarjung Hospital,O-,PRBC,1,0,0,2,1,0
2026-07-28,HOSP-MAH-02,Lilavati Hospital & Research Centre,A+,PRBC,1,0,1,44,43,0
2026-07-28,HOSP-MAH-02,Lilavati Hospital & Research Centre,A-,PRBC,1,0,0,1,0,0
2026-07-28,HOSP-MAH-02,Lilavati Hospital & Research Centre,B+,PRBC,1,0,0,39,36,1
2026-07-28,HOSP-MAH-02,Lilavati Hospital & Research Centre,B-,PRBC,1,0,0,1,0,0
2026-07-28,HOSP-MAH-02,Lilavati Hospital & Research Centre,AB+,PRBC,1,0,0,15,13,0
2026-07-28,HOSP-MAH-02,Lilavati Hospital & Research Centre,AB-,PRBC,1,0,0,1,0,0
2026-07-28,HOSP-MAH-02,Lilavati Hospital & Research Centre,O+,PRBC,1,0,0,77,74,0
2026-07-28,HOSP-MAH-02,Lilavati Hospital & Research Centre,O-,PRBC,1,0,0,1,0,0
2026-07-28,HOSP-KAR-03,Manipal Hospital Old Airport Road,A+,PRBC,1,0,0,39,33,0
2026-07-28,HOSP-KAR-03,Manipal Hospital Old Airport Road,A-,PRBC,1,0,0,1,0,2
2026-07-28,HOSP-KAR-03,Manipal Hospital Old Airport Road,B+,PRBC,1,0,0,59,50,0
2026-07-28,HOSP-KAR-03,Manipal Hospital Old Airport Road,B-,PRBC,1,0,0,7,6,0
2026-07-28,HOSP-KAR-03,Manipal Hospital Old Airport Road,AB+,PRBC,1,0,0,7,5,0
2026-07-28,HOSP-KAR-03,Manipal Hospital Old Airport Road,AB-,PRBC,1,0,0,2,1,0
2026-07-28,HOSP-KAR-03,Manipal Hospital Old Airport Road,O+,PRBC,1,0,0,76,66,0
2026-07-28,HOSP-KAR-03,Manipal Hospital Old Airport Road,O-,PRBC,1,0,0,1,0,0
2026-07-28,HOSP-TN-04,Apollo Hospitals Greams Road,A+,PRBC,1,0,0,24,20,0
2026-07-28,HOSP-TN-04,Apollo Hospitals Greams Road,A-,PRBC,1,0,0,3,2,1
2026-07-28,HOSP-TN-04,Apollo Hospitals Greams Road,B+,PRBC,1,0,0,57,49,0
2026-07-28,HOSP-TN-04,Apollo Hospitals Greams Road,B-,PRBC,1,0,0,5,4,0
2026-07-28,HOSP-TN-04,Apollo Hospitals Greams Road,AB+,PRBC,1,0,0,7,6,0
2026-07-28,HOSP-TN-04,Apollo Hospitals Greams Road,AB-,PRBC,1,0,0,2,1,0
2026-07-28,HOSP-TN-04,Apollo Hospitals Greams Road,O+,PRBC,1,0,0,45,39,0
2026-07-28,HOSP-TN-04,Apollo Hospitals Greams Road,O-,PRBC,1,0,0,3,2,0
2026-07-28,HOSP-WB-05,SSKM Hospital & IPGMER,A+,PRBC,1,0,0,12,10,0
2026-07-28,HOSP-WB-05,SSKM Hospital & IPGMER,A-,PRBC,1,0,1,15,13,0
2026-07-28,HOSP-WB-05,SSKM Hospital & IPGMER,B+,PRBC,1,0,0,52,46,0
2026-07-28,HOSP-WB-05,SSKM Hospital & IPGMER,B-,PRBC,1,0,0,5,4,0
2026-07-28,HOSP-WB-05,SSKM Hospital & IPGMER,AB+,PRBC,1,0,0,10,9,2
2026-07-28,HOSP-WB-05,SSKM Hospital & IPGMER,AB-,PRBC,1,0,0,1,0,0
2026-07-28,HOSP-WB-05,SSKM Hospital & IPGMER,O+,PRBC,1,0,0,50,45,0
2026-07-28,HOSP-WB-05,SSKM Hospital & IPGMER,O-,PRBC,1,0,1,17,15,0
2026-07-29,HOSP-DEL-01,Safdarjung Hospital,A+,PRBC,2,0,0,40,36,0
2026-07-29,HOSP-DEL-01,Safdarjung Hospital,A-,PRBC,2,0,0,2,1,1
2026-07-29,HOSP-DEL-01,Safdarjung Hospital,B+,PRBC,2,0,0,73,65,0
2026-07-29,HOSP-DEL-01,Safdarjung Hospital,B-,PRBC,2,0,0,4,3,0
2026-07-29,HOSP-DEL-01,Safdarjung Hospital,AB+,PRBC,2,0,0,18,16,0
2026-07-29,HOSP-DEL-01,Safdarjung Hospital,AB-,PRBC,2,0,0,3,2,0
2026-07-29,HOSP-DEL-01,Safdarjung Hospital,O+,PRBC,2,0,0,80,72,0
2026-07-29,HOSP-DEL-01,Safdarjung Hospital,O-,PRBC,2,0,0,8,7,1
2026-07-29,HOSP-MAH-02,Lilavati Hospital & Research Centre,A+,PRBC,2,0,0,38,34,0
2026-07-29,HOSP-MAH-02,Lilavati Hospital & Research Centre,A-,PRBC,2,0,0,2,1,0
2026-07-29,HOSP-MAH-02,Lilavati Hospital & Research Centre,B+,PRBC,2,0,1,62,59,0
2026-07-29,HOSP-MAH-02,Lilavati Hospital & Research Centre,B-,PRBC,2,0,0,2,1,0
2026-07-29,HOSP-MAH-02,Lilavati Hospital & Research Centre,AB+,PRBC,2,0,0,14,12,0
2026-07-29,HOSP-MAH-02,Lilavati Hospital & Research Centre,AB-,PRBC,2,0,0,1,0,1
2026-07-29,HOSP-MAH-02,Lilavati Hospital & Research Centre,O+,PRBC,2,0,0,54,46,0
2026-07-29,HOSP-MAH-02,Lilavati Hospital & Research Centre,O-,PRBC,2,0,0,3,2,0
2026-07-29,HOSP-KAR-03,Manipal Hospital Old Airport Road,A+,PRBC,2,0,0,14,13,0
2026-07-29,HOSP-KAR-03,Manipal Hospital Old Airport Road,A-,PRBC,2,0,0,4,3,0
2026-07-29,HOSP-KAR-03,Manipal Hospital Old Airport Road,B+,PRBC,2,0,0,68,63,0
2026-07-29,HOSP-KAR-03,Manipal Hospital Old Airport Road,B-,PRBC,2,0,0,5,4,0
2026-07-29,HOSP-KAR-03,Manipal Hospital Old Airport Road,AB+,PRBC,2,0,0,9,7,0
2026-07-29,HOSP-KAR-03,Manipal Hospital Old Airport Road,AB-,PRBC,2,0,0,4,3,0
2026-07-29,HOSP-KAR-03,Manipal Hospital Old Airport Road,O+,PRBC,2,0,0,37,36,0
2026-07-29,HOSP-KAR-03,Manipal Hospital Old Airport Road,O-,PRBC,2,0,0,4,3,0
2026-07-29,HOSP-TN-04,Apollo Hospitals Greams Road,A+,PRBC,2,0,1,58,51,0
2026-07-29,HOSP-TN-04,Apollo Hospitals Greams Road,A-,PRBC,2,0,0,1,0,0
2026-07-29,HOSP-TN-04,Apollo Hospitals Greams Road,B+,PRBC,2,0,0,38,32,0
2026-07-29,HOSP-TN-04,Apollo Hospitals Greams Road,B-,PRBC,2,0,1,21,18,0
2026-07-29,HOSP-TN-04,Apollo Hospitals Greams Road,AB+,PRBC,2,0,1,22,19,0
2026-07-29,HOSP-TN-04,Apollo Hospitals Greams Road,AB-,PRBC,2,0,0,3,2,0
2026-07-29,HOSP-TN-04,Apollo Hospitals Greams Road,O+,PRBC,2,0,1,73,64,0
2026-07-29,HOSP-TN-04,Apollo Hospitals Greams Road,O-,PRBC,2,0,0,6,5,0
2026-07-29,HOSP-WB-05,SSKM Hospital & IPGMER,A+,PRBC,2,0,0,42,39,0
2026-07-29,HOSP-WB-05,SSKM Hospital & IPGMER,A-,PRBC,2,0,0,3,2,0
2026-07-29,HOSP-WB-05,SSKM Hospital & IPGMER,B+,PRBC,2,0,0,73,68,0
2026-07-29,HOSP-WB-05,SSKM Hospital & IPGMER,B-,PRBC,2,0,0,2,1,0
2026-07-29,HOSP-WB-05,SSKM Hospital & IPGMER,AB+,PRBC,2,0,0,10,9,0
2026-07-29,HOSP-WB-05,SSKM Hospital & IPGMER,AB-,PRBC,2,0,0,3,2,0
2026-07-29,HOSP-WB-05,SSKM Hospital & IPGMER,O+,PRBC,2,0,0,83,80,0
2026-07-29,HOSP-WB-05,SSKM Hospital & IPGMER,O-,PRBC,2,0,0,6,5,0
2026-07-30,HOSP-DEL-01,Safdarjung Hospital,A+,PRBC,3,0,0,10,8,0
2026-07-30,HOSP-DEL-01,Safdarjung Hospital,A-,PRBC,3,0,0,3,2,0
2026-07-30,HOSP-DEL-01,Safdarjung Hospital,B+,PRBC,3,0,0,33,32,0
2026-07-30,HOSP-DEL-01,Safdarjung Hospital,B-,PRBC,3,0,0,4,3,2
2026-07-30,HOSP-DEL-01,Safdarjung Hospital,AB+,PRBC,3,0,0,7,6,1
2026-07-30,HOSP-DEL-01,Safdarjung Hospital,AB-,PRBC,3,0,1,10,9,1
2026-07-30,HOSP-DEL-01,Safdarjung Hospital,O+,PRBC,3,0,0,71,68,0
2026-07-30,HOSP-DEL-01,Safdarjung Hospital,O-,PRBC,3,0,0,3,2,0
2026-07-30,HOSP-MAH-02,Lilavati Hospital & Research Centre,A+,PRBC,3,0,0,27,26,0
2026-07-30,HOSP-MAH-02,Lilavati Hospital & Research Centre,A-,PRBC,3,0,0,1,0,0
2026-07-30,HOSP-MAH-02,Lilavati Hospital & Research Centre,B+,PRBC,3,0,0,42,36,0
2026-07-30,HOSP-MAH-02,Lilavati Hospital & Research Centre,B-,PRBC,3,0,0,5,4,0
2026-07-30,HOSP-MAH-02,Lilavati Hospital & Research Centre,AB+,PRBC,3,0,0,18,16,0
2026-07-30,HOSP-MAH-02,Lilavati Hospital & Research Centre,AB-,PRBC,3,0,0,1,0,0
2026-07-30,HOSP-MAH-02,Lilavati Hospital & Research Centre,O+,PRBC,3,0,0,41,40,0
2026-07-30,HOSP-MAH-02,Lilavati Hospital & Research Centre,O-,PRBC,3,0,0,3,2,0
2026-07-30,HOSP-KAR-03,Manipal Hospital Old Airport Road,A+,PRBC,3,0,1,27,26,0
2026-07-30,HOSP-KAR-03,Manipal Hospital Old Airport Road,A-,PRBC,3,0,0,1,0,0
2026-07-30,HOSP-KAR-03,Manipal Hospital Old Airport Road,B+,PRBC,3,0,0,18,16,2
2026-07-30,HOSP-KAR-03,Manipal Hospital Old Airport Road,B-,PRBC,3,0,0,4,3,0
2026-07-30,HOSP-KAR-03,Manipal Hospital Old Airport Road,AB+,PRBC,3,0,0,7,6,0
2026-07-30,HOSP-KAR-03,Manipal Hospital Old Airport Road,AB-,PRBC,3,0,0,2,1,0
2026-07-30,HOSP-KAR-03,Manipal Hospital Old Airport Road,O+,PRBC,3,0,0,55,49,0
2026-07-30,HOSP-KAR-03,Manipal Hospital Old Airport Road,O-,PRBC,3,0,0,3,2,0
2026-07-30,HOSP-TN-04,Apollo Hospitals Greams Road,A+,PRBC,3,0,0,17,16,0
2026-07-30,HOSP-TN-04,Apollo Hospitals Greams Road,A-,PRBC,3,0,0,2,1,0
2026-07-30,HOSP-TN-04,Apollo Hospitals Greams Road,B+,PRBC,3,0,0,44,40,0
2026-07-30,HOSP-TN-04,Apollo Hospitals Greams Road,B-,PRBC,3,0,0,1,0,0
2026-07-30,HOSP-TN-04,Apollo Hospitals Greams Road,AB+,PRBC,3,0,0,7,6,0
2026-07-30,HOSP-TN-04,Apollo Hospitals Greams Road,AB-,PRBC,3,0,0,3,2,0
2026-07-30,HOSP-TN-04,Apollo Hospitals Greams Road,O+,PRBC,3,0,0,34,31,1
2026-07-30,HOSP-TN-04,Apollo Hospitals Greams Road,O-,PRBC,3,0,0,2,1,0
2026-07-30,HOSP-WB-05,SSKM Hospital & IPGMER,A+,PRBC,3,0,0,39,33,0
2026-07-30,HOSP-WB-05,SSKM Hospital & IPGMER,A-,PRBC,3,0,0,5,4,0
2026-07-30,HOSP-WB-05,SSKM Hospital & IPGMER,B+,PRBC,3,0,0,74,64,0
2026-07-30,HOSP-WB-05,SSKM Hospital & IPGMER,B-,PRBC,3,0,0,4,3,0
2026-07-30,HOSP-WB-05,SSKM Hospital & IPGMER,AB+,PRBC,3,0,0,16,14,0
2026-07-30,HOSP-WB-05,SSKM Hospital & IPGMER,AB-,PRBC,3,0,0,1,0,0
2026-07-30,HOSP-WB-05,SSKM Hospital & IPGMER,O+,PRBC,3,0,0,39,35,0
2026-07-30,HOSP-WB-05,SSKM Hospital & IPGMER,O-,PRBC,3,0,1,12,10,0
2026-07-31,HOSP-DEL-01,Safdarjung Hospital,A+,PRBC,4,0,0,18,15,1
2026-07-31,HOSP-DEL-01,Safdarjung Hospital,A-,PRBC,4,0,0,1,0,0
2026-07-31,HOSP-DEL-01,Safdarjung Hospital,B+,PRBC,4,0,0,65,58,0
2026-07-31,HOSP-DEL-01,Safdarjung Hospital,B-,PRBC,4,0,0,5,4,0
2026-07-31,HOSP-DEL-01,Safdarjung Hospital,AB+,PRBC,4,0,0,18,16,0
2026-07-31,HOSP-DEL-01,Safdarjung Hospital,AB-,PRBC,4,0,0,2,1,0
2026-07-31,HOSP-DEL-01,Safdarjung Hospital,O+,PRBC,4,0,0,68,59,0
2026-07-31,HOSP-DEL-01,Safdarjung Hospital,O-,PRBC,4,0,1,13,12,1
2026-07-31,HOSP-MAH-02,Lilavati Hospital & Research Centre,A+,PRBC,4,0,0,38,32,0
2026-07-31,HOSP-MAH-02,Lilavati Hospital & Research Centre,A-,PRBC,4,0,0,5,4,0
2026-07-31,HOSP-MAH-02,Lilavati Hospital & Research Centre,B+,PRBC,4,0,0,56,51,0
2026-07-31,HOSP-MAH-02,Lilavati Hospital & Research Centre,B-,PRBC,4,0,0,5,4,0
2026-07-31,HOSP-MAH-02,Lilavati Hospital & Research Centre,AB+,PRBC,4,0,0,14,12,0
2026-07-31,HOSP-MAH-02,Lilavati Hospital & Research Centre,AB-,PRBC,4,0,0,3,2,1
2026-07-31,HOSP-MAH-02,Lilavati Hospital & Research Centre,O+,PRBC,4,0,0,66,61,0
2026-07-31,HOSP-MAH-02,Lilavati Hospital & Research Centre,O-,PRBC,4,0,0,5,4,1
2026-07-31,HOSP-KAR-03,Manipal Hospital Old Airport Road,A+,PRBC,4,0,0,26,25,0
2026-07-31,HOSP-KAR-03,Manipal Hospital Old Airport Road,A-,PRBC,4,0,0,2,1,1
2026-07-31,HOSP-KAR-03,Manipal Hospital Old Airport Road,B+,PRBC,4,0,0,71,66,0
2026-07-31,HOSP-KAR-03,Manipal Hospital Old Airport Road,B-,PRBC,4,0,0,1,0,0
2026-07-31,HOSP-KAR-03,Manipal Hospital Old Airport Road,AB+,PRBC,4,0,0,18,16,0
2026-07-31,HOSP-KAR-03,Manipal Hospital Old Airport Road,AB-,PRBC,4,0,0,2,1,0
2026-07-31,HOSP-KAR-03,Manipal Hospital Old Airport Road,O+,PRBC,4,0,1,24,21,0
2026-07-31,HOSP-KAR-03,Manipal Hospital Old Airport Road,O-,PRBC,4,0,0,2,1,0
2026-07-31,HOSP-TN-04,Apollo Hospitals Greams Road,A+,PRBC,4,0,0,26,22,0
2026-07-31,HOSP-TN-04,Apollo Hospitals Greams Road,A-,PRBC,4,0,1,18,15,0
2026-07-31,HOSP-TN-04,Apollo Hospitals Greams Road,B+,PRBC,4,0,0,52,47,0
2026-07-31,HOSP-TN-04,Apollo Hospitals Greams Road,B-,PRBC,4,0,0,4,3,0
2026-07-31,HOSP-TN-04,Apollo Hospitals Greams Road,AB+,PRBC,4,0,0,15,13,1
2026-07-31,HOSP-TN-04,Apollo Hospitals Greams Road,AB-,PRBC,4,0,0,1,0,0
2026-07-31,HOSP-TN-04,Apollo Hospitals Greams Road,O+,PRBC,4,0,0,37,31,0
2026-07-31,HOSP-TN-04,Apollo Hospitals Greams Road,O-,PRBC,4,0,0,1,0,0
2026-07-31,HOSP-WB-05,SSKM Hospital & IPGMER,A+,PRBC,4,0,0,21,18,0
2026-07-31,HOSP-WB-05,SSKM Hospital & IPGMER,A-,PRBC,4,0,0,3,2,0
2026-07-31,HOSP-WB-05,SSKM Hospital & IPGMER,B+,PRBC,4,0,0,66,56,0
2026-07-31,HOSP-WB-05,SSKM Hospital & IPGMER,B-,PRBC,4,0,1,9,8,0
2026-07-31,HOSP-WB-05,SSKM Hospital & IPGMER,AB+,PRBC,4,0,0,9,7,0
2026-07-31,HOSP-WB-05,SSKM Hospital & IPGMER,AB-,PRBC,4,0,0,1,0,0
2026-07-31,HOSP-WB-05,SSKM Hospital & IPGMER,O+,PRBC,4,0,0,36,33,0
2026-07-31,HOSP-WB-05,SSKM Hospital & IPGMER,O-,PRBC,4,0,0,8,6,0
2026-08-01,HOSP-DEL-01,Safdarjung Hospital,A+,PRBC,5,1,0,39,33,0
2026-08-01,HOSP-DEL-01,Safdarjung Hospital,A-,PRBC,5,1,0,3,2,0
2026-08-01,HOSP-DEL-01,Safdarjung Hospital,B+,PRBC,5,1,0,30,26,0
2026-08-01,HOSP-DEL-01,Safdarjung Hospital,B-,PRBC,5,1,0,1,0,2
2026-08-01,HOSP-DEL-01,Safdarjung Hospital,AB+,PRBC,5,1,0,21,18,0
2026-08-01,HOSP-DEL-01,Safdarjung Hospital,AB-,PRBC,5,1,1,13,11,0
2026-08-01,HOSP-DEL-01,Safdarjung Hospital,O+,PRBC,5,1,0,57,49,0
2026-08-01,HOSP-DEL-01,Safdarjung Hospital,O-,PRBC,5,1,0,1,0,0
2026-08-01,HOSP-MAH-02,Lilavati Hospital & Research Centre,A+,PRBC,5,1,1,57,50,0
2026-08-01,HOSP-MAH-02,Lilavati Hospital & Research Centre,A-,PRBC,5,1,0,1,0,0
2026-08-01,HOSP-MAH-02,Lilavati Hospital & Research Centre,B+,PRBC,5,1,0,77,71,0
2026-08-01,HOSP-MAH-02,Lilavati Hospital & Research Centre,B-,PRBC,5,1,0,2,1,0
2026-08-01,HOSP-MAH-02,Lilavati Hospital & Research Centre,AB+,PRBC,5,1,0,23,20,0
2026-08-01,HOSP-MAH-02,Lilavati Hospital & Research Centre,AB-,PRBC,5,1,0,1,0,0
2026-08-01,HOSP-MAH-02,Lilavati Hospital & Research Centre,O+,PRBC,5,1,0,110,101,0
2026-08-01,HOSP-MAH-02,Lilavati Hospital & Research Centre,O-,PRBC,5,1,0,8,7,0
2026-08-01,HOSP-KAR-03,Manipal Hospital Old Airport Road,A+,PRBC,5,1,0,58,50,0
2026-08-01,HOSP-KAR-03,Manipal Hospital Old Airport Road,A-,PRBC,5,1,0,5,4,0
2026-08-01,HOSP-KAR-03,Manipal Hospital Old Airport Road,B+,PRBC,5,1,0,25,22,0
2026-08-01,HOSP-KAR-03,Manipal Hospital Old Airport Road,B-,PRBC,5,1,1,12,11,1
2026-08-01,HOSP-KAR-03,Manipal Hospital Old Airport Road,AB+,PRBC,5,1,0,15,13,0
2026-08-01,HOSP-KAR-03,Manipal Hospital Old Airport Road,AB-,PRBC,5,1,0,2,1,0
2026-08-01,HOSP-KAR-03,Manipal Hospital Old Airport Road,O+,PRBC,5,1,0,93,80,0
2026-08-01,HOSP-KAR-03,Manipal Hospital Old Airport Road,O-,PRBC,5,1,0,4,3,0
2026-08-01,HOSP-TN-04,Apollo Hospitals Greams Road,A+,PRBC,5,1,0,35,31,0
2026-08-01,HOSP-TN-04,Apollo Hospitals Greams Road,A-,PRBC,5,1,0,2,1,0
2026-08-01,HOSP-TN-04,Apollo Hospitals Greams Road,B+,PRBC,5,1,0,32,31,0
2026-08-01,HOSP-TN-04,Apollo Hospitals Greams Road,B-,PRBC,5,1,0,3,2,0
2026-08-01,HOSP-TN-04,Apollo Hospitals Greams Road,AB+,PRBC,5,1,0,8,7,0
2026-08-01,HOSP-TN-04,Apollo Hospitals Greams Road,AB-,PRBC,5,1,0,1,0,0
2026-08-01,HOSP-TN-04,Apollo Hospitals Greams Road,O+,PRBC,5,1,0,46,45,0
2026-08-01,HOSP-TN-04,Apollo Hospitals Greams Road,O-,PRBC,5,1,0,1,0,0
2026-08-01,HOSP-WB-05,SSKM Hospital & IPGMER,A+,PRBC,5,1,0,43,39,0
2026-08-01,HOSP-WB-05,SSKM Hospital & IPGMER,A-,PRBC,5,1,0,5,4,0
2026-08-01,HOSP-WB-05,SSKM Hospital & IPGMER,B+,PRBC,5,1,0,73,67,0
2026-08-01,HOSP-WB-05,SSKM Hospital & IPGMER,B-,PRBC,5,1,0,1,0,0
2026-08-01,HOSP-WB-05,SSKM Hospital & IPGMER,AB+,PRBC,5,1,0,9,8,0
2026-08-01,HOSP-WB-05,SSKM Hospital & IPGMER,AB-,PRBC,5,1,0,2,1,0
2026-08-01,HOSP-WB-05,SSKM Hospital & IPGMER,O+,PRBC,5,1,0,61,59,0
2026-08-01,HOSP-WB-05,SSKM Hospital & IPGMER,O-,PRBC,5,1,0,7,6,0
2026-08-02,HOSP-DEL-01,Safdarjung Hospital,A+,PRBC,6,1,0,63,62,0
2026-08-02,HOSP-DEL-01,Safdarjung Hospital,A-,PRBC,6,1,0,2,1,2
2026-08-02,HOSP-DEL-01,Safdarjung Hospital,B+,PRBC,6,1,0,39,36,0
2026-08-02,HOSP-DEL-01,Safdarjung Hospital,B-,PRBC,6,1,0,2,1,0
2026-08-02,HOSP-DEL-01,Safdarjung Hospital,AB+,PRBC,6,1,0,4,3,1
2026-08-02,HOSP-DEL-01,Safdarjung Hospital,AB-,PRBC,6,1,0,1,0,0
2026-08-02,HOSP-DEL-01,Safdarjung Hospital,O+,PRBC,6,1,0,55,47,0
2026-08-02,HOSP-DEL-01,Safdarjung Hospital,O-,PRBC,6,1,0,3,2,0
2026-08-02,HOSP-MAH-02,Lilavati Hospital & Research Centre,A+,PRBC,6,1,0,64,54,0
2026-08-02,HOSP-MAH-02,Lilavati Hospital & Research Centre,A-,PRBC,6,1,0,3,2,0
2026-08-02,HOSP-MAH-02,Lilavati Hospital & Research Centre,B+,PRBC,6,1,0,66,59,0
2026-08-02,HOSP-MAH-02,Lilavati Hospital & Research Centre,B-,PRBC,6,1,0,2,1,2
2026-08-02,HOSP-MAH-02,Lilavati Hospital & Research Centre,AB+,PRBC,6,1,0,22,21,0
2026-08-02,HOSP-MAH-02,Lilavati Hospital & Research Centre,AB-,PRBC,6,1,0,4,3,1
2026-08-02,HOSP-MAH-02,Lilavati Hospital & Research Centre,O+,PRBC,6,1,0,37,33,0
2026-08-02,HOSP-MAH-02,Lilavati Hospital & Research Centre,O-,PRBC,6,1,0,8,7,0
2026-08-02,HOSP-KAR-03,Manipal Hospital Old Airport Road,A+,PRBC,6,1,0,26,25,0
2026-08-02,HOSP-KAR-03,Manipal Hospital Old Airport Road,A-,PRBC,6,1,0,5,4,0
2026-08-02,HOSP-KAR-03,Manipal Hospital Old Airport Road,B+,PRBC,6,1,0,77,76,0
2026-08-02,HOSP-KAR-03,Manipal Hospital Old Airport Road,B-,PRBC,6,1,0,6,5,0
2026-08-02,HOSP-KAR-03,Manipal Hospital Old Airport Road,AB+,PRBC,6,1,0,20,18,0
2026-08-02,HOSP-KAR-03,Manipal Hospital Old Airport Road,AB-,PRBC,6,1,0,1,0,1
2026-08-02,HOSP-KAR-03,Manipal Hospital Old Airport Road,O+,PRBC,6,1,0,29,26,0
2026-08-02,HOSP-KAR-03,Manipal Hospital Old Airport Road,O-,PRBC,6,1,0,3,2,1
2026-08-02,HOSP-TN-04,Apollo Hospitals Greams Road,A+,PRBC,6,1,0,22,20,0
2026-08-02,HOSP-TN-04,Apollo Hospitals Greams Road,A-,PRBC,6,1,1,14,13,0
2026-08-02,HOSP-TN-04,Apollo Hospitals Greams Road,B+,PRBC,6,1,0,69,65,0
2026-08-02,HOSP-TN-04,Apollo Hospitals Greams Road,B-,PRBC,6,1,0,5,4,0
2026-08-02,HOSP-TN-04,Apollo Hospitals Greams Road,AB+,PRBC,6,1,0,12,10,0
2026-08-02,HOSP-TN-04,Apollo Hospitals Greams Road,AB-,PRBC,6,1,0,2,1,0
2026-08-02,HOSP-TN-04,Apollo Hospitals Greams Road,O+,PRBC,6,1,0,103,93,1
2026-08-02,HOSP-TN-04,Apollo Hospitals Greams Road,O-,PRBC,6,1,0,7,6,0
2026-08-02,HOSP-WB-05,SSKM Hospital & IPGMER,A+,PRBC,6,1,1,64,57,0
2026-08-02,HOSP-WB-05,SSKM Hospital & IPGMER,A-,PRBC,6,1,0,4,3,0
2026-08-02,HOSP-WB-05,SSKM Hospital & IPGMER,B+,PRBC,6,1,0,22,21,0
2026-08-02,HOSP-WB-05,SSKM Hospital & IPGMER,B-,PRBC,6,1,0,6,5,0
2026-08-02,HOSP-WB-05,SSKM Hospital & IPGMER,AB+,PRBC,6,1,0,6,5,0
2026-08-02,HOSP-WB-05,SSKM Hospital & IPGMER,AB-,PRBC,6,1,0,1,0,0
2026-08-02,HOSP-WB-05,SSKM Hospital & IPGMER,O+,PRBC,6,1,0,37,32,0
2026-08-02,HOSP-WB-05,SSKM Hospital & IPGMER,O-,PRBC,6,1,0,5,4,0
2026-08-03,HOSP-DEL-01,Safdarjung Hospital,A+,PRBC,0,0,1,47,46,0
2026-08-03,HOSP-DEL-01,Safdarjung Hospital,A-,PRBC,0,0,0,3,2,0
2026-08-03,HOSP-DEL-01,Safdarjung Hospital,B+,PRBC,0,0,0,71,69,0
2026-08-03,HOSP-DEL-01,Safdarjung Hospital,B-,PRBC,0,0,0,5,4,0
2026-08-03,HOSP-DEL-01,Safdarjung Hospital,AB+,PRBC,0,0,0,13,11,0
2026-08-03,HOSP-DEL-01,Safdarjung Hospital,AB-,PRBC,0,0,0,2,1,0
2026-08-03,HOSP-DEL-01,Safdarjung Hospital,O+,PRBC,0,0,0,58,53,0
2026-08-03,HOSP-DEL-01,Safdarjung Hospital,O-,PRBC,0,0,0,4,3,0
2026-08-03,HOSP-MAH-02,Lilavati Hospital & Research Centre,A+,PRBC,0,0,0,42,37,2
2026-08-03,HOSP-MAH-02,Lilavati Hospital & Research Centre,A-,PRBC,0,0,0,1,0,0
2026-08-03,HOSP-MAH-02,Lilavati Hospital & Research Centre,B+,PRBC,0,0,0,38,33,0
2026-08-03,HOSP-MAH-02,Lilavati Hospital & Research Centre,B-,PRBC,0,0,0,1,0,0
2026-08-03,HOSP-MAH-02,Lilavati Hospital & Research Centre,AB+,PRBC,0,0,0,15,13,0
2026-08-03,HOSP-MAH-02,Lilavati Hospital & Research Centre,AB-,PRBC,0,0,0,3,2,0
2026-08-03,HOSP-MAH-02,Lilavati Hospital & Research Centre,O+,PRBC,0,0,0,22,21,0
2026-08-03,HOSP-MAH-02,Lilavati Hospital & Research Centre,O-,PRBC,0,0,0,2,1,0
2026-08-03,HOSP-KAR-03,Manipal Hospital Old Airport Road,A+,PRBC,0,0,0,10,8,1
2026-08-03,HOSP-KAR-03,Manipal Hospital Old Airport Road,A-,PRBC,0,0,0,3,2,0
2026-08-03,HOSP-KAR-03,Manipal Hospital Old Airport Road,B+,PRBC,0,0,0,51,48,0
2026-08-03,HOSP-KAR-03,Manipal Hospital Old Airport Road,B-,PRBC,0,0,0,2,1,0
2026-08-03,HOSP-KAR-03,Manipal Hospital Old Airport Road,AB+,PRBC,0,0,0,7,5,0
2026-08-03,HOSP-KAR-03,Manipal Hospital Old Airport Road,AB-,PRBC,0,0,0,1,0,0
2026-08-03,HOSP-KAR-03,Manipal Hospital Old Airport Road,O+,PRBC,0,0,0,48,45,0
2026-08-03,HOSP-KAR-03,Manipal Hospital Old Airport Road,O-,PRBC,0,0,0,1,0,0
2026-08-03,HOSP-TN-04,Apollo Hospitals Greams Road,A+,PRBC,0,0,0,26,22,0
2026-08-03,HOSP-TN-04,Apollo Hospitals Greams Road,A-,PRBC,0,0,0,4,3,0
2026-08-03,HOSP-TN-04,Apollo Hospitals Greams Road,B+,PRBC,0,0,0,72,61,0
2026-08-03,HOSP-TN-04,Apollo Hospitals Greams Road,B-,PRBC,0,0,1,11,10,0
2026-08-03,HOSP-TN-04,Apollo Hospitals Greams Road,AB+,PRBC,0,0,0,7,6,1
2026-08-03,HOSP-TN-04,Apollo Hospitals Greams Road,AB-,PRBC,0,0,0,3,2,2
2026-08-03,HOSP-TN-04,Apollo Hospitals Greams Road,O+,PRBC,0,0,0,27,26,1
2026-08-03,HOSP-TN-04,Apollo Hospitals Greams Road,O-,PRBC,0,0,0,6,5,0
2026-08-03,HOSP-WB-05,SSKM Hospital & IPGMER,A+,PRBC,0,0,0,35,31,0
2026-08-03,HOSP-WB-05,SSKM Hospital & IPGMER,A-,PRBC,0,0,0,4,3,0
2026-08-03,HOSP-WB-05,SSKM Hospital & IPGMER,B+,PRBC,0,0,0,29,24,0
2026-08-03,HOSP-WB-05,SSKM Hospital & IPGMER,B-,PRBC,0,0,0,2,1,2
2026-08-03,HOSP-WB-05,SSKM Hospital & IPGMER,AB+,PRBC,0,0,0,9,8,0
2026-08-03,HOSP-WB-05,SSKM Hospital & IPGMER,AB-,PRBC,0,0,0,1,0,0
2026-08-03,HOSP-WB-05,SSKM Hospital & IPGMER,O+,PRBC,0,0,0,32,29,0
2026-08-03,HOSP-WB-05,SSKM Hospital & IPGMER,O-,PRBC,0,0,0,4,3,0
2026-08-04,HOSP-DEL-01,Safdarjung Hospital,A+,PRBC,1,0,0,27,23,1
2026-08-04,HOSP-DEL-01,Safdarjung Hospital,A-,PRBC,1,0,0,1,0,0
2026-08-04,HOSP-DEL-01,Safdarjung Hospital,B+,PRBC,1,0,0,67,62,0
2026-08-04,HOSP-DEL-01,Safdarjung Hospital,B-,PRBC,1,0,0,1,0,0
2026-08-04,HOSP-DEL-01,Safdarjung Hospital,AB+,PRBC,1,0,0,20,19,0
2026-08-04,HOSP-DEL-01,Safdarjung Hospital,AB-,PRBC,1,0,0,3,2,0
2026-08-04,HOSP-DEL-01,Safdarjung Hospital,O+,PRBC,1,0,0,23,21,0
2026-08-04,HOSP-DEL-01,Safdarjung Hospital,O-,PRBC,1,0,0,1,0,0
2026-08-04,HOSP-MAH-02,Lilavati Hospital & Research Centre,A+,PRBC,1,0,0,47,45,0
2026-08-04,HOSP-MAH-02,Lilavati Hospital & Research Centre,A-,PRBC,1,0,0,1,0,2
2026-08-04,HOSP-MAH-02,Lilavati Hospital & Research Centre,B+,PRBC,1,0,0,47,42,0
2026-08-04,HOSP-MAH-02,Lilavati Hospital & Research Centre,B-,PRBC,1,0,0,5,4,0
2026-08-04,HOSP-MAH-02,Lilavati Hospital & Research Centre,AB+,PRBC,1,0,0,21,19,0
2026-08-04,HOSP-MAH-02,Lilavati Hospital & Research Centre,AB-,PRBC,1,0,0,3,2,0
2026-08-04,HOSP-MAH-02,Lilavati Hospital & Research Centre,O+,PRBC,1,0,0,30,25,0
2026-08-04,HOSP-MAH-02,Lilavati Hospital & Research Centre,O-,PRBC,1,0,0,5,4,0
2026-08-04,HOSP-KAR-03,Manipal Hospital Old Airport Road,A+,PRBC,1,0,0,39,36,0
2026-08-04,HOSP-KAR-03,Manipal Hospital Old Airport Road,A-,PRBC,1,0,0,1,0,0
2026-08-04,HOSP-KAR-03,Manipal Hospital Old Airport Road,B+,PRBC,1,0,0,27,26,1
2026-08-04,HOSP-KAR-03,Manipal Hospital Old Airport Road,B-,PRBC,1,0,0,1,0,0
2026-08-04,HOSP-KAR-03,Manipal Hospital Old Airport Road,AB+,PRBC,1,0,0,6,5,0
2026-08-04,HOSP-KAR-03,Manipal Hospital Old Airport Road,AB-,PRBC,1,0,1,14,12,0
2026-08-04,HOSP-KAR-03,Manipal Hospital Old Airport Road,O+,PRBC,1,0,0,85,84,0
2026-08-04,HOSP-KAR-03,Manipal Hospital Old Airport Road,O-,PRBC,1,0,0,5,4,0
2026-08-04,HOSP-TN-04,Apollo Hospitals Greams Road,A+,PRBC,1,0,0,25,24,0
2026-08-04,HOSP-TN-04,Apollo Hospitals Greams Road,A-,PRBC,1,0,0,1,0,0
2026-08-04,HOSP-TN-04,Apollo Hospitals Greams Road,B+,PRBC,1,0,0,51,45,0
2026-08-04,HOSP-TN-04,Apollo Hospitals Greams Road,B-,PRBC,1,0,0,1,0,0
2026-08-04,HOSP-TN-04,Apollo Hospitals Greams Road,AB+,PRBC,1,0,0,9,8,0
2026-08-04,HOSP-TN-04,Apollo Hospitals Greams Road,AB-,PRBC,1,0,0,3,2,0
2026-08-04,HOSP-TN-04,Apollo Hospitals Greams Road,O+,PRBC,1,0,0,67,65,1
2026-08-04,HOSP-TN-04,Apollo Hospitals Greams Road,O-,PRBC,1,0,0,4,3,0
2026-08-04,HOSP-WB-05,SSKM Hospital & IPGMER,A+,PRBC,1,0,0,34,30,1
2026-08-04,HOSP-WB-05,SSKM Hospital & IPGMER,A-,PRBC,1,0,0,4,3,0
2026-08-04,HOSP-WB-05,SSKM Hospital & IPGMER,B+,PRBC,1,0,0,75,74,0
2026-08-04,HOSP-WB-05,SSKM Hospital & IPGMER,B-,PRBC,1,0,0,1,0,0
2026-08-04,HOSP-WB-05,SSKM Hospital & IPGMER,AB+,PRBC,1,0,0,20,17,0
2026-08-04,HOSP-WB-05,SSKM Hospital & IPGMER,AB-,PRBC,1,0,0,1,0,0
2026-08-04,HOSP-WB-05,SSKM Hospital & IPGMER,O+,PRBC,1,0,0,80,74,1
2026-08-04,HOSP-WB-05,SSKM Hospital & IPGMER,O-,PRBC,1,0,0,5,4,0
2026-08-05,HOSP-DEL-01,Safdarjung Hospital,A+,PRBC,2,0,0,27,24,0
2026-08-05,HOSP-DEL-01,Safdarjung Hospital,A-,PRBC,2,0,0,3,2,0
2026-08-05,HOSP-DEL-01,Safdarjung Hospital,B+,PRBC,2,0,0,42,40,0
2026-08-05,HOSP-DEL-01,Safdarjung Hospital,B-,PRBC,2,0,0,4,3,0
2026-08-05,HOSP-DEL-01,Safdarjung Hospital,AB+,PRBC,2,0,0,9,7,1
2026-08-05,HOSP-DEL-01,Safdarjung Hospital,AB-,PRBC,2,0,0,2,1,0
2026-08-05,HOSP-DEL-01,Safdarjung Hospital,O+,PRBC,2,0,0,37,34,0
2026-08-05,HOSP-DEL-01,Safdarjung Hospital,O-,PRBC,2,0,0,4,3,0
2026-08-05,HOSP-MAH-02,Lilavati Hospital & Research Centre,A+,PRBC,2,0,0,49,43,0
2026-08-05,HOSP-MAH-02,Lilavati Hospital & Research Centre,A-,PRBC,2,0,0,4,3,0
2026-08-05,HOSP-MAH-02,Lilavati Hospital & Research Centre,B+,PRBC,2,0,0,70,60,0
2026-08-05,HOSP-MAH-02,Lilavati Hospital & Research Centre,B-,PRBC,2,0,0,4,3,0
2026-08-05,HOSP-MAH-02,Lilavati Hospital & Research Centre,AB+,PRBC,2,0,0,12,11,1
2026-08-05,HOSP-MAH-02,Lilavati Hospital & Research Centre,AB-,PRBC,2,0,0,1,0,0
2026-08-05,HOSP-MAH-02,Lilavati Hospital & Research Centre,O+,PRBC,2,0,0,62,57,0
2026-08-05,HOSP-MAH-02,Lilavati Hospital & Research Centre,O-,PRBC,2,0,0,4,3,0
2026-08-05,HOSP-KAR-03,Manipal Hospital Old Airport Road,A+,PRBC,2,0,0,23,20,1
2026-08-05,HOSP-KAR-03,Manipal Hospital Old Airport Road,A-,PRBC,2,0,0,2,1,2
2026-08-05,HOSP-KAR-03,Manipal Hospital Old Airport Road,B+,PRBC,2,0,0,51,47,0
2026-08-05,HOSP-KAR-03,Manipal Hospital Old Airport Road,B-,PRBC,2,0,0,1,0,0
2026-08-05,HOSP-KAR-03,Manipal Hospital Old Airport Road,AB+,PRBC,2,0,0,10,9,0
2026-08-05,HOSP-KAR-03,Manipal Hospital Old Airport Road,AB-,PRBC,2,0,1,19,17,0
2026-08-05,HOSP-KAR-03,Manipal Hospital Old Airport Road,O+,PRBC,2,0,0,29,26,0
2026-08-05,HOSP-KAR-03,Manipal Hospital Old Airport Road,O-,PRBC,2,0,0,3,2,0
2026-08-05,HOSP-TN-04,Apollo Hospitals Greams Road,A+,PRBC,2,0,0,40,34,0
2026-08-05,HOSP-TN-04,Apollo Hospitals Greams Road,A-,PRBC,2,0,0,2,1,0
2026-08-05,HOSP-TN-04,Apollo Hospitals Greams Road,B+,PRBC,2,0,0,31,28,0
2026-08-05,HOSP-TN-04,Apollo Hospitals Greams Road,B-,PRBC,2,0,0,2,1,0
2026-08-05,HOSP-TN-04,Apollo Hospitals Greams Road,AB+,PRBC,2,0,0,21,20,0
2026-08-05,HOSP-TN-04,Apollo Hospitals Greams Road,AB-,PRBC,2,0,0,1,0,0
2026-08-05,HOSP-TN-04,Apollo Hospitals Greams Road,O+,PRBC,2,0,0,84,76,1
2026-08-05,HOSP-TN-04,Apollo Hospitals Greams Road,O-,PRBC,2,0,0,6,5,0
2026-08-05,HOSP-WB-05,SSKM Hospital & IPGMER,A+,PRBC,2,0,0,20,18,0
2026-08-05,HOSP-WB-05,SSKM Hospital & IPGMER,A-,PRBC,2,0,0,3,2,1
2026-08-05,HOSP-WB-05,SSKM Hospital & IPGMER,B+,PRBC,2,0,0,26,24,0
2026-08-05,HOSP-WB-05,SSKM Hospital & IPGMER,B-,PRBC,2,0,0,6,5,0
2026-08-05,HOSP-WB-05,SSKM Hospital & IPGMER,AB+,PRBC,2,0,0,11,10,0
2026-08-05,HOSP-WB-05,SSKM Hospital & IPGMER,AB-,PRBC,2,0,0,1,0,0
2026-08-05,HOSP-WB-05,SSKM Hospital & IPGMER,O+,PRBC,2,0,0,20,18,0
2026-08-05,HOSP-WB-05,SSKM Hospital & IPGMER,O-,PRBC,2,0,0,3,2,0
2026-08-06,HOSP-DEL-01,Safdarjung Hospital,A+,PRBC,3,0,0,47,43,0
2026-08-06,HOSP-DEL-01,Safdarjung Hospital,A-,PRBC,3,0,0,5,4,0
2026-08-06,HOSP-DEL-01,Safdarjung Hospital,B+,PRBC,3,0,0,35,29,0
2026-08-06,HOSP-DEL-01,Safdarjung Hospital,B-,PRBC,3,0,0,2,1,0
2026-08-06,HOSP-DEL-01,Safdarjung Hospital,AB+,PRBC,3,0,0,7,6,0
2026-08-06,HOSP-DEL-01,Safdarjung Hospital,AB-,PRBC,3,0,0,1,0,0
2026-08-06,HOSP-DEL-01,Safdarjung Hospital,O+,PRBC,3,0,0,73,67,0
2026-08-06,HOSP-DEL-01,Safdarjung Hospital,O-,PRBC,3,0,0,7,6,0
2026-08-06,HOSP-MAH-02,Lilavati Hospital & Research Centre,A+,PRBC,3,0,0,49,41,0
2026-08-06,HOSP-MAH-02,Lilavati Hospital & Research Centre,A-,PRBC,3,0,0,1,0,0
2026-08-06,HOSP-MAH-02,Lilavati Hospital & Research Centre,B+,PRBC,3,0,0,39,37,0
2026-08-06,HOSP-MAH-02,Lilavati Hospital & Research Centre,B-,PRBC,3,0,1,13,11,0
2026-08-06,HOSP-MAH-02,Lilavati Hospital & Research Centre,AB+,PRBC,3,0,1,21,18,0
2026-08-06,HOSP-MAH-02,Lilavati Hospital & Research Centre,AB-,PRBC,3,0,0,1,0,0
2026-08-06,HOSP-MAH-02,Lilavati Hospital & Research Centre,O+,PRBC,3,0,0,73,70,0
2026-08-06,HOSP-MAH-02,Lilavati Hospital & Research Centre,O-,PRBC,3,0,0,5,4,0
2026-08-06,HOSP-KAR-03,Manipal Hospital Old Airport Road,A+,PRBC,3,0,0,49,43,0
2026-08-06,HOSP-KAR-03,Manipal Hospital Old Airport Road,A-,PRBC,3,0,0,4,3,0
2026-08-06,HOSP-KAR-03,Manipal Hospital Old Airport Road,B+,PRBC,3,0,0,53,49,0
2026-08-06,HOSP-KAR-03,Manipal Hospital Old Airport Road,B-,PRBC,3,0,0,6,5,0
2026-08-06,HOSP-KAR-03,Manipal Hospital Old Airport Road,AB+,PRBC,3,0,0,20,19,0
2026-08-06,HOSP-KAR-03,Manipal Hospital Old Airport Road,AB-,PRBC,3,0,0,3,2,0
2026-08-06,HOSP-KAR-03,Manipal Hospital Old Airport Road,O+,PRBC,3,0,0,50,45,0
2026-08-06,HOSP-KAR-03,Manipal Hospital Old Airport Road,O-,PRBC,3,0,0,7,6,1
2026-08-06,HOSP-TN-04,Apollo Hospitals Greams Road,A+,PRBC,3,0,0,28,27,0
2026-08-06,HOSP-TN-04,Apollo Hospitals Greams Road,A-,PRBC,3,0,0,2,1,0
2026-08-06,HOSP-TN-04,Apollo Hospitals Greams Road,B+,PRBC,3,0,0,66,59,0
2026-08-06,HOSP-TN-04,Apollo Hospitals Greams Road,B-,PRBC,3,0,0,2,1,0
2026-08-06,HOSP-TN-04,Apollo Hospitals Greams Road,AB+,PRBC,3,0,0,3,2,0
2026-08-06,HOSP-TN-04,Apollo Hospitals Greams Road,AB-,PRBC,3,0,0,1,0,0
2026-08-06,HOSP-TN-04,Apollo Hospitals Greams Road,O+,PRBC,3,0,1,74,63,0
2026-08-06,HOSP-TN-04,Apollo Hospitals Greams Road,O-,PRBC,3,0,0,1,0,0
2026-08-06,HOSP-WB-05,SSKM Hospital & IPGMER,A+,PRBC,3,0,0,48,47,0
2026-08-06,HOSP-WB-05,SSKM Hospital & IPGMER,A-,PRBC,3,0,0,2,1,0
2026-08-06,HOSP-WB-05,SSKM Hospital & IPGMER,B+,PRBC,3,0,0,73,69,0
2026-08-06,HOSP-WB-05,SSKM Hospital & IPGMER,B-,PRBC,3,0,0,1,0,0
2026-08-06,HOSP-WB-05,SSKM Hospital & IPGMER,AB+,PRBC,3,0,0,18,17,0
2026-08-06,HOSP-WB-05,SSKM Hospital & IPGMER,AB-,PRBC,3,0,0,1,0,0
2026-08-06,HOSP-WB-05,SSKM Hospital & IPGMER,O+,PRBC,3,0,0,20,18,0
2026-08-06,HOSP-WB-05,SSKM Hospital & IPGMER,O-,PRBC,3,0,0,5,4,0
2026-08-07,HOSP-DEL-01,Safdarjung Hospital,A+,PRBC,4,0,0,19,18,0
2026-08-07,HOSP-DEL-01,Safdarjung Hospital,A-,PRBC,4,0,0,1,0,0
2026-08-07,HOSP-DEL-01,Safdarjung Hospital,B+,PRBC,4,0,0,53,47,1
2026-08-07,HOSP-DEL-01,Safdarjung Hospital,B-,PRBC,4,0,0,6,5,0
2026-08-07,HOSP-DEL-01,Safdarjung Hospital,AB+,PRBC,4,0,0,11,10,0
2026-08-07,HOSP-DEL-01,Safdarjung Hospital,AB-,PRBC,4,0,0,3,2,0
2026-08-07,HOSP-DEL-01,Safdarjung Hospital,O+,PRBC,4,0,0,63,54,0
2026-08-07,HOSP-DEL-01,Safdarjung Hospital,O-,PRBC,4,0,0,9,7,1
2026-08-07,HOSP-MAH-02,Lilavati Hospital & Research Centre,A+,PRBC,4,0,0,49,43,0
2026-08-07,HOSP-MAH-02,Lilavati Hospital & Research Centre,A-,PRBC,4,0,0,4,3,0
2026-08-07,HOSP-MAH-02,Lilavati Hospital & Research Centre,B+,PRBC,4,0,0,60,52,0
2026-08-07,HOSP-MAH-02,Lilavati Hospital & Research Centre,B-,PRBC,4,0,0,1,0,0
2026-08-07,HOSP-MAH-02,Lilavati Hospital & Research Centre,AB+,PRBC,4,0,0,15,13,0
2026-08-07,HOSP-MAH-02,Lilavati Hospital & Research Centre,AB-,PRBC,4,0,0,1,0,0
2026-08-07,HOSP-MAH-02,Lilavati Hospital & Research Centre,O+,PRBC,4,0,0,40,37,0
2026-08-07,HOSP-MAH-02,Lilavati Hospital & Research Centre,O-,PRBC,4,0,0,3,2,0
2026-08-07,HOSP-KAR-03,Manipal Hospital Old Airport Road,A+,PRBC,4,0,0,41,39,0
2026-08-07,HOSP-KAR-03,Manipal Hospital Old Airport Road,A-,PRBC,4,0,0,4,3,0
2026-08-07,HOSP-KAR-03,Manipal Hospital Old Airport Road,B+,PRBC,4,0,0,30,27,0
2026-08-07,HOSP-KAR-03,Manipal Hospital Old Airport Road,B-,PRBC,4,0,0,4,3,0
2026-08-07,HOSP-KAR-03,Manipal Hospital Old Airport Road,AB+,PRBC,4,0,1,21,20,0
2026-08-07,HOSP-KAR-03,Manipal Hospital Old Airport Road,AB-,PRBC,4,0,0,1,0,0
2026-08-07,HOSP-KAR-03,Manipal Hospital Old Airport Road,O+,PRBC,4,0,0,21,18,0
2026-08-07,HOSP-KAR-03,Manipal Hospital Old Airport Road,O-,PRBC,4,0,1,14,13,0
2026-08-07,HOSP-TN-04,Apollo Hospitals Greams Road,A+,PRBC,4,0,0,12,10,0
2026-08-07,HOSP-TN-04,Apollo Hospitals Greams Road,A-,PRBC,4,0,0,1,0,0
2026-08-07,HOSP-TN-04,Apollo Hospitals Greams Road,B+,PRBC,4,0,0,28,25,0
2026-08-07,HOSP-TN-04,Apollo Hospitals Greams Road,B-,PRBC,4,0,0,1,0,0
2026-08-07,HOSP-TN-04,Apollo Hospitals Greams Road,AB+,PRBC,4,0,0,14,13,0
2026-08-07,HOSP-TN-04,Apollo Hospitals Greams Road,AB-,PRBC,4,0,0,1,0,0
2026-08-07,HOSP-TN-04,Apollo Hospitals Greams Road,O+,PRBC,4,0,0,68,62,0
2026-08-07,HOSP-TN-04,Apollo Hospitals Greams Road,O-,PRBC,4,0,1,18,17,0
2026-08-07,HOSP-WB-05,SSKM Hospital & IPGMER,A+,PRBC,4,0,0,25,21,0
2026-08-07,HOSP-WB-05,SSKM Hospital & IPGMER,A-,PRBC,4,0,0,1,0,1
2026-08-07,HOSP-WB-05,SSKM Hospital & IPGMER,B+,PRBC,4,0,0,42,39,1
2026-08-07,HOSP-WB-05,SSKM Hospital & IPGMER,B-,PRBC,4,0,0,3,2,0
2026-08-07,HOSP-WB-05,SSKM Hospital & IPGMER,AB+,PRBC,4,0,0,8,7,0
2026-08-07,HOSP-WB-05,SSKM Hospital & IPGMER,AB-,PRBC,4,0,0,1,0,0
2026-08-07,HOSP-WB-05,SSKM Hospital & IPGMER,O+,PRBC,4,0,0,38,34,0
2026-08-07,HOSP-WB-05,SSKM Hospital & IPGMER,O-,PRBC,4,0,0,6,5,0
2026-08-08,HOSP-DEL-01,Safdarjung Hospital,A+,PRBC,5,1,0,35,32,0
2026-08-08,HOSP-DEL-01,Safdarjung Hospital,A-,PRBC,5,1,0,6,5,0
2026-08-08,HOSP-DEL-01,Safdarjung Hospital,B+,PRBC,5,1,0,31,27,0
2026-08-08,HOSP-DEL-01,Safdarjung Hospital,B-,PRBC,5,1,0,4,3,0
2026-08-08,HOSP-DEL-01,Safdarjung Hospital,AB+,PRBC,5,1,1,20,17,0
2026-08-08,HOSP-DEL-01,Safdarjung Hospital,AB-,PRBC,5,1,0,1,0,0
2026-08-08,HOSP-DEL-01,Safdarjung Hospital,O+,PRBC,5,1,0,25,23,1
2026-08-08,HOSP-DEL-01,Safdarjung Hospital,O-,PRBC,5,1,0,8,7,0
2026-08-08,HOSP-MAH-02,Lilavati Hospital & Research Centre,A+,PRBC,5,1,0,52,48,0
2026-08-08,HOSP-MAH-02,Lilavati Hospital & Research Centre,A-,PRBC,5,1,0,4,3,0
2026-08-08,HOSP-MAH-02,Lilavati Hospital & Research Centre,B+,PRBC,5,1,0,50,43,0
2026-08-08,HOSP-MAH-02,Lilavati Hospital & Research Centre,B-,PRBC,5,1,0,1,0,0
2026-08-08,HOSP-MAH-02,Lilavati Hospital & Research Centre,AB+,PRBC,5,1,0,16,14,0
2026-08-08,HOSP-MAH-02,Lilavati Hospital & Research Centre,AB-,PRBC,5,1,0,2,1,0
2026-08-08,HOSP-MAH-02,Lilavati Hospital & Research Centre,O+,PRBC,5,1,0,66,58,0
2026-08-08,HOSP-MAH-02,Lilavati Hospital & Research Centre,O-,PRBC,5,1,0,5,4,0
2026-08-08,HOSP-KAR-03,Manipal Hospital Old Airport Road,A+,PRBC,5,1,0,47,42,0
2026-08-08,HOSP-KAR-03,Manipal Hospital Old Airport Road,A-,PRBC,5,1,0,5,4,0
2026-08-08,HOSP-KAR-03,Manipal Hospital Old Airport Road,B+,PRBC,5,1,0,31,26,0
2026-08-08,HOSP-KAR-03,Manipal Hospital Old Airport Road,B-,PRBC,5,1,1,14,12,0
2026-08-08,HOSP-KAR-03,Manipal Hospital Old Airport Road,AB+,PRBC,5,1,1,37,34,0
2026-08-08,HOSP-KAR-03,Manipal Hospital Old Airport Road,AB-,PRBC,5,1,0,1,0,0
2026-08-08,HOSP-KAR-03,Manipal Hospital Old Airport Road,O+,PRBC,5,1,0,37,33,0
2026-08-08,HOSP-KAR-03,Manipal Hospital Old Airport Road,O-,PRBC,5,1,0,7,6,0
2026-08-08,HOSP-TN-04,Apollo Hospitals Greams Road,A+,PRBC,5,1,0,51,49,0
2026-08-08,HOSP-TN-04,Apollo Hospitals Greams Road,A-,PRBC,5,1,0,3,2,0
2026-08-08,HOSP-TN-04,Apollo Hospitals Greams Road,B+,PRBC,5,1,0,53,46,1
2026-08-08,HOSP-TN-04,Apollo Hospitals Greams Road,B-,PRBC,5,1,0,1,0,0
2026-08-08,HOSP-TN-04,Apollo Hospitals Greams Road,AB+,PRBC,5,1,0,13,12,0
2026-08-08,HOSP-TN-04,Apollo Hospitals Greams Road,AB-,PRBC,5,1,0,1,0,0
2026-08-08,HOSP-TN-04,Apollo Hospitals Greams Road,O+,PRBC,5,1,0,82,73,1
2026-08-08,HOSP-TN-04,Apollo Hospitals Greams Road,O-,PRBC,5,1,0,1,0,0
2026-08-08,HOSP-WB-05,SSKM Hospital & IPGMER,A+,PRBC,5,1,0,63,61,0
2026-08-08,HOSP-WB-05,SSKM Hospital & IPGMER,A-,PRBC,5,1,0,5,4,0
2026-08-08,HOSP-WB-05,SSKM Hospital & IPGMER,B+,PRBC,5,1,0,55,47,0
2026-08-08,HOSP-WB-05,SSKM Hospital & IPGMER,B-,PRBC,5,1,0,4,3,0
2026-08-08,HOSP-WB-05,SSKM Hospital & IPGMER,AB+,PRBC,5,1,0,15,14,0
2026-08-08,HOSP-WB-05,SSKM Hospital & IPGMER,AB-,PRBC,5,1,0,1,0,2
2026-08-08,HOSP-WB-05,SSKM Hospital & IPGMER,O+,PRBC,5,1,0,56,49,0
2026-08-08,HOSP-WB-05,SSKM Hospital & IPGMER,O-,PRBC,5,1,0,8,7,0
2026-08-09,HOSP-DEL-01,Safdarjung Hospital,A+,PRBC,6,1,0,26,23,0
2026-08-09,HOSP-DEL-01,Safdarjung Hospital,A-,PRBC,6,1,1,15,13,0
2026-08-09,HOSP-DEL-01,Safdarjung Hospital,B+,PRBC,6,1,0,66,61,0
2026-08-09,HOSP-DEL-01,Safdarjung Hospital,B-,PRBC,6,1,0,1,0,1
2026-08-09,HOSP-DEL-01,Safdarjung Hospital,AB+,PRBC,6,1,0,14,12,0
2026-08-09,HOSP-DEL-01,Safdarjung Hospital,AB-,PRBC,6,1,0,1,0,0
2026-08-09,HOSP-DEL-01,Safdarjung Hospital,O+,PRBC,6,1,0,110,106,0
2026-08-09,HOSP-DEL-01,Safdarjung Hospital,O-,PRBC,6,1,0,6,5,1
2026-08-09,HOSP-MAH-02,Lilavati Hospital & Research Centre,A+,PRBC,6,1,0,45,43,1
2026-08-09,HOSP-MAH-02,Lilavati Hospital & Research Centre,A-,PRBC,6,1,0,1,0,2
2026-08-09,HOSP-MAH-02,Lilavati Hospital & Research Centre,B+,PRBC,6,1,0,72,62,0
2026-08-09,HOSP-MAH-02,Lilavati Hospital & Research Centre,B-,PRBC,6,1,0,1,0,0
2026-08-09,HOSP-MAH-02,Lilavati Hospital & Research Centre,AB+,PRBC,6,1,0,19,16,0
2026-08-09,HOSP-MAH-02,Lilavati Hospital & Research Centre,AB-,PRBC,6,1,1,6,5,0
2026-08-09,HOSP-MAH-02,Lilavati Hospital & Research Centre,O+,PRBC,6,1,0,79,71,1
2026-08-09,HOSP-MAH-02,Lilavati Hospital & Research Centre,O-,PRBC,6,1,0,4,3,0
2026-08-09,HOSP-KAR-03,Manipal Hospital Old Airport Road,A+,PRBC,6,1,0,52,49,1
2026-08-09,HOSP-KAR-03,Manipal Hospital Old Airport Road,A-,PRBC,6,1,0,2,1,0
2026-08-09,HOSP-KAR-03,Manipal Hospital Old Airport Road,B+,PRBC,6,1,0,26,23,1
2026-08-09,HOSP-KAR-03,Manipal Hospital Old Airport Road,B-,PRBC,6,1,0,7,6,1
2026-08-09,HOSP-KAR-03,Manipal Hospital Old Airport Road,AB+,PRBC,6,1,0,8,7,0
2026-08-09,HOSP-KAR-03,Manipal Hospital Old Airport Road,AB-,PRBC,6,1,0,1,0,0
2026-08-09,HOSP-KAR-03,Manipal Hospital Old Airport Road,O+,PRBC,6,1,0,109,97,0
2026-08-09,HOSP-KAR-03,Manipal Hospital Old Airport Road,O-,PRBC,6,1,0,6,5,0
2026-08-09,HOSP-TN-04,Apollo Hospitals Greams Road,A+,PRBC,6,1,0,57,55,0
2026-08-09,HOSP-TN-04,Apollo Hospitals Greams Road,A-,PRBC,6,1,0,5,4,0
2026-08-09,HOSP-TN-04,Apollo Hospitals Greams Road,B+,PRBC,6,1,0,91,78,0
2026-08-09,HOSP-TN-04,Apollo Hospitals Greams Road,B-,PRBC,6,1,0,4,3,0
2026-08-09,HOSP-TN-04,Apollo Hospitals Greams Road,AB+,PRBC,6,1,0,17,16,0
2026-08-09,HOSP-TN-04,Apollo Hospitals Greams Road,AB-,PRBC,6,1,0,4,3,0
2026-08-09,HOSP-TN-04,Apollo Hospitals Greams Road,O+,PRBC,6,1,0,52,45,0
2026-08-09,HOSP-TN-04,Apollo Hospitals Greams Road,O-,PRBC,6,1,1,16,15,0
2026-08-09,HOSP-WB-05,SSKM Hospital & IPGMER,A+,PRBC,6,1,0,54,49,0
2026-08-09,HOSP-WB-05,SSKM Hospital & IPGMER,A-,PRBC,6,1,0,1,0,0
2026-08-09,HOSP-WB-05,SSKM Hospital & IPGMER,B+,PRBC,6,1,0,83,82,0
2026-08-09,HOSP-WB-05,SSKM Hospital & IPGMER,B-,PRBC,6,1,0,2,1,0
2026-08-09,HOSP-WB-05,SSKM Hospital & IPGMER,AB+,PRBC,6,1,0,21,19,0
2026-08-09,HOSP-WB-05,SSKM Hospital & IPGMER,AB-,PRBC,6,1,0,3,2,2
2026-08-09,HOSP-WB-05,SSKM Hospital & IPGMER,O+,PRBC,6,1,0,23,21,0
2026-08-09,HOSP-WB-05,SSKM Hospital & IPGMER,O-,PRBC,6,1,0,6,5,0
2026-08-10,HOSP-DEL-01,Safdarjung Hospital,A+,PRBC,0,0,0,34,30,0
2026-08-10,HOSP-DEL-01,Safdarjung Hospital,A-,PRBC,0,0,1,13,12,0
2026-08-10,HOSP-DEL-01,Safdarjung Hospital,B+,PRBC,0,0,0,52,45,0
2026-08-10,HOSP-DEL-01,Safdarjung Hospital,B-,PRBC,0,0,0,5,4,0
2026-08-10,HOSP-DEL-01,Safdarjung Hospital,AB+,PRBC,0,0,0,14,12,0
2026-08-10,HOSP-DEL-01,Safdarjung Hospital,AB-,PRBC,0,0,0,1,0,0
2026-08-10,HOSP-DEL-01,Safdarjung Hospital,O+,PRBC,0,0,0,26,23,1
2026-08-10,HOSP-DEL-01,Safdarjung Hospital,O-,PRBC,0,0,1,14,13,0
2026-08-10,HOSP-MAH-02,Lilavati Hospital & Research Centre,A+,PRBC,0,0,0,20,19,1
2026-08-10,HOSP-MAH-02,Lilavati Hospital & Research Centre,A-,PRBC,0,0,0,3,2,0
2026-08-10,HOSP-MAH-02,Lilavati Hospital & Research Centre,B+,PRBC,0,0,0,64,55,0
2026-08-10,HOSP-MAH-02,Lilavati Hospital & Research Centre,B-,PRBC,0,0,0,5,4,2
2026-08-10,HOSP-MAH-02,Lilavati Hospital & Research Centre,AB+,PRBC,0,0,0,14,13,1
2026-08-10,HOSP-MAH-02,Lilavati Hospital & Research Centre,AB-,PRBC,0,0,0,2,1,0
2026-08-10,HOSP-MAH-02,Lilavati Hospital & Research Centre,O+,PRBC,0,0,0,38,37,0
2026-08-10,HOSP-MAH-02,Lilavati Hospital & Research Centre,O-,PRBC,0,0,0,1,0,0
2026-08-10,HOSP-KAR-03,Manipal Hospital Old Airport Road,A+,PRBC,0,0,0,12,10,0
2026-08-10,HOSP-KAR-03,Manipal Hospital Old Airport Road,A-,PRBC,0,0,0,2,1,0
2026-08-10,HOSP-KAR-03,Manipal Hospital Old Airport Road,B+,PRBC,0,0,0,52,48,0
2026-08-10,HOSP-KAR-03,Manipal Hospital Old Airport Road,B-,PRBC,0,0,0,4,3,0
2026-08-10,HOSP-KAR-03,Manipal Hospital Old Airport Road,AB+,PRBC,0,0,0,18,15,1
2026-08-10,HOSP-KAR-03,Manipal Hospital Old Airport Road,AB-,PRBC,0,0,0,1,0,0
2026-08-10,HOSP-KAR-03,Manipal Hospital Old Airport Road,O+,PRBC,0,0,0,80,77,0
2026-08-10,HOSP-KAR-03,Manipal Hospital Old Airport Road,O-,PRBC,0,0,0,8,6,0
2026-08-10,HOSP-TN-04,Apollo Hospitals Greams Road,A+,PRBC,0,0,0,46,41,0
2026-08-10,HOSP-TN-04,Apollo Hospitals Greams Road,A-,PRBC,0,0,0,1,0,0
2026-08-10,HOSP-TN-04,Apollo Hospitals Greams Road,B+,PRBC,0,0,0,38,35,0
2026-08-10,HOSP-TN-04,Apollo Hospitals Greams Road,B-,PRBC,0,0,0,1,0,0
2026-08-10,HOSP-TN-04,Apollo Hospitals Greams Road,AB+,PRBC,0,0,0,20,18,0
2026-08-10,HOSP-TN-04,Apollo Hospitals Greams Road,AB-,PRBC,0,0,0,1,0,0
2026-08-10,HOSP-TN-04,Apollo Hospitals Greams Road,O+,PRBC,0,0,0,43,40,1
2026-08-10,HOSP-TN-04,Apollo Hospitals Greams Road,O-,PRBC,0,0,0,3,2,0
2026-08-10,HOSP-WB-05,SSKM Hospital & IPGMER,A+,PRBC,0,0,0,22,20,0
2026-08-10,HOSP-WB-05,SSKM Hospital & IPGMER,A-,PRBC,0,0,0,2,1,0
2026-08-10,HOSP-WB-05,SSKM Hospital & IPGMER,B+,PRBC,0,0,0,72,61,1
2026-08-10,HOSP-WB-05,SSKM Hospital & IPGMER,B-,PRBC,0,0,0,7,6,0
2026-08-10,HOSP-WB-05,SSKM Hospital & IPGMER,AB+,PRBC,0,0,0,6,5,0
2026-08-10,HOSP-WB-05,SSKM Hospital & IPGMER,AB-,PRBC,0,0,0,1,0,0
2026-08-10,HOSP-WB-05,SSKM Hospital & IPGMER,O+,PRBC,0,0,0,36,35,0
2026-08-10,HOSP-WB-05,SSKM Hospital & IPGMER,O-,PRBC,0,0,0,1,0,0
2026-08-11,HOSP-DEL-01,Safdarjung Hospital,A+,PRBC,1,0,1,18,16,0
2026-08-11,HOSP-DEL-01,Safdarjung Hospital,A-,PRBC,1,0,0,3,2,0
2026-08-11,HOSP-DEL-01,Safdarjung Hospital,B+,PRBC,1,0,0,32,27,1
2026-08-11,HOSP-DEL-01,Safdarjung Hospital,B-,PRBC,1,0,0,5,4,0
2026-08-11,HOSP-DEL-01,Safdarjung Hospital,AB+,PRBC,1,0,0,19,16,1
2026-08-11,HOSP-DEL-01,Safdarjung Hospital,AB-,PRBC,1,0,0,1,0,0
2026-08-11,HOSP-DEL-01,Safdarjung Hospital,O+,PRBC,1,0,0,61,55,0
2026-08-11,HOSP-DEL-01,Safdarjung Hospital,O-,PRBC,1,0,0,1,0,0
2026-08-11,HOSP-MAH-02,Lilavati Hospital & Research Centre,A+,PRBC,1,0,0,19,16,0
2026-08-11,HOSP-MAH-02,Lilavati Hospital & Research Centre,A-,PRBC,1,0,1,8,7,0
2026-08-11,HOSP-MAH-02,Lilavati Hospital & Research Centre,B+,PRBC,1,0,0,67,58,0
2026-08-11,HOSP-MAH-02,Lilavati Hospital & Research Centre,B-,PRBC,1,0,0,2,1,0
2026-08-11,HOSP-MAH-02,Lilavati Hospital & Research Centre,AB+,PRBC,1,0,0,6,5,0
2026-08-11,HOSP-MAH-02,Lilavati Hospital & Research Centre,AB-,PRBC,1,0,0,2,1,1
2026-08-11,HOSP-MAH-02,Lilavati Hospital & Research Centre,O+,PRBC,1,0,0,63,55,0
2026-08-11,HOSP-MAH-02,Lilavati Hospital & Research Centre,O-,PRBC,1,0,0,6,5,0
2026-08-11,HOSP-KAR-03,Manipal Hospital Old Airport Road,A+,PRBC,1,0,0,37,36,0
2026-08-11,HOSP-KAR-03,Manipal Hospital Old Airport Road,A-,PRBC,1,0,0,4,3,0
2026-08-11,HOSP-KAR-03,Manipal Hospital Old Airport Road,B+,PRBC,1,0,1,80,73,0
2026-08-11,HOSP-KAR-03,Manipal Hospital Old Airport Road,B-,PRBC,1,0,0,3,2,0
2026-08-11,HOSP-KAR-03,Manipal Hospital Old Airport Road,AB+,PRBC,1,0,0,10,8,0
2026-08-11,HOSP-KAR-03,Manipal Hospital Old Airport Road,AB-,PRBC,1,0,0,1,0,0
2026-08-11,HOSP-KAR-03,Manipal Hospital Old Airport Road,O+,PRBC,1,0,0,20,18,0
2026-08-11,HOSP-KAR-03,Manipal Hospital Old Airport Road,O-,PRBC,1,0,0,2,1,0
2026-08-11,HOSP-TN-04,Apollo Hospitals Greams Road,A+,PRBC,1,0,0,51,46,0
2026-08-11,HOSP-TN-04,Apollo Hospitals Greams Road,A-,PRBC,1,0,0,6,5,0
2026-08-11,HOSP-TN-04,Apollo Hospitals Greams Road,B+,PRBC,1,0,0,77,74,1
2026-08-11,HOSP-TN-04,Apollo Hospitals Greams Road,B-,PRBC,1,0,0,3,2,0
2026-08-11,HOSP-TN-04,Apollo Hospitals Greams Road,AB+,PRBC,1,0,0,17,16,0
2026-08-11,HOSP-TN-04,Apollo Hospitals Greams Road,AB-,PRBC,1,0,1,18,17,0
2026-08-11,HOSP-TN-04,Apollo Hospitals Greams Road,O+,PRBC,1,0,0,58,57,0
2026-08-11,HOSP-TN-04,Apollo Hospitals Greams Road,O-,PRBC,1,0,0,4,3,1
2026-08-11,HOSP-WB-05,SSKM Hospital & IPGMER,A+,PRBC,1,0,0,42,36,0
2026-08-11,HOSP-WB-05,SSKM Hospital & IPGMER,A-,PRBC,1,0,0,1,0,0
2026-08-11,HOSP-WB-05,SSKM Hospital & IPGMER,B+,PRBC,1,0,0,37,33,0
2026-08-11,HOSP-WB-05,SSKM Hospital & IPGMER,B-,PRBC,1,0,0,6,5,0
2026-08-11,HOSP-WB-05,SSKM Hospital & IPGMER,AB+,PRBC,1,0,0,14,11,0
2026-08-11,HOSP-WB-05,SSKM Hospital & IPGMER,AB-,PRBC,1,0,0,2,1,0
2026-08-11,HOSP-WB-05,SSKM Hospital & IPGMER,O+,PRBC,1,0,1,72,63,0
2026-08-11,HOSP-WB-05,SSKM Hospital & IPGMER,O-,PRBC,1,0,0,4,3,1
2026-08-12,HOSP-DEL-01,Safdarjung Hospital,A+,PRBC,2,0,0,45,42,0
2026-08-12,HOSP-DEL-01,Safdarjung Hospital,A-,PRBC,2,0,0,1,0,0
2026-08-12,HOSP-DEL-01,Safdarjung Hospital,B+,PRBC,2,0,0,28,25,0
2026-08-12,HOSP-DEL-01,Safdarjung Hospital,B-,PRBC,2,0,0,1,0,0
2026-08-12,HOSP-DEL-01,Safdarjung Hospital,AB+,PRBC,2,0,0,10,9,0
2026-08-12,HOSP-DEL-01,Safdarjung Hospital,AB-,PRBC,2,0,0,1,0,0
2026-08-12,HOSP-DEL-01,Safdarjung Hospital,O+,PRBC,2,0,0,38,37,0
2026-08-12,HOSP-DEL-01,Safdarjung Hospital,O-,PRBC,2,0,0,6,5,0
2026-08-12,HOSP-MAH-02,Lilavati Hospital & Research Centre,A+,PRBC,2,0,0,52,49,0
2026-08-12,HOSP-MAH-02,Lilavati Hospital & Research Centre,A-,PRBC,2,0,0,2,1,0
2026-08-12,HOSP-MAH-02,Lilavati Hospital & Research Centre,B+,PRBC,2,0,0,20,17,0
2026-08-12,HOSP-MAH-02,Lilavati Hospital & Research Centre,B-,PRBC,2,0,0,1,0,1
2026-08-12,HOSP-MAH-02,Lilavati Hospital & Research Centre,AB+,PRBC,2,0,0,21,20,0
2026-08-12,HOSP-MAH-02,Lilavati Hospital & Research Centre,AB-,PRBC,2,0,0,3,2,0
2026-08-12,HOSP-MAH-02,Lilavati Hospital & Research Centre,O+,PRBC,2,0,0,25,22,0
2026-08-12,HOSP-MAH-02,Lilavati Hospital & Research Centre,O-,PRBC,2,0,0,7,6,1
2026-08-12,HOSP-KAR-03,Manipal Hospital Old Airport Road,A+,PRBC,2,0,1,50,49,0
2026-08-12,HOSP-KAR-03,Manipal Hospital Old Airport Road,A-,PRBC,2,0,0,1,0,0
2026-08-12,HOSP-KAR-03,Manipal Hospital Old Airport Road,B+,PRBC,2,0,0,51,50,0
2026-08-12,HOSP-KAR-03,Manipal Hospital Old Airport Road,B-,PRBC,2,0,0,3,2,1
2026-08-12,HOSP-KAR-03,Manipal Hospital Old Airport Road,AB+,PRBC,2,0,0,15,14,0
2026-08-12,HOSP-KAR-03,Manipal Hospital Old Airport Road,AB-,PRBC,2,0,0,1,0,0
2026-08-12,HOSP-KAR-03,Manipal Hospital Old Airport Road,O+,PRBC,2,0,0,73,63,0
2026-08-12,HOSP-KAR-03,Manipal Hospital Old Airport Road,O-,PRBC,2,0,0,2,1,0
2026-08-12,HOSP-TN-04,Apollo Hospitals Greams Road,A+,PRBC,2,0,0,41,35,0
2026-08-12,HOSP-TN-04,Apollo Hospitals Greams Road,A-,PRBC,2,0,0,1,0,0
2026-08-12,HOSP-TN-04,Apollo Hospitals Greams Road,B+,PRBC,2,0,0,57,49,1
2026-08-12,HOSP-TN-04,Apollo Hospitals Greams Road,B-,PRBC,2,0,0,1,0,0
2026-08-12,HOSP-TN-04,Apollo Hospitals Greams Road,AB+,PRBC,2,0,1,13,11,0
2026-08-12,HOSP-TN-04,Apollo Hospitals Greams Road,AB-,PRBC,2,0,0,1,0,1
2026-08-12,HOSP-TN-04,Apollo Hospitals Greams Road,O+,PRBC,2,0,0,46,43,0
2026-08-12,HOSP-TN-04,Apollo Hospitals Greams Road,O-,PRBC,2,0,0,7,6,0
2026-08-12,HOSP-WB-05,SSKM Hospital & IPGMER,A+,PRBC,2,0,0,22,19,0
2026-08-12,HOSP-WB-05,SSKM Hospital & IPGMER,A-,PRBC,2,0,0,1,0,1
2026-08-12,HOSP-WB-05,SSKM Hospital & IPGMER,B+,PRBC,2,0,0,66,57,0
2026-08-12,HOSP-WB-05,SSKM Hospital & IPGMER,B-,PRBC,2,0,0,6,5,0
2026-08-12,HOSP-WB-05,SSKM Hospital & IPGMER,AB+,PRBC,2,0,0,22,19,0
2026-08-12,HOSP-WB-05,SSKM Hospital & IPGMER,AB-,PRBC,2,0,0,1,0,1
2026-08-12,HOSP-WB-05,SSKM Hospital & IPGMER,O+,PRBC,2,0,0,79,68,0
2026-08-12,HOSP-WB-05,SSKM Hospital & IPGMER,O-,PRBC,2,0,0,3,2,0
2026-08-13,HOSP-DEL-01,Safdarjung Hospital,A+,PRBC,3,0,0,33,28,0
2026-08-13,HOSP-DEL-01,Safdarjung Hospital,A-,PRBC,3,0,0,1,0,0
2026-08-13,HOSP-DEL-01,Safdarjung Hospital,B+,PRBC,3,0,0,51,43,0
2026-08-13,HOSP-DEL-01,Safdarjung Hospital,B-,PRBC,3,0,0,5,4,0
2026-08-13,HOSP-DEL-01,Safdarjung Hospital,AB+,PRBC,3,0,0,12,11,0
2026-08-13,HOSP-DEL-01,Safdarjung Hospital,AB-,PRBC,3,0,0,2,1,0
2026-08-13,HOSP-DEL-01,Safdarjung Hospital,O+,PRBC,3,0,1,68,59,0
2026-08-13,HOSP-DEL-01,Safdarjung Hospital,O-,PRBC,3,0,0,5,4,0
2026-08-13,HOSP-MAH-02,Lilavati Hospital & Research Centre,A+,PRBC,3,0,0,38,35,1
2026-08-13,HOSP-MAH-02,Lilavati Hospital & Research Centre,A-,PRBC,3,0,0,1,0,1
2026-08-13,HOSP-MAH-02,Lilavati Hospital & Research Centre,B+,PRBC,3,0,0,65,63,0
2026-08-13,HOSP-MAH-02,Lilavati Hospital & Research Centre,B-,PRBC,3,0,0,4,3,0
2026-08-13,HOSP-MAH-02,Lilavati Hospital & Research Centre,AB+,PRBC,3,0,1,27,23,1
2026-08-13,HOSP-MAH-02,Lilavati Hospital & Research Centre,AB-,PRBC,3,0,1,10,9,0
2026-08-13,HOSP-MAH-02,Lilavati Hospital & Research Centre,O+,PRBC,3,0,0,86,85,0
2026-08-13,HOSP-MAH-02,Lilavati Hospital & Research Centre,O-,PRBC,3,0,0,2,1,2
2026-08-13,HOSP-KAR-03,Manipal Hospital Old Airport Road,A+,PRBC,3,0,0,34,33,0
2026-08-13,HOSP-KAR-03,Manipal Hospital Old Airport Road,A-,PRBC,3,0,0,1,0,0
2026-08-13,HOSP-KAR-03,Manipal Hospital Old Airport Road,B+,PRBC,3,0,0,65,60,0
2026-08-13,HOSP-KAR-03,Manipal Hospital Old Airport Road,B-,PRBC,3,0,0,4,3,0
2026-08-13,HOSP-KAR-03,Manipal Hospital Old Airport Road,AB+,PRBC,3,0,0,17,14,0
2026-08-13,HOSP-KAR-03,Manipal Hospital Old Airport Road,AB-,PRBC,3,0,0,1,0,0
2026-08-13,HOSP-KAR-03,Manipal Hospital Old Airport Road,O+,PRBC,3,0,0,56,54,1
2026-08-13,HOSP-KAR-03,Manipal Hospital Old Airport Road,O-,PRBC,3,0,1,14,13,0
2026-08-13,HOSP-TN-04,Apollo Hospitals Greams Road,A+,PRBC,3,0,0,38,36,0
2026-08-13,HOSP-TN-04,Apollo Hospitals Greams Road,A-,PRBC,3,0,1,9,8,0
2026-08-13,HOSP-TN-04,Apollo Hospitals Greams Road,B+,PRBC,3,0,0,66,63,0
2026-08-13,HOSP-TN-04,Apollo Hospitals Greams Road,B-,PRBC,3,0,0,4,3,0
2026-08-13,HOSP-TN-04,Apollo Hospitals Greams Road,AB+,PRBC,3,0,0,7,6,1
2026-08-13,HOSP-TN-04,Apollo Hospitals Greams Road,AB-,PRBC,3,0,0,2,1,0
2026-08-13,HOSP-TN-04,Apollo Hospitals Greams Road,O+,PRBC,3,0,0,25,22,0
2026-08-13,HOSP-TN-04,Apollo Hospitals Greams Road,O-,PRBC,3,0,0,3,2,0
2026-08-13,HOSP-WB-05,SSKM Hospital & IPGMER,A+,PRBC,3,0,0,12,11,0
2026-08-13,HOSP-WB-05,SSKM Hospital & IPGMER,A-,PRBC,3,0,0,3,2,0
2026-08-13,HOSP-WB-05,SSKM Hospital & IPGMER,B+,PRBC,3,0,0,55,49,0
2026-08-13,HOSP-WB-05,SSKM Hospital & IPGMER,B-,PRBC,3,0,0,2,1,0
2026-08-13,HOSP-WB-05,SSKM Hospital & IPGMER,AB+,PRBC,3,0,1,20,17,0
2026-08-13,HOSP-WB-05,SSKM Hospital & IPGMER,AB-,PRBC,3,0,0,2,1,0
2026-08-13,HOSP-WB-05,SSKM Hospital & IPGMER,O+,PRBC,3,0,0,69,63,0
2026-08-13,HOSP-WB-05,SSKM Hospital & IPGMER,O-,PRBC,3,0,1,15,13,0
2026-08-14,HOSP-DEL-01,Safdarjung Hospital,A+,PRBC,4,0,0,29,27,0
2026-08-14,HOSP-DEL-01,Safdarjung Hospital,A-,PRBC,4,0,0,1,0,0
2026-08-14,HOSP-DEL-01,Safdarjung Hospital,B+,PRBC,4,0,0,71,67,0
2026-08-14,HOSP-DEL-01,Safdarjung Hospital,B-,PRBC,4,0,0,5,4,0
2026-08-14,HOSP-DEL-01,Safdarjung Hospital,AB+,PRBC,4,0,0,12,10,0
2026-08-14,HOSP-DEL-01,Safdarjung Hospital,AB-,PRBC,4,0,0,2,1,1
2026-08-14,HOSP-DEL-01,Safdarjung Hospital,O+,PRBC,4,0,0,82,79,0
2026-08-14,HOSP-DEL-01,Safdarjung Hospital,O-,PRBC,4,0,0,7,6,0
2026-08-14,HOSP-MAH-02,Lilavati Hospital & Research Centre,A+,PRBC,4,0,0,18,17,0
2026-08-14,HOSP-MAH-02,Lilavati Hospital & Research Centre,A-,PRBC,4,0,0,1,0,0
2026-08-14,HOSP-MAH-02,Lilavati Hospital & Research Centre,B+,PRBC,4,0,0,40,39,0
2026-08-14,HOSP-MAH-02,Lilavati Hospital & Research Centre,B-,PRBC,4,0,0,3,2,0
2026-08-14,HOSP-MAH-02,Lilavati Hospital & Research Centre,AB+,PRBC,4,0,0,7,6,0
2026-08-14,HOSP-MAH-02,Lilavati Hospital & Research Centre,AB-,PRBC,4,0,0,2,1,0
2026-08-14,HOSP-MAH-02,Lilavati Hospital & Research Centre,O+,PRBC,4,0,0,28,26,0
2026-08-14,HOSP-MAH-02,Lilavati Hospital & Research Centre,O-,PRBC,4,0,0,9,8,0
2026-08-14,HOSP-KAR-03,Manipal Hospital Old Airport Road,A+,PRBC,4,0,1,43,41,0
2026-08-14,HOSP-KAR-03,Manipal Hospital Old Airport Road,A-,PRBC,4,0,0,5,4,2
2026-08-14,HOSP-KAR-03,Manipal Hospital Old Airport Road,B+,PRBC,4,0,0,30,29,0
2026-08-14,HOSP-KAR-03,Manipal Hospital Old Airport Road,B-,PRBC,4,0,0,1,0,0
2026-08-14,HOSP-KAR-03,Manipal Hospital Old Airport Road,AB+,PRBC,4,0,0,17,16,0
2026-08-14,HOSP-KAR-03,Manipal Hospital Old Airport Road,AB-,PRBC,4,0,0,1,0,0
2026-08-14,HOSP-KAR-03,Manipal Hospital Old Airport Road,O+,PRBC,4,0,0,35,29,1
2026-08-14,HOSP-KAR-03,Manipal Hospital Old Airport Road,O-,PRBC,4,0,0,7,6,0
2026-08-14,HOSP-TN-04,Apollo Hospitals Greams Road,A+,PRBC,4,0,0,36,33,0
2026-08-14,HOSP-TN-04,Apollo Hospitals Greams Road,A-,PRBC,4,0,0,1,0,0
2026-08-14,HOSP-TN-04,Apollo Hospitals Greams Road,B+,PRBC,4,0,0,52,50,0
2026-08-14,HOSP-TN-04,Apollo Hospitals Greams Road,B-,PRBC,4,0,0,5,4,0
2026-08-14,HOSP-TN-04,Apollo Hospitals Greams Road,AB+,PRBC,4,0,0,13,12,1
2026-08-14,HOSP-TN-04,Apollo Hospitals Greams Road,AB-,PRBC,4,0,0,4,3,0
2026-08-14,HOSP-TN-04,Apollo Hospitals Greams Road,O+,PRBC,4,0,1,47,42,0
2026-08-14,HOSP-TN-04,Apollo Hospitals Greams Road,O-,PRBC,4,0,0,3,2,0
2026-08-14,HOSP-WB-05,SSKM Hospital & IPGMER,A+,PRBC,4,0,0,48,45,0
2026-08-14,HOSP-WB-05,SSKM Hospital & IPGMER,A-,PRBC,4,0,1,17,16,0
2026-08-14,HOSP-WB-05,SSKM Hospital & IPGMER,B+,PRBC,4,0,0,46,44,0
2026-08-14,HOSP-WB-05,SSKM Hospital & IPGMER,B-,PRBC,4,0,0,5,4,0
2026-08-14,HOSP-WB-05,SSKM Hospital & IPGMER,AB+,PRBC,4,0,0,12,11,0
2026-08-14,HOSP-WB-05,SSKM Hospital & IPGMER,AB-,PRBC,4,0,0,1,0,0
2026-08-14,HOSP-WB-05,SSKM Hospital & IPGMER,O+,PRBC,4,0,0,49,42,0
2026-08-14,HOSP-WB-05,SSKM Hospital & IPGMER,O-,PRBC,4,0,0,9,8,0
2026-08-15,HOSP-DEL-01,Safdarjung Hospital,A+,PRBC,5,1,0,26,23,0
2026-08-15,HOSP-DEL-01,Safdarjung Hospital,A-,PRBC,5,1,0,3,2,0
2026-08-15,HOSP-DEL-01,Safdarjung Hospital,B+,PRBC,5,1,0,38,35,0
2026-08-15,HOSP-DEL-01,Safdarjung Hospital,B-,PRBC,5,1,0,6,5,0
2026-08-15,HOSP-DEL-01,Safdarjung Hospital,AB+,PRBC,5,1,0,21,20,0
2026-08-15,HOSP-DEL-01,Safdarjung Hospital,AB-,PRBC,5,1,0,3,2,0
2026-08-15,HOSP-DEL-01,Safdarjung Hospital,O+,PRBC,5,1,0,57,51,0
2026-08-15,HOSP-DEL-01,Safdarjung Hospital,O-,PRBC,5,1,0,3,2,0
2026-08-15,HOSP-MAH-02,Lilavati Hospital & Research Centre,A+,PRBC,5,1,0,14,13,0
2026-08-15,HOSP-MAH-02,Lilavati Hospital & Research Centre,A-,PRBC,5,1,0,5,4,0
2026-08-15,HOSP-MAH-02,Lilavati Hospital & Research Centre,B+,PRBC,5,1,0,24,22,0
2026-08-15,HOSP-MAH-02,Lilavati Hospital & Research Centre,B-,PRBC,5,1,0,2,1,0
2026-08-15,HOSP-MAH-02,Lilavati Hospital & Research Centre,AB+,PRBC,5,1,0,10,9,0
2026-08-15,HOSP-MAH-02,Lilavati Hospital & Research Centre,AB-,PRBC,5,1,0,2,1,0
2026-08-15,HOSP-MAH-02,Lilavati Hospital & Research Centre,O+,PRBC,5,1,0,65,56,1
2026-08-15,HOSP-MAH-02,Lilavati Hospital & Research Centre,O-,PRBC,5,1,0,5,4,0
2026-08-15,HOSP-KAR-03,Manipal Hospital Old Airport Road,A+,PRBC,5,1,0,46,42,0
2026-08-15,HOSP-KAR-03,Manipal Hospital Old Airport Road,A-,PRBC,5,1,0,5,4,0
2026-08-15,HOSP-KAR-03,Manipal Hospital Old Airport Road,B+,PRBC,5,1,0,24,23,0
2026-08-15,HOSP-KAR-03,Manipal Hospital Old Airport Road,B-,PRBC,5,1,0,4,3,0
2026-08-15,HOSP-KAR-03,Manipal Hospital Old Airport Road,AB+,PRBC,5,1,0,22,19,0
2026-08-15,HOSP-KAR-03,Manipal Hospital Old Airport Road,AB-,PRBC,5,1,0,1,0,2
2026-08-15,HOSP-KAR-03,Manipal Hospital Old Airport Road,O+,PRBC,5,1,0,62,59,0
2026-08-15,HOSP-KAR-03,Manipal Hospital Old Airport Road,O-,PRBC,5,1,0,9,7,0
2026-08-15,HOSP-TN-04,Apollo Hospitals Greams Road,A+,PRBC,5,1,0,43,38,0
2026-08-15,HOSP-TN-04,Apollo Hospitals Greams Road,A-,PRBC,5,1,0,2,1,0
2026-08-15,HOSP-TN-04,Apollo Hospitals Greams Road,B+,PRBC,5,1,0,21,19,0
2026-08-15,HOSP-TN-04,Apollo Hospitals Greams Road,B-,PRBC,5,1,0,3,2,0
2026-08-15,HOSP-TN-04,Apollo Hospitals Greams Road,AB+,PRBC,5,1,0,8,6,0
2026-08-15,HOSP-TN-04,Apollo Hospitals Greams Road,AB-,PRBC,5,1,0,2,1,0
2026-08-15,HOSP-TN-04,Apollo Hospitals Greams Road,O+,PRBC,5,1,0,87,78,0
2026-08-15,HOSP-TN-04,Apollo Hospitals Greams Road,O-,PRBC,5,1,0,1,0,0
2026-08-15,HOSP-WB-05,SSKM Hospital & IPGMER,A+,PRBC,5,1,0,56,54,1
2026-08-15,HOSP-WB-05,SSKM Hospital & IPGMER,A-,PRBC,5,1,0,1,0,0
2026-08-15,HOSP-WB-05,SSKM Hospital & IPGMER,B+,PRBC,5,1,0,52,51,0
2026-08-15,HOSP-WB-05,SSKM Hospital & IPGMER,B-,PRBC,5,1,0,1,0,0
2026-08-15,HOSP-WB-05,SSKM Hospital & IPGMER,AB+,PRBC,5,1,0,7,6,1
2026-08-15,HOSP-WB-05,SSKM Hospital & IPGMER,AB-,PRBC,5,1,0,1,0,0
2026-08-15,HOSP-WB-05,SSKM Hospital & IPGMER,O+,PRBC,5,1,0,30,27,1
2026-08-15,HOSP-WB-05,SSKM Hospital & IPGMER,O-,PRBC,5,1,0,4,3,0
2026-08-16,HOSP-DEL-01,Safdarjung Hospital,A+,PRBC,6,1,0,47,44,0
2026-08-16,HOSP-DEL-01,Safdarjung Hospital,A-,PRBC,6,1,0,1,0,0
2026-08-16,HOSP-DEL-01,Safdarjung Hospital,B+,PRBC,6,1,0,96,81,0
2026-08-16,HOSP-DEL-01,Safdarjung Hospital,B-,PRBC,6,1,0,2,1,0
2026-08-16,HOSP-DEL-01,Safdarjung Hospital,AB+,PRBC,6,1,0,12,11,0
2026-08-16,HOSP-DEL-01,Safdarjung Hospital,AB-,PRBC,6,1,0,4,3,1
2026-08-16,HOSP-DEL-01,Safdarjung Hospital,O+,PRBC,6,1,0,65,62,0
2026-08-16,HOSP-DEL-01,Safdarjung Hospital,O-,PRBC,6,1,0,4,3,1
2026-08-16,HOSP-MAH-02,Lilavati Hospital & Research Centre,A+,PRBC,6,1,0,21,18,0
2026-08-16,HOSP-MAH-02,Lilavati Hospital & Research Centre,A-,PRBC,6,1,1,21,18,1
2026-08-16,HOSP-MAH-02,Lilavati Hospital & Research Centre,B+,PRBC,6,1,0,79,74,0
2026-08-16,HOSP-MAH-02,Lilavati Hospital & Research Centre,B-,PRBC,6,1,0,2,1,0
2026-08-16,HOSP-MAH-02,Lilavati Hospital & Research Centre,AB+,PRBC,6,1,0,22,20,0
2026-08-16,HOSP-MAH-02,Lilavati Hospital & Research Centre,AB-,PRBC,6,1,0,1,0,0
2026-08-16,HOSP-MAH-02,Lilavati Hospital & Research Centre,O+,PRBC,6,1,0,84,83,0
2026-08-16,HOSP-MAH-02,Lilavati Hospital & Research Centre,O-,PRBC,6,1,0,4,3,0
2026-08-16,HOSP-KAR-03,Manipal Hospital Old Airport Road,A+,PRBC,6,1,0,49,48,0
2026-08-16,HOSP-KAR-03,Manipal Hospital Old Airport Road,A-,PRBC,6,1,0,2,1,0
2026-08-16,HOSP-KAR-03,Manipal Hospital Old Airport Road,B+,PRBC,6,1,0,71,66,0
2026-08-16,HOSP-KAR-03,Manipal Hospital Old Airport Road,B-,PRBC,6,1,0,5,4,0
2026-08-16,HOSP-KAR-03,Manipal Hospital Old Airport Road,AB+,PRBC,6,1,0,21,18,0
2026-08-16,HOSP-KAR-03,Manipal Hospital Old Airport Road,AB-,PRBC,6,1,0,1,0,0
2026-08-16,HOSP-KAR-03,Manipal Hospital Old Airport Road,O+,PRBC,6,1,0,42,41,0
2026-08-16,HOSP-KAR-03,Manipal Hospital Old Airport Road,O-,PRBC,6,1,0,6,5,0
2026-08-16,HOSP-TN-04,Apollo Hospitals Greams Road,A+,PRBC,6,1,0,37,34,0
2026-08-16,HOSP-TN-04,Apollo Hospitals Greams Road,A-,PRBC,6,1,1,16,15,0
2026-08-16,HOSP-TN-04,Apollo Hospitals Greams Road,B+,PRBC,6,1,0,95,86,0
2026-08-16,HOSP-TN-04,Apollo Hospitals Greams Road,B-,PRBC,6,1,0,5,4,0
2026-08-16,HOSP-TN-04,Apollo Hospitals Greams Road,AB+,PRBC,6,1,0,16,14,0
2026-08-16,HOSP-TN-04,Apollo Hospitals Greams Road,AB-,PRBC,6,1,0,1,0,0
2026-08-16,HOSP-TN-04,Apollo Hospitals Greams Road,O+,PRBC,6,1,0,33,29,0
2026-08-16,HOSP-TN-04,Apollo Hospitals Greams Road,O-,PRBC,6,1,0,7,6,0
2026-08-16,HOSP-WB-05,SSKM Hospital & IPGMER,A+,PRBC,6,1,0,26,22,0
2026-08-16,HOSP-WB-05,SSKM Hospital & IPGMER,A-,PRBC,6,1,0,4,3,0
2026-08-16,HOSP-WB-05,SSKM Hospital & IPGMER,B+,PRBC,6,1,0,20,19,0
2026-08-16,HOSP-WB-05,SSKM Hospital & IPGMER,B-,PRBC,6,1,0,6,5,0
2026-08-16,HOSP-WB-05,SSKM Hospital & IPGMER,AB+,PRBC,6,1,0,5,4,0
2026-08-16,HOSP-WB-05,SSKM Hospital & IPGMER,AB-,PRBC,6,1,0,1,0,0
2026-08-16,HOSP-WB-05,SSKM Hospital & IPGMER,O+,PRBC,6,1,0,76,66,0
2026-08-16,HOSP-WB-05,SSKM Hospital & IPGMER,O-,PRBC,6,1,0,8,6,0
2026-08-17,HOSP-DEL-01,Safdarjung Hospital,A+,PRBC,0,0,0,22,21,0
2026-08-17,HOSP-DEL-01,Safdarjung Hospital,A-,PRBC,0,0,0,2,1,0
2026-08-17,HOSP-DEL-01,Safdarjung Hospital,B+,PRBC,0,0,0,28,27,0
2026-08-17,HOSP-DEL-01,Safdarjung Hospital,B-,PRBC,0,0,0,3,2,0
2026-08-17,HOSP-DEL-01,Safdarjung Hospital,AB+,PRBC,0,0,0,16,15,0
2026-08-17,HOSP-DEL-01,Safdarjung Hospital,AB-,PRBC,0,0,0,1,0,0
2026-08-17,HOSP-DEL-01,Safdarjung Hospital,O+,PRBC,0,0,1,73,64,0
2026-08-17,HOSP-DEL-01,Safdarjung Hospital,O-,PRBC,0,0,0,6,5,0
2026-08-17,HOSP-MAH-02,Lilavati Hospital & Research Centre,A+,PRBC,0,0,0,18,15,1
2026-08-17,HOSP-MAH-02,Lilavati Hospital & Research Centre,A-,PRBC,0,0,0,1,0,0
2026-08-17,HOSP-MAH-02,Lilavati Hospital & Research Centre,B+,PRBC,0,0,0,26,24,0
2026-08-17,HOSP-MAH-02,Lilavati Hospital & Research Centre,B-,PRBC,0,0,0,1,0,0
2026-08-17,HOSP-MAH-02,Lilavati Hospital & Research Centre,AB+,PRBC,0,0,0,14,12,0
2026-08-17,HOSP-MAH-02,Lilavati Hospital & Research Centre,AB-,PRBC,0,0,0,1,0,0
2026-08-17,HOSP-MAH-02,Lilavati Hospital & Research Centre,O+,PRBC,0,0,1,63,54,0
2026-08-17,HOSP-MAH-02,Lilavati Hospital & Research Centre,O-,PRBC,0,0,0,7,6,0
2026-08-17,HOSP-KAR-03,Manipal Hospital Old Airport Road,A+,PRBC,0,0,0,34,32,0
2026-08-17,HOSP-KAR-03,Manipal Hospital Old Airport Road,A-,PRBC,0,0,0,3,2,0
2026-08-17,HOSP-KAR-03,Manipal Hospital Old Airport Road,B+,PRBC,0,0,0,43,39,0
2026-08-17,HOSP-KAR-03,Manipal Hospital Old Airport Road,B-,PRBC,0,0,1,12,10,1
2026-08-17,HOSP-KAR-03,Manipal Hospital Old Airport Road,AB+,PRBC,0,0,0,16,15,0
2026-08-17,HOSP-KAR-03,Manipal Hospital Old Airport Road,AB-,PRBC,0,0,0,1,0,0
2026-08-17,HOSP-KAR-03,Manipal Hospital Old Airport Road,O+,PRBC,0,0,0,33,29,0
2026-08-17,HOSP-KAR-03,Manipal Hospital Old Airport Road,O-,PRBC,0,0,0,6,5,0
2026-08-17,HOSP-TN-04,Apollo Hospitals Greams Road,A+,PRBC,0,0,0,29,25,0
2026-08-17,HOSP-TN-04,Apollo Hospitals Greams Road,A-,PRBC,0,0,0,1,0,0
2026-08-17,HOSP-TN-04,Apollo Hospitals Greams Road,B+,PRBC,0,0,0,72,70,0
2026-08-17,HOSP-TN-04,Apollo Hospitals Greams Road,B-,PRBC,0,0,0,4,3,0
2026-08-17,HOSP-TN-04,Apollo Hospitals Greams Road,AB+,PRBC,0,0,0,6,5,0
2026-08-17,HOSP-TN-04,Apollo Hospitals Greams Road,AB-,PRBC,0,0,0,1,0,0
2026-08-17,HOSP-TN-04,Apollo Hospitals Greams Road,O+,PRBC,0,0,0,27,24,0
2026-08-17,HOSP-TN-04,Apollo Hospitals Greams Road,O-,PRBC,0,0,0,7,6,0
2026-08-17,HOSP-WB-05,SSKM Hospital & IPGMER,A+,PRBC,0,0,0,16,13,0
2026-08-17,HOSP-WB-05,SSKM Hospital & IPGMER,A-,PRBC,0,0,0,2,1,2
2026-08-17,HOSP-WB-05,SSKM Hospital & IPGMER,B+,PRBC,0,0,0,14,13,0
2026-08-17,HOSP-WB-05,SSKM Hospital & IPGMER,B-,PRBC,0,0,0,3,2,0
2026-08-17,HOSP-WB-05,SSKM Hospital & IPGMER,AB+,PRBC,0,0,0,13,12,1
2026-08-17,HOSP-WB-05,SSKM Hospital & IPGMER,AB-,PRBC,0,0,0,2,1,0
2026-08-17,HOSP-WB-05,SSKM Hospital & IPGMER,O+,PRBC,0,0,0,83,70,0
2026-08-17,HOSP-WB-05,SSKM Hospital & IPGMER,O-,PRBC,0,0,0,5,4,0
2026-08-18,HOSP-DEL-01,Safdarjung Hospital,A+,PRBC,1,0,0,13,12,0
2026-08-18,HOSP-DEL-01,Safdarjung Hospital,A-,PRBC,1,0,0,2,1,1
2026-08-18,HOSP-DEL-01,Safdarjung Hospital,B+,PRBC,1,0,0,61,57,0
2026-08-18,HOSP-DEL-01,Safdarjung Hospital,B-,PRBC,1,0,0,4,3,0
2026-08-18,HOSP-DEL-01,Safdarjung Hospital,AB+,PRBC,1,0,0,8,7,1
2026-08-18,HOSP-DEL-01,Safdarjung Hospital,AB-,PRBC,1,0,0,1,0,0
2026-08-18,HOSP-DEL-01,Safdarjung Hospital,O+,PRBC,1,0,0,82,72,0
2026-08-18,HOSP-DEL-01,Safdarjung Hospital,O-,PRBC,1,0,0,1,0,0
2026-08-18,HOSP-MAH-02,Lilavati Hospital & Research Centre,A+,PRBC,1,0,0,46,43,2
2026-08-18,HOSP-MAH-02,Lilavati Hospital & Research Centre,A-,PRBC,1,0,0,1,0,0
2026-08-18,HOSP-MAH-02,Lilavati Hospital & Research Centre,B+,PRBC,1,0,0,24,23,0
2026-08-18,HOSP-MAH-02,Lilavati Hospital & Research Centre,B-,PRBC,1,0,0,1,0,0
2026-08-18,HOSP-MAH-02,Lilavati Hospital & Research Centre,AB+,PRBC,1,0,1,26,23,1
2026-08-18,HOSP-MAH-02,Lilavati Hospital & Research Centre,AB-,PRBC,1,0,0,1,0,0
2026-08-18,HOSP-MAH-02,Lilavati Hospital & Research Centre,O+,PRBC,1,0,0,27,26,0
2026-08-18,HOSP-MAH-02,Lilavati Hospital & Research Centre,O-,PRBC,1,0,0,6,5,0
2026-08-18,HOSP-KAR-03,Manipal Hospital Old Airport Road,A+,PRBC,1,0,0,15,13,0
2026-08-18,HOSP-KAR-03,Manipal Hospital Old Airport Road,A-,PRBC,1,0,0,2,1,0
2026-08-18,HOSP-KAR-03,Manipal Hospital Old Airport Road,B+,PRBC,1,0,0,44,41,0
2026-08-18,HOSP-KAR-03,Manipal Hospital Old Airport Road,B-,PRBC,1,0,0,5,4,0
2026-08-18,HOSP-KAR-03,Manipal Hospital Old Airport Road,AB+,PRBC,1,0,0,11,9,0
2026-08-18,HOSP-KAR-03,Manipal Hospital Old Airport Road,AB-,PRBC,1,0,0,1,0,0
2026-08-18,HOSP-KAR-03,Manipal Hospital Old Airport Road,O+,PRBC,1,0,0,41,40,1
2026-08-18,HOSP-KAR-03,Manipal Hospital Old Airport Road,O-,PRBC,1,0,0,8,7,0
2026-08-18,HOSP-TN-04,Apollo Hospitals Greams Road,A+,PRBC,1,0,0,43,39,0
2026-08-18,HOSP-TN-04,Apollo Hospitals Greams Road,A-,PRBC,1,0,0,1,0,0
2026-08-18,HOSP-TN-04,Apollo Hospitals Greams Road,B+,PRBC,1,0,0,60,55,0
2026-08-18,HOSP-TN-04,Apollo Hospitals Greams Road,B-,PRBC,1,0,0,3,2,0
2026-08-18,HOSP-TN-04,Apollo Hospitals Greams Road,AB+,PRBC,1,0,0,4,3,0
2026-08-18,HOSP-TN-04,Apollo Hospitals Greams Road,AB-,PRBC,1,0,1,14,12,0
2026-08-18,HOSP-TN-04,Apollo Hospitals Greams Road,O+,PRBC,1,0,1,42,40,0
2026-08-18,HOSP-TN-04,Apollo Hospitals Greams Road,O-,PRBC,1,0,0,2,1,0
2026-08-18,HOSP-WB-05,SSKM Hospital & IPGMER,A+,PRBC,1,0,0,22,20,0
2026-08-18,HOSP-WB-05,SSKM Hospital & IPGMER,A-,PRBC,1,0,1,13,11,1
2026-08-18,HOSP-WB-05,SSKM Hospital & IPGMER,B+,PRBC,1,0,0,32,28,0
2026-08-18,HOSP-WB-05,SSKM Hospital & IPGMER,B-,PRBC,1,0,0,3,2,0
2026-08-18,HOSP-WB-05,SSKM Hospital & IPGMER,AB+,PRBC,1,0,0,18,16,0
2026-08-18,HOSP-WB-05,SSKM Hospital & IPGMER,AB-,PRBC,1,0,0,1,0,0
2026-08-18,HOSP-WB-05,SSKM Hospital & IPGMER,O+,PRBC,1,0,0,42,41,0
2026-08-18,HOSP-WB-05,SSKM Hospital & IPGMER,O-,PRBC,1,0,0,5,4,0
2026-08-19,HOSP-DEL-01,Safdarjung Hospital,A+,PRBC,2,0,0,14,13,0
2026-08-19,HOSP-DEL-01,Safdarjung Hospital,A-,PRBC,2,0,0,1,0,0
2026-08-19,HOSP-DEL-01,Safdarjung Hospital,B+,PRBC,2,0,0,48,44,0
2026-08-19,HOSP-DEL-01,Safdarjung Hospital,B-,PRBC,2,0,0,2,1,2
2026-08-19,HOSP-DEL-01,Safdarjung Hospital,AB+,PRBC,2,0,0,17,16,0
2026-08-19,HOSP-DEL-01,Safdarjung Hospital,AB-,PRBC,2,0,1,12,11,0
2026-08-19,HOSP-DEL-01,Safdarjung Hospital,O+,PRBC,2,0,0,25,24,0
2026-08-19,HOSP-DEL-01,Safdarjung Hospital,O-,PRBC,2,0,0,4,3,0
2026-08-19,HOSP-MAH-02,Lilavati Hospital & Research Centre,A+,PRBC,2,0,0,35,34,0
2026-08-19,HOSP-MAH-02,Lilavati Hospital & Research Centre,A-,PRBC,2,0,0,3,2,0
2026-08-19,HOSP-MAH-02,Lilavati Hospital & Research Centre,B+,PRBC,2,0,0,21,19,0
2026-08-19,HOSP-MAH-02,Lilavati Hospital & Research Centre,B-,PRBC,2,0,0,4,3,1
2026-08-19,HOSP-MAH-02,Lilavati Hospital & Research Centre,AB+,PRBC,2,0,0,8,7,0
2026-08-19,HOSP-MAH-02,Lilavati Hospital & Research Centre,AB-,PRBC,2,0,0,3,2,0
2026-08-19,HOSP-MAH-02,Lilavati Hospital & Research Centre,O+,PRBC,2,0,1,53,50,0
2026-08-19,HOSP-MAH-02,Lilavati Hospital & Research Centre,O-,PRBC,2,0,0,6,5,0
2026-08-19,HOSP-KAR-03,Manipal Hospital Old Airport Road,A+,PRBC,2,0,0,47,43,1
2026-08-19,HOSP-KAR-03,Manipal Hospital Old Airport Road,A-,PRBC,2,0,0,1,0,1
2026-08-19,HOSP-KAR-03,Manipal Hospital Old Airport Road,B+,PRBC,2,0,0,67,62,0
2026-08-19,HOSP-KAR-03,Manipal Hospital Old Airport Road,B-,PRBC,2,0,0,5,4,1
2026-08-19,HOSP-KAR-03,Manipal Hospital Old Airport Road,AB+,PRBC,2,0,0,15,14,1
2026-08-19,HOSP-KAR-03,Manipal Hospital Old Airport Road,AB-,PRBC,2,0,0,2,1,0
2026-08-19,HOSP-KAR-03,Manipal Hospital Old Airport Road,O+,PRBC,2,0,0,75,71,0
2026-08-19,HOSP-KAR-03,Manipal Hospital Old Airport Road,O-,PRBC,2,0,0,3,2,0
2026-08-19,HOSP-TN-04,Apollo Hospitals Greams Road,A+,PRBC,2,0,0,36,33,0
2026-08-19,HOSP-TN-04,Apollo Hospitals Greams Road,A-,PRBC,2,0,0,2,1,1
2026-08-19,HOSP-TN-04,Apollo Hospitals Greams Road,B+,PRBC,2,0,0,42,40,0
2026-08-19,HOSP-TN-04,Apollo Hospitals Greams Road,B-,PRBC,2,0,0,1,0,0
2026-08-19,HOSP-TN-04,Apollo Hospitals Greams Road,AB+,PRBC,2,0,0,5,4,0
2026-08-19,HOSP-TN-04,Apollo Hospitals Greams Road,AB-,PRBC,2,0,0,1,0,0
2026-08-19,HOSP-TN-04,Apollo Hospitals Greams Road,O+,PRBC,2,0,0,32,30,0
2026-08-19,HOSP-TN-04,Apollo Hospitals Greams Road,O-,PRBC,2,0,0,1,0,1
2026-08-19,HOSP-WB-05,SSKM Hospital & IPGMER,A+,PRBC,2,0,0,21,20,0
2026-08-19,HOSP-WB-05,SSKM Hospital & IPGMER,A-,PRBC,2,0,0,4,3,0
2026-08-19,HOSP-WB-05,SSKM Hospital & IPGMER,B+,PRBC,2,0,0,37,32,0
2026-08-19,HOSP-WB-05,SSKM Hospital & IPGMER,B-,PRBC,2,0,0,4,3,0
2026-08-19,HOSP-WB-05,SSKM Hospital & IPGMER,AB+,PRBC,2,0,0,18,16,0
2026-08-19,HOSP-WB-05,SSKM Hospital & IPGMER,AB-,PRBC,2,0,0,1,0,0
2026-08-19,HOSP-WB-05,SSKM Hospital & IPGMER,O+,PRBC,2,0,0,58,53,1
2026-08-19,HOSP-WB-05,SSKM Hospital & IPGMER,O-,PRBC,2,0,0,4,3,0
2026-08-20,HOSP-DEL-01,Safdarjung Hospital,A+,PRBC,3,0,0,40,34,0
2026-08-20,HOSP-DEL-01,Safdarjung Hospital,A-,PRBC,3,0,1,13,11,1
2026-08-20,HOSP-DEL-01,Safdarjung Hospital,B+,PRBC,3,0,0,54,49,0
2026-08-20,HOSP-DEL-01,Safdarjung Hospital,B-,PRBC,3,0,0,3,2,0
2026-08-20,HOSP-DEL-01,Safdarjung Hospital,AB+,PRBC,3,0,0,17,14,0
2026-08-20,HOSP-DEL-01,Safdarjung Hospital,AB-,PRBC,3,0,0,3,2,0
2026-08-20,HOSP-DEL-01,Safdarjung Hospital,O+,PRBC,3,0,0,84,83,0
2026-08-20,HOSP-DEL-01,Safdarjung Hospital,O-,PRBC,3,0,0,5,4,0
2026-08-20,HOSP-MAH-02,Lilavati Hospital & Research Centre,A+,PRBC,3,0,0,24,23,0
2026-08-20,HOSP-MAH-02,Lilavati Hospital & Research Centre,A-,PRBC,3,0,0,1,0,0
2026-08-20,HOSP-MAH-02,Lilavati Hospital & Research Centre,B+,PRBC,3,0,0,55,48,0
2026-08-20,HOSP-MAH-02,Lilavati Hospital & Research Centre,B-,PRBC,3,0,0,2,1,0
2026-08-20,HOSP-MAH-02,Lilavati Hospital & Research Centre,AB+,PRBC,3,0,0,11,9,0
2026-08-20,HOSP-MAH-02,Lilavati Hospital & Research Centre,AB-,PRBC,3,0,0,1,0,0
2026-08-20,HOSP-MAH-02,Lilavati Hospital & Research Centre,O+,PRBC,3,0,1,98,88,0
2026-08-20,HOSP-MAH-02,Lilavati Hospital & Research Centre,O-,PRBC,3,0,1,12,10,1
2026-08-20,HOSP-KAR-03,Manipal Hospital Old Airport Road,A+,PRBC,3,0,0,24,21,0
2026-08-20,HOSP-KAR-03,Manipal Hospital Old Airport Road,A-,PRBC,3,0,0,2,1,1
2026-08-20,HOSP-KAR-03,Manipal Hospital Old Airport Road,B+,PRBC,3,0,0,18,17,0
2026-08-20,HOSP-KAR-03,Manipal Hospital Old Airport Road,B-,PRBC,3,0,0,5,4,0
2026-08-20,HOSP-KAR-03,Manipal Hospital Old Airport Road,AB+,PRBC,3,0,0,17,14,0
2026-08-20,HOSP-KAR-03,Manipal Hospital Old Airport Road,AB-,PRBC,3,0,0,1,0,0
2026-08-20,HOSP-KAR-03,Manipal Hospital Old Airport Road,O+,PRBC,3,0,1,87,74,0
2026-08-20,HOSP-KAR-03,Manipal Hospital Old Airport Road,O-,PRBC,3,0,0,2,1,0
2026-08-20,HOSP-TN-04,Apollo Hospitals Greams Road,A+,PRBC,3,0,0,39,36,0
2026-08-20,HOSP-TN-04,Apollo Hospitals Greams Road,A-,PRBC,3,0,1,13,11,0
2026-08-20,HOSP-TN-04,Apollo Hospitals Greams Road,B+,PRBC,3,0,0,58,57,0
2026-08-20,HOSP-TN-04,Apollo Hospitals Greams Road,B-,PRBC,3,0,0,6,5,0
2026-08-20,HOSP-TN-04,Apollo Hospitals Greams Road,AB+,PRBC,3,0,0,9,7,0
2026-08-20,HOSP-TN-04,Apollo Hospitals Greams Road,AB-,PRBC,3,0,1,18,17,1
2026-08-20,HOSP-TN-04,Apollo Hospitals Greams Road,O+,PRBC,3,0,0,66,56,0
2026-08-20,HOSP-TN-04,Apollo Hospitals Greams Road,O-,PRBC,3,0,0,4,3,0
2026-08-20,HOSP-WB-05,SSKM Hospital & IPGMER,A+,PRBC,3,0,0,23,21,0
2026-08-20,HOSP-WB-05,SSKM Hospital & IPGMER,A-,PRBC,3,0,0,3,2,0
2026-08-20,HOSP-WB-05,SSKM Hospital & IPGMER,B+,PRBC,3,0,0,57,48,1
2026-08-20,HOSP-WB-05,SSKM Hospital & IPGMER,B-,PRBC,3,0,0,1,0,0
2026-08-20,HOSP-WB-05,SSKM Hospital & IPGMER,AB+,PRBC,3,0,0,11,9,0
2026-08-20,HOSP-WB-05,SSKM Hospital & IPGMER,AB-,PRBC,3,0,0,2,1,0
2026-08-20,HOSP-WB-05,SSKM Hospital & IPGMER,O+,PRBC,3,0,0,55,53,1
2026-08-20,HOSP-WB-05,SSKM Hospital & IPGMER,O-,PRBC,3,0,0,4,3,0
2026-08-21,HOSP-DEL-01,Safdarjung Hospital,A+,PRBC,4,0,0,50,48,0
2026-08-21,HOSP-DEL-01,Safdarjung Hospital,A-,PRBC,4,0,0,4,3,0
2026-08-21,HOSP-DEL-01,Safdarjung Hospital,B+,PRBC,4,0,1,51,45,0
2026-08-21,HOSP-DEL-01,Safdarjung Hospital,B-,PRBC,4,0,0,4,3,0
2026-08-21,HOSP-DEL-01,Safdarjung Hospital,AB+,PRBC,4,0,0,7,6,0
2026-08-21,HOSP-DEL-01,Safdarjung Hospital,AB-,PRBC,4,0,0,1,0,1
2026-08-21,HOSP-DEL-01,Safdarjung Hospital,O+,PRBC,4,0,0,36,33,0
2026-08-21,HOSP-DEL-01,Safdarjung Hospital,O-,PRBC,4,0,0,2,1,0
2026-08-21,HOSP-MAH-02,Lilavati Hospital & Research Centre,A+,PRBC,4,0,0,9,8,0
2026-08-21,HOSP-MAH-02,Lilavati Hospital & Research Centre,A-,PRBC,4,0,0,5,4,2
2026-08-21,HOSP-MAH-02,Lilavati Hospital & Research Centre,B+,PRBC,4,0,0,37,36,0
2026-08-21,HOSP-MAH-02,Lilavati Hospital & Research Centre,B-,PRBC,4,0,0,1,0,0
2026-08-21,HOSP-MAH-02,Lilavati Hospital & Research Centre,AB+,PRBC,4,0,0,14,13,0
2026-08-21,HOSP-MAH-02,Lilavati Hospital & Research Centre,AB-,PRBC,4,0,1,13,12,1
2026-08-21,HOSP-MAH-02,Lilavati Hospital & Research Centre,O+,PRBC,4,0,0,24,20,0
2026-08-21,HOSP-MAH-02,Lilavati Hospital & Research Centre,O-,PRBC,4,0,0,5,4,0
2026-08-21,HOSP-KAR-03,Manipal Hospital Old Airport Road,A+,PRBC,4,0,0,43,40,0
2026-08-21,HOSP-KAR-03,Manipal Hospital Old Airport Road,A-,PRBC,4,0,1,7,6,0
2026-08-21,HOSP-KAR-03,Manipal Hospital Old Airport Road,B+,PRBC,4,0,0,34,30,0
2026-08-21,HOSP-KAR-03,Manipal Hospital Old Airport Road,B-,PRBC,4,0,0,1,0,0
2026-08-21,HOSP-KAR-03,Manipal Hospital Old Airport Road,AB+,PRBC,4,0,0,9,8,0
2026-08-21,HOSP-KAR-03,Manipal Hospital Old Airport Road,AB-,PRBC,4,0,0,2,1,0
2026-08-21,HOSP-KAR-03,Manipal Hospital Old Airport Road,O+,PRBC,4,0,0,80,68,1
2026-08-21,HOSP-KAR-03,Manipal Hospital Old Airport Road,O-,PRBC,4,0,0,7,5,0
2026-08-21,HOSP-TN-04,Apollo Hospitals Greams Road,A+,PRBC,4,0,0,21,19,0
2026-08-21,HOSP-TN-04,Apollo Hospitals Greams Road,A-,PRBC,4,0,0,2,1,0
2026-08-21,HOSP-TN-04,Apollo Hospitals Greams Road,B+,PRBC,4,0,0,43,39,0
2026-08-21,HOSP-TN-04,Apollo Hospitals Greams Road,B-,PRBC,4,0,0,1,0,0
2026-08-21,HOSP-TN-04,Apollo Hospitals Greams Road,AB+,PRBC,4,0,0,15,14,0
2026-08-21,HOSP-TN-04,Apollo Hospitals Greams Road,AB-,PRBC,4,0,1,8,6,0
2026-08-21,HOSP-TN-04,Apollo Hospitals Greams Road,O+,PRBC,4,0,0,84,80,0
2026-08-21,HOSP-TN-04,Apollo Hospitals Greams Road,O-,PRBC,4,0,0,4,3,0
2026-08-21,HOSP-WB-05,SSKM Hospital & IPGMER,A+,PRBC,4,0,0,50,43,0
2026-08-21,HOSP-WB-05,SSKM Hospital & IPGMER,A-,PRBC,4,0,0,4,3,0
2026-08-21,HOSP-WB-05,SSKM Hospital & IPGMER,B+,PRBC,4,0,0,23,21,0
2026-08-21,HOSP-WB-05,SSKM Hospital & IPGMER,B-,PRBC,4,0,0,1,0,1
2026-08-21,HOSP-WB-05,SSKM Hospital & IPGMER,AB+,PRBC,4,0,0,5,4,0
2026-08-21,HOSP-WB-05,SSKM Hospital & IPGMER,AB-,PRBC,4,0,0,1,0,0
2026-08-21,HOSP-WB-05,SSKM Hospital & IPGMER,O+,PRBC,4,0,0,67,66,1
2026-08-21,HOSP-WB-05,SSKM Hospital & IPGMER,O-,PRBC,4,0,0,1,0,0
2026-08-22,HOSP-DEL-01,Safdarjung Hospital,A+,PRBC,5,1,0,33,32,0
2026-08-22,HOSP-DEL-01,Safdarjung Hospital,A-,PRBC,5,1,0,1,0,0
2026-08-22,HOSP-DEL-01,Safdarjung Hospital,B+,PRBC,5,1,0,67,64,0
2026-08-22,HOSP-DEL-01,Safdarjung Hospital,B-,PRBC,5,1,0,4,3,0
2026-08-22,HOSP-DEL-01,Safdarjung Hospital,AB+,PRBC,5,1,0,20,17,0
2026-08-22,HOSP-DEL-01,Safdarjung Hospital,AB-,PRBC,5,1,0,3,2,0
2026-08-22,HOSP-DEL-01,Safdarjung Hospital,O+,PRBC,5,1,0,74,63,1
2026-08-22,HOSP-DEL-01,Safdarjung Hospital,O-,PRBC,5,1,1,10,8,0
2026-08-22,HOSP-MAH-02,Lilavati Hospital & Research Centre,A+,PRBC,5,1,0,57,48,0
2026-08-22,HOSP-MAH-02,Lilavati Hospital & Research Centre,A-,PRBC,5,1,0,1,0,0
2026-08-22,HOSP-MAH-02,Lilavati Hospital & Research Centre,B+,PRBC,5,1,0,68,61,0
2026-08-22,HOSP-MAH-02,Lilavati Hospital & Research Centre,B-,PRBC,5,1,0,1,0,0
2026-08-22,HOSP-MAH-02,Lilavati Hospital & Research Centre,AB+,PRBC,5,1,0,21,20,0
2026-08-22,HOSP-MAH-02,Lilavati Hospital & Research Centre,AB-,PRBC,5,1,0,1,0,0
2026-08-22,HOSP-MAH-02,Lilavati Hospital & Research Centre,O+,PRBC,5,1,0,36,32,0
2026-08-22,HOSP-MAH-02,Lilavati Hospital & Research Centre,O-,PRBC,5,1,0,5,4,0
2026-08-22,HOSP-KAR-03,Manipal Hospital Old Airport Road,A+,PRBC,5,1,0,18,15,1
2026-08-22,HOSP-KAR-03,Manipal Hospital Old Airport Road,A-,PRBC,5,1,0,1,0,1
2026-08-22,HOSP-KAR-03,Manipal Hospital Old Airport Road,B+,PRBC,5,1,0,48,42,0
2026-08-22,HOSP-KAR-03,Manipal Hospital Old Airport Road,B-,PRBC,5,1,0,4,3,0
2026-08-22,HOSP-KAR-03,Manipal Hospital Old Airport Road,AB+,PRBC,5,1,0,3,2,0
2026-08-22,HOSP-KAR-03,Manipal Hospital Old Airport Road,AB-,PRBC,5,1,0,1,0,0
2026-08-22,HOSP-KAR-03,Manipal Hospital Old Airport Road,O+,PRBC,5,1,0,95,81,0
2026-08-22,HOSP-KAR-03,Manipal Hospital Old Airport Road,O-,PRBC,5,1,0,4,3,0
2026-08-22,HOSP-TN-04,Apollo Hospitals Greams Road,A+,PRBC,5,1,0,61,57,0
2026-08-22,HOSP-TN-04,Apollo Hospitals Greams Road,A-,PRBC,5,1,1,8,7,1
2026-08-22,HOSP-TN-04,Apollo Hospitals Greams Road,B+,PRBC,5,1,0,94,88,0
2026-08-22,HOSP-TN-04,Apollo Hospitals Greams Road,B-,PRBC,5,1,0,7,6,0
2026-08-22,HOSP-TN-04,Apollo Hospitals Greams Road,AB+,PRBC,5,1,0,9,8,0
2026-08-22,HOSP-TN-04,Apollo Hospitals Greams Road,AB-,PRBC,5,1,0,1,0,0
2026-08-22,HOSP-TN-04,Apollo Hospitals Greams Road,O+,PRBC,5,1,1,105,101,0
2026-08-22,HOSP-TN-04,Apollo Hospitals Greams Road,O-,PRBC,5,1,1,19,16,0
2026-08-22,HOSP-WB-05,SSKM Hospital & IPGMER,A+,PRBC,5,1,0,64,62,0
2026-08-22,HOSP-WB-05,SSKM Hospital & IPGMER,A-,PRBC,5,1,0,6,5,0
2026-08-22,HOSP-WB-05,SSKM Hospital & IPGMER,B+,PRBC,5,1,0,27,23,1
2026-08-22,HOSP-WB-05,SSKM Hospital & IPGMER,B-,PRBC,5,1,0,1,0,0
2026-08-22,HOSP-WB-05,SSKM Hospital & IPGMER,AB+,PRBC,5,1,0,17,16,0
2026-08-22,HOSP-WB-05,SSKM Hospital & IPGMER,AB-,PRBC,5,1,0,3,2,0
2026-08-22,HOSP-WB-05,SSKM Hospital & IPGMER,O+,PRBC,5,1,0,24,23,0
2026-08-22,HOSP-WB-05,SSKM Hospital & IPGMER,O-,PRBC,5,1,0,2,1,0
2026-08-23,HOSP-DEL-01,Safdarjung Hospital,A+,PRBC,6,1,0,36,34,0
2026-08-23,HOSP-DEL-01,Safdarjung Hospital,A-,PRBC,6,1,0,2,1,1
2026-08-23,HOSP-DEL-01,Safdarjung Hospital,B+,PRBC,6,1,0,51,46,0
2026-08-23,HOSP-DEL-01,Safdarjung Hospital,B-,PRBC,6,1,0,3,2,0
2026-08-23,HOSP-DEL-01,Safdarjung Hospital,AB+,PRBC,6,1,0,23,19,2
2026-08-23,HOSP-DEL-01,Safdarjung Hospital,AB-,PRBC,6,1,0,1,0,0
2026-08-23,HOSP-DEL-01,Safdarjung Hospital,O+,PRBC,6,1,0,42,39,0
2026-08-23,HOSP-DEL-01,Safdarjung Hospital,O-,PRBC,6,1,0,9,8,0
2026-08-23,HOSP-MAH-02,Lilavati Hospital & Research Centre,A+,PRBC,6,1,0,66,56,0
2026-08-23,HOSP-MAH-02,Lilavati Hospital & Research Centre,A-,PRBC,6,1,0,1,0,0
2026-08-23,HOSP-MAH-02,Lilavati Hospital & Research Centre,B+,PRBC,6,1,0,44,41,0
2026-08-23,HOSP-MAH-02,Lilavati Hospital & Research Centre,B-,PRBC,6,1,0,5,4,0
2026-08-23,HOSP-MAH-02,Lilavati Hospital & Research Centre,AB+,PRBC,6,1,0,20,17,2
2026-08-23,HOSP-MAH-02,Lilavati Hospital & Research Centre,AB-,PRBC,6,1,0,1,0,0
2026-08-23,HOSP-MAH-02,Lilavati Hospital & Research Centre,O+,PRBC,6,1,0,39,37,1
2026-08-23,HOSP-MAH-02,Lilavati Hospital & Research Centre,O-,PRBC,6,1,0,4,3,0
2026-08-23,HOSP-KAR-03,Manipal Hospital Old Airport Road,A+,PRBC,6,1,0,35,31,0
2026-08-23,HOSP-KAR-03,Manipal Hospital Old Airport Road,A-,PRBC,6,1,0,4,3,0
2026-08-23,HOSP-KAR-03,Manipal Hospital Old Airport Road,B+,PRBC,6,1,1,47,44,0
2026-08-23,HOSP-KAR-03,Manipal Hospital Old Airport Road,B-,PRBC,6,1,0,7,6,1
2026-08-23,HOSP-KAR-03,Manipal Hospital Old Airport Road,AB+,PRBC,6,1,0,15,14,0
2026-08-23,HOSP-KAR-03,Manipal Hospital Old Airport Road,AB-,PRBC,6,1,0,2,1,1
2026-08-23,HOSP-KAR-03,Manipal Hospital Old Airport Road,O+,PRBC,6,1,0,31,28,0
2026-08-23,HOSP-KAR-03,Manipal Hospital Old Airport Road,O-,PRBC,6,1,0,5,4,0
2026-08-23,HOSP-TN-04,Apollo Hospitals Greams Road,A+,PRBC,6,1,0,35,33,0
2026-08-23,HOSP-TN-04,Apollo Hospitals Greams Road,A-,PRBC,6,1,0,4,3,0
2026-08-23,HOSP-TN-04,Apollo Hospitals Greams Road,B+,PRBC,6,1,0,21,20,0
2026-08-23,HOSP-TN-04,Apollo Hospitals Greams Road,B-,PRBC,6,1,0,1,0,2
2026-08-23,HOSP-TN-04,Apollo Hospitals Greams Road,AB+,PRBC,6,1,0,12,10,0
2026-08-23,HOSP-TN-04,Apollo Hospitals Greams Road,AB-,PRBC,6,1,0,1,0,1
2026-08-23,HOSP-TN-04,Apollo Hospitals Greams Road,O+,PRBC,6,1,1,65,56,1
2026-08-23,HOSP-TN-04,Apollo Hospitals Greams Road,O-,PRBC,6,1,0,10,8,0
2026-08-23,HOSP-WB-05,SSKM Hospital & IPGMER,A+,PRBC,6,1,0,35,32,0
2026-08-23,HOSP-WB-05,SSKM Hospital & IPGMER,A-,PRBC,6,1,0,6,5,0
2026-08-23,HOSP-WB-05,SSKM Hospital & IPGMER,B+,PRBC,6,1,0,28,23,0
2026-08-23,HOSP-WB-05,SSKM Hospital & IPGMER,B-,PRBC,6,1,0,2,1,0
2026-08-23,HOSP-WB-05,SSKM Hospital & IPGMER,AB+,PRBC,6,1,0,26,22,0
2026-08-23,HOSP-WB-05,SSKM Hospital & IPGMER,AB-,PRBC,6,1,0,3,2,0
2026-08-23,HOSP-WB-05,SSKM Hospital & IPGMER,O+,PRBC,6,1,0,38,32,0
2026-08-23,HOSP-WB-05,SSKM Hospital & IPGMER,O-,PRBC,6,1,0,6,5,0
2026-08-24,HOSP-DEL-01,Safdarjung Hospital,A+,PRBC,0,0,0,49,48,0
2026-08-24,HOSP-DEL-01,Safdarjung Hospital,A-,PRBC,0,0,0,1,0,0
2026-08-24,HOSP-DEL-01,Safdarjung Hospital,B+,PRBC,0,0,0,24,21,0
2026-08-24,HOSP-DEL-01,Safdarjung Hospital,B-,PRBC,0,0,0,3,2,0
2026-08-24,HOSP-DEL-01,Safdarjung Hospital,AB+,PRBC,0,0,0,17,15,0
2026-08-24,HOSP-DEL-01,Safdarjung Hospital,AB-,PRBC,0,0,0,1,0,0
2026-08-24,HOSP-DEL-01,Safdarjung Hospital,O+,PRBC,0,0,0,34,33,0
2026-08-24,HOSP-DEL-01,Safdarjung Hospital,O-,PRBC,0,0,0,2,1,0
2026-08-24,HOSP-MAH-02,Lilavati Hospital & Research Centre,A+,PRBC,0,0,0,18,15,0
2026-08-24,HOSP-MAH-02,Lilavati Hospital & Research Centre,A-,PRBC,0,0,0,1,0,1
2026-08-24,HOSP-MAH-02,Lilavati Hospital & Research Centre,B+,PRBC,0,0,0,24,23,1
2026-08-24,HOSP-MAH-02,Lilavati Hospital & Research Centre,B-,PRBC,0,0,0,1,0,0
2026-08-24,HOSP-MAH-02,Lilavati Hospital & Research Centre,AB+,PRBC,0,0,0,16,15,0
2026-08-24,HOSP-MAH-02,Lilavati Hospital & Research Centre,AB-,PRBC,0,0,0,1,0,0
2026-08-24,HOSP-MAH-02,Lilavati Hospital & Research Centre,O+,PRBC,0,0,0,39,36,0
2026-08-24,HOSP-MAH-02,Lilavati Hospital & Research Centre,O-,PRBC,0,0,0,3,2,1
2026-08-24,HOSP-KAR-03,Manipal Hospital Old Airport Road,A+,PRBC,0,0,0,11,9,0
2026-08-24,HOSP-KAR-03,Manipal Hospital Old Airport Road,A-,PRBC,0,0,0,1,0,0
2026-08-24,HOSP-KAR-03,Manipal Hospital Old Airport Road,B+,PRBC,0,0,0,23,20,0
2026-08-24,HOSP-KAR-03,Manipal Hospital Old Airport Road,B-,PRBC,0,0,1,20,19,0
2026-08-24,HOSP-KAR-03,Manipal Hospital Old Airport Road,AB+,PRBC,0,0,0,13,11,1
2026-08-24,HOSP-KAR-03,Manipal Hospital Old Airport Road,AB-,PRBC,0,0,0,1,0,0
2026-08-24,HOSP-KAR-03,Manipal Hospital Old Airport Road,O+,PRBC,0,0,0,43,37,0
2026-08-24,HOSP-KAR-03,Manipal Hospital Old Airport Road,O-,PRBC,0,0,0,8,6,0
2026-08-24,HOSP-TN-04,Apollo Hospitals Greams Road,A+,PRBC,0,0,0,24,23,0
2026-08-24,HOSP-TN-04,Apollo Hospitals Greams Road,A-,PRBC,0,0,0,3,2,0
2026-08-24,HOSP-TN-04,Apollo Hospitals Greams Road,B+,PRBC,0,0,0,63,55,0
2026-08-24,HOSP-TN-04,Apollo Hospitals Greams Road,B-,PRBC,0,0,0,4,3,0
2026-08-24,HOSP-TN-04,Apollo Hospitals Greams Road,AB+,PRBC,0,0,0,19,18,0
2026-08-24,HOSP-TN-04,Apollo Hospitals Greams Road,AB-,PRBC,0,0,1,14,13,1
2026-08-24,HOSP-TN-04,Apollo Hospitals Greams Road,O+,PRBC,0,0,0,51,46,1
2026-08-24,HOSP-TN-04,Apollo Hospitals Greams Road,O-,PRBC,0,0,0,4,3,0
2026-08-24,HOSP-WB-05,SSKM Hospital & IPGMER,A+,PRBC,0,0,0,46,40,0
2026-08-24,HOSP-WB-05,SSKM Hospital & IPGMER,A-,PRBC,0,0,1,10,8,1
2026-08-24,HOSP-WB-05,SSKM Hospital & IPGMER,B+,PRBC,0,0,0,55,51,2
2026-08-24,HOSP-WB-05,SSKM Hospital & IPGMER,B-,PRBC,0,0,0,2,1,0
2026-08-24,HOSP-WB-05,SSKM Hospital & IPGMER,AB+,PRBC,0,0,0,7,6,0
2026-08-24,HOSP-WB-05,SSKM Hospital & IPGMER,AB-,PRBC,0,0,0,1,0,0
2026-08-24,HOSP-WB-05,SSKM Hospital & IPGMER,O+,PRBC,0,0,0,44,39,0
2026-08-24,HOSP-WB-05,SSKM Hospital & IPGMER,O-,PRBC,0,0,1,19,18,0
2026-08-25,HOSP-DEL-01,Safdarjung Hospital,A+,PRBC,1,0,0,18,15,0
2026-08-25,HOSP-DEL-01,Safdarjung Hospital,A-,PRBC,1,0,0,2,1,0
2026-08-25,HOSP-DEL-01,Safdarjung Hospital,B+,PRBC,1,0,1,55,52,0
2026-08-25,HOSP-DEL-01,Safdarjung Hospital,B-,PRBC,1,0,0,1,0,1
2026-08-25,HOSP-DEL-01,Safdarjung Hospital,AB+,PRBC,1,0,0,4,3,0
2026-08-25,HOSP-DEL-01,Safdarjung Hospital,AB-,PRBC,1,0,0,1,0,0
2026-08-25,HOSP-DEL-01,Safdarjung Hospital,O+,PRBC,1,0,1,43,37,0
2026-08-25,HOSP-DEL-01,Safdarjung Hospital,O-,PRBC,1,0,0,1,0,1
2026-08-25,HOSP-MAH-02,Lilavati Hospital & Research Centre,A+,PRBC,1,0,0,39,34,2
2026-08-25,HOSP-MAH-02,Lilavati Hospital & Research Centre,A-,PRBC,1,0,0,1,0,0
2026-08-25,HOSP-MAH-02,Lilavati Hospital & Research Centre,B+,PRBC,1,0,0,21,20,0
2026-08-25,HOSP-MAH-02,Lilavati Hospital & Research Centre,B-,PRBC,1,0,0,1,0,1
2026-08-25,HOSP-MAH-02,Lilavati Hospital & Research Centre,AB+,PRBC,1,0,0,12,11,0
2026-08-25,HOSP-MAH-02,Lilavati Hospital & Research Centre,AB-,PRBC,1,0,0,1,0,0
2026-08-25,HOSP-MAH-02,Lilavati Hospital & Research Centre,O+,PRBC,1,0,0,36,31,0
2026-08-25,HOSP-MAH-02,Lilavati Hospital & Research Centre,O-,PRBC,1,0,1,21,18,0
2026-08-25,HOSP-KAR-03,Manipal Hospital Old Airport Road,A+,PRBC,1,0,1,36,34,0
2026-08-25,HOSP-KAR-03,Manipal Hospital Old Airport Road,A-,PRBC,1,0,0,2,1,0
2026-08-25,HOSP-KAR-03,Manipal Hospital Old Airport Road,B+,PRBC,1,0,0,13,11,0
2026-08-25,HOSP-KAR-03,Manipal Hospital Old Airport Road,B-,PRBC,1,0,0,5,4,2
2026-08-25,HOSP-KAR-03,Manipal Hospital Old Airport Road,AB+,PRBC,1,0,0,9,7,0
2026-08-25,HOSP-KAR-03,Manipal Hospital Old Airport Road,AB-,PRBC,1,0,0,3,2,0
2026-08-25,HOSP-KAR-03,Manipal Hospital Old Airport Road,O+,PRBC,1,0,0,61,54,0
2026-08-25,HOSP-KAR-03,Manipal Hospital Old Airport Road,O-,PRBC,1,0,0,3,2,0
2026-08-25,HOSP-TN-04,Apollo Hospitals Greams Road,A+,PRBC,1,0,0,49,47,0
2026-08-25,HOSP-TN-04,Apollo Hospitals Greams Road,A-,PRBC,1,0,0,3,2,0
2026-08-25,HOSP-TN-04,Apollo Hospitals Greams Road,B+,PRBC,1,0,1,54,46,0
2026-08-25,HOSP-TN-04,Apollo Hospitals Greams Road,B-,PRBC,1,0,0,3,2,0
2026-08-25,HOSP-TN-04,Apollo Hospitals Greams Road,AB+,PRBC,1,0,0,13,12,0
2026-08-25,HOSP-TN-04,Apollo Hospitals Greams Road,AB-,PRBC,1,0,0,1,0,0
2026-08-25,HOSP-TN-04,Apollo Hospitals Greams Road,O+,PRBC,1,0,0,34,32,0
2026-08-25,HOSP-TN-04,Apollo Hospitals Greams Road,O-,PRBC,1,0,1,21,18,0
2026-08-25,HOSP-WB-05,SSKM Hospital & IPGMER,A+,PRBC,1,0,0,12,11,0
2026-08-25,HOSP-WB-05,SSKM Hospital & IPGMER,A-,PRBC,1,0,0,2,1,0
2026-08-25,HOSP-WB-05,SSKM Hospital & IPGMER,B+,PRBC,1,0,0,59,53,1
2026-08-25,HOSP-WB-05,SSKM Hospital & IPGMER,B-,PRBC,1,0,0,1,0,0
2026-08-25,HOSP-WB-05,SSKM Hospital & IPGMER,AB+,PRBC,1,0,0,9,7,0
2026-08-25,HOSP-WB-05,SSKM Hospital & IPGMER,AB-,PRBC,1,0,0,2,1,0
2026-08-25,HOSP-WB-05,SSKM Hospital & IPGMER,O+,PRBC,1,0,0,69,63,0
2026-08-25,HOSP-WB-05,SSKM Hospital & IPGMER,O-,PRBC,1,0,0,4,3,0
2026-08-26,HOSP-DEL-01,Safdarjung Hospital,A+,PRBC,2,0,0,32,31,0
2026-08-26,HOSP-DEL-01,Safdarjung Hospital,A-,PRBC,2,0,1,9,8,1
2026-08-26,HOSP-DEL-01,Safdarjung Hospital,B+,PRBC,2,0,0,24,21,0
2026-08-26,HOSP-DEL-01,Safdarjung Hospital,B-,PRBC,2,0,1,16,14,0
2026-08-26,HOSP-DEL-01,Safdarjung Hospital,AB+,PRBC,2,0,0,17,16,1
2026-08-26,HOSP-DEL-01,Safdarjung Hospital,AB-,PRBC,2,0,0,1,0,1
2026-08-26,HOSP-DEL-01,Safdarjung Hospital,O+,PRBC,2,0,0,40,34,0
2026-08-26,HOSP-DEL-01,Safdarjung Hospital,O-,PRBC,2,0,0,9,8,1
2026-08-26,HOSP-MAH-02,Lilavati Hospital & Research Centre,A+,PRBC,2,0,0,41,38,1
2026-08-26,HOSP-MAH-02,Lilavati Hospital & Research Centre,A-,PRBC,2,0,0,1,0,0
2026-08-26,HOSP-MAH-02,Lilavati Hospital & Research Centre,B+,PRBC,2,0,0,62,55,0
2026-08-26,HOSP-MAH-02,Lilavati Hospital & Research Centre,B-,PRBC,2,0,0,5,4,0
2026-08-26,HOSP-MAH-02,Lilavati Hospital & Research Centre,AB+,PRBC,2,0,0,12,11,1
2026-08-26,HOSP-MAH-02,Lilavati Hospital & Research Centre,AB-,PRBC,2,0,0,1,0,1
2026-08-26,HOSP-MAH-02,Lilavati Hospital & Research Centre,O+,PRBC,2,0,1,27,25,0
2026-08-26,HOSP-MAH-02,Lilavati Hospital & Research Centre,O-,PRBC,2,0,0,10,9,0
2026-08-26,HOSP-KAR-03,Manipal Hospital Old Airport Road,A+,PRBC,2,0,0,24,22,1
2026-08-26,HOSP-KAR-03,Manipal Hospital Old Airport Road,A-,PRBC,2,0,0,1,0,0
2026-08-26,HOSP-KAR-03,Manipal Hospital Old Airport Road,B+,PRBC,2,0,0,63,57,0
2026-08-26,HOSP-KAR-03,Manipal Hospital Old Airport Road,B-,PRBC,2,0,0,2,1,0
2026-08-26,HOSP-KAR-03,Manipal Hospital Old Airport Road,AB+,PRBC,2,0,0,20,17,0
2026-08-26,HOSP-KAR-03,Manipal Hospital Old Airport Road,AB-,PRBC,2,0,0,3,2,0
2026-08-26,HOSP-KAR-03,Manipal Hospital Old Airport Road,O+,PRBC,2,0,0,63,59,1
2026-08-26,HOSP-KAR-03,Manipal Hospital Old Airport Road,O-,PRBC,2,0,0,7,6,0
2026-08-26,HOSP-TN-04,Apollo Hospitals Greams Road,A+,PRBC,2,0,0,27,24,0
2026-08-26,HOSP-TN-04,Apollo Hospitals Greams Road,A-,PRBC,2,0,0,4,3,0
2026-08-26,HOSP-TN-04,Apollo Hospitals Greams Road,B+,PRBC,2,0,0,19,18,0
2026-08-26,HOSP-TN-04,Apollo Hospitals Greams Road,B-,PRBC,2,0,1,8,7,0
2026-08-26,HOSP-TN-04,Apollo Hospitals Greams Road,AB+,PRBC,2,0,0,6,5,0
2026-08-26,HOSP-TN-04,Apollo Hospitals Greams Road,AB-,PRBC,2,0,0,1,0,0
2026-08-26,HOSP-TN-04,Apollo Hospitals Greams Road,O+,PRBC,2,0,0,63,55,0
2026-08-26,HOSP-TN-04,Apollo Hospitals Greams Road,O-,PRBC,2,0,0,5,4,0
2026-08-26,HOSP-WB-05,SSKM Hospital & IPGMER,A+,PRBC,2,0,0,21,19,0
2026-08-26,HOSP-WB-05,SSKM Hospital & IPGMER,A-,PRBC,2,0,0,1,0,0
2026-08-26,HOSP-WB-05,SSKM Hospital & IPGMER,B+,PRBC,2,0,0,63,61,0
2026-08-26,HOSP-WB-05,SSKM Hospital & IPGMER,B-,PRBC,2,0,0,4,3,0
2026-08-26,HOSP-WB-05,SSKM Hospital & IPGMER,AB+,PRBC,2,0,0,4,3,0
2026-08-26,HOSP-WB-05,SSKM Hospital & IPGMER,AB-,PRBC,2,0,0,1,0,0
2026-08-26,HOSP-WB-05,SSKM Hospital & IPGMER,O+,PRBC,2,0,0,37,36,0
2026-08-26,HOSP-WB-05,SSKM Hospital & IPGMER,O-,PRBC,2,0,0,5,4,2
2026-08-27,HOSP-DEL-01,Safdarjung Hospital,A+,PRBC,3,0,0,9,7,0
2026-08-27,HOSP-DEL-01,Safdarjung Hospital,A-,PRBC,3,0,0,1,0,1
2026-08-27,HOSP-DEL-01,Safdarjung Hospital,B+,PRBC,3,0,0,37,35,0
2026-08-27,HOSP-DEL-01,Safdarjung Hospital,B-,PRBC,3,0,0,1,0,0
2026-08-27,HOSP-DEL-01,Safdarjung Hospital,AB+,PRBC,3,0,0,22,21,0
2026-08-27,HOSP-DEL-01,Safdarjung Hospital,AB-,PRBC,3,0,0,2,1,0
2026-08-27,HOSP-DEL-01,Safdarjung Hospital,O+,PRBC,3,0,0,30,28,0
2026-08-27,HOSP-DEL-01,Safdarjung Hospital,O-,PRBC,3,0,0,5,4,0
2026-08-27,HOSP-MAH-02,Lilavati Hospital & Research Centre,A+,PRBC,3,0,0,24,21,0
2026-08-27,HOSP-MAH-02,Lilavati Hospital & Research Centre,A-,PRBC,3,0,0,1,0,0
2026-08-27,HOSP-MAH-02,Lilavati Hospital & Research Centre,B+,PRBC,3,0,0,58,53,0
2026-08-27,HOSP-MAH-02,Lilavati Hospital & Research Centre,B-,PRBC,3,0,0,2,1,0
2026-08-27,HOSP-MAH-02,Lilavati Hospital & Research Centre,AB+,PRBC,3,0,0,12,11,0
2026-08-27,HOSP-MAH-02,Lilavati Hospital & Research Centre,AB-,PRBC,3,0,0,1,0,0
2026-08-27,HOSP-MAH-02,Lilavati Hospital & Research Centre,O+,PRBC,3,0,0,76,72,2
2026-08-27,HOSP-MAH-02,Lilavati Hospital & Research Centre,O-,PRBC,3,0,0,7,6,0
2026-08-27,HOSP-KAR-03,Manipal Hospital Old Airport Road,A+,PRBC,3,0,0,16,13,0
2026-08-27,HOSP-KAR-03,Manipal Hospital Old Airport Road,A-,PRBC,3,0,0,4,3,0
2026-08-27,HOSP-KAR-03,Manipal Hospital Old Airport Road,B+,PRBC,3,0,0,18,15,0
2026-08-27,HOSP-KAR-03,Manipal Hospital Old Airport Road,B-,PRBC,3,0,0,3,2,0
2026-08-27,HOSP-KAR-03,Manipal Hospital Old Airport Road,AB+,PRBC,3,0,0,19,16,0
2026-08-27,HOSP-KAR-03,Manipal Hospital Old Airport Road,AB-,PRBC,3,0,0,1,0,0
2026-08-27,HOSP-KAR-03,Manipal Hospital Old Airport Road,O+,PRBC,3,0,0,55,52,0
2026-08-27,HOSP-KAR-03,Manipal Hospital Old Airport Road,O-,PRBC,3,0,0,3,2,0
2026-08-27,HOSP-TN-04,Apollo Hospitals Greams Road,A+,PRBC,3,0,0,48,41,0
2026-08-27,HOSP-TN-04,Apollo Hospitals Greams Road,A-,PRBC,3,0,1,6,5,0
2026-08-27,HOSP-TN-04,Apollo Hospitals Greams Road,B+,PRBC,3,0,0,65,63,0
2026-08-27,HOSP-TN-04,Apollo Hospitals Greams Road,B-,PRBC,3,0,0,3,2,0
2026-08-27,HOSP-TN-04,Apollo Hospitals Greams Road,AB+,PRBC,3,0,0,9,8,0
2026-08-27,HOSP-TN-04,Apollo Hospitals Greams Road,AB-,PRBC,3,0,0,3,2,0
2026-08-27,HOSP-TN-04,Apollo Hospitals Greams Road,O+,PRBC,3,0,0,34,31,0
2026-08-27,HOSP-TN-04,Apollo Hospitals Greams Road,O-,PRBC,3,0,0,4,3,0
2026-08-27,HOSP-WB-05,SSKM Hospital & IPGMER,A+,PRBC,3,0,0,13,12,0
2026-08-27,HOSP-WB-05,SSKM Hospital & IPGMER,A-,PRBC,3,0,0,2,1,0
2026-08-27,HOSP-WB-05,SSKM Hospital & IPGMER,B+,PRBC,3,0,0,47,44,1
2026-08-27,HOSP-WB-05,SSKM Hospital & IPGMER,B-,PRBC,3,0,0,7,6,1
2026-08-27,HOSP-WB-05,SSKM Hospital & IPGMER,AB+,PRBC,3,0,0,20,17,0
2026-08-27,HOSP-WB-05,SSKM Hospital & IPGMER,AB-,PRBC,3,0,0,2,1,0
2026-08-27,HOSP-WB-05,SSKM Hospital & IPGMER,O+,PRBC,3,0,0,51,47,0
2026-08-27,HOSP-WB-05,SSKM Hospital & IPGMER,O-,PRBC,3,0,0,2,1,0
2026-08-28,HOSP-DEL-01,Safdarjung Hospital,A+,PRBC,4,0,0,48,44,1
2026-08-28,HOSP-DEL-01,Safdarjung Hospital,A-,PRBC,4,0,0,4,3,0
2026-08-28,HOSP-DEL-01,Safdarjung Hospital,B+,PRBC,4,0,0,46,43,0
2026-08-28,HOSP-DEL-01,Safdarjung Hospital,B-,PRBC,4,0,0,1,0,0
2026-08-28,HOSP-DEL-01,Safdarjung Hospital,AB+,PRBC,4,0,0,10,9,0
2026-08-28,HOSP-DEL-01,Safdarjung Hospital,AB-,PRBC,4,0,0,1,0,0
2026-08-28,HOSP-DEL-01,Safdarjung Hospital,O+,PRBC,4,0,0,34,30,0
2026-08-28,HOSP-DEL-01,Safdarjung Hospital,O-,PRBC,4,0,0,4,3,0
2026-08-28,HOSP-MAH-02,Lilavati Hospital & Research Centre,A+,PRBC,4,0,0,31,30,0
2026-08-28,HOSP-MAH-02,Lilavati Hospital & Research Centre,A-,PRBC,4,0,0,6,5,2
2026-08-28,HOSP-MAH-02,Lilavati Hospital & Research Centre,B+,PRBC,4,0,0,56,54,0
2026-08-28,HOSP-MAH-02,Lilavati Hospital & Research Centre,B-,PRBC,4,0,0,5,4,0
2026-08-28,HOSP-MAH-02,Lilavati Hospital & Research Centre,AB+,PRBC,4,0,1,19,16,0
2026-08-28,HOSP-MAH-02,Lilavati Hospital & Research Centre,AB-,PRBC,4,0,0,1,0,0
2026-08-28,HOSP-MAH-02,Lilavati Hospital & Research Centre,O+,PRBC,4,0,0,48,44,0
2026-08-28,HOSP-MAH-02,Lilavati Hospital & Research Centre,O-,PRBC,4,0,0,5,4,0
2026-08-28,HOSP-KAR-03,Manipal Hospital Old Airport Road,A+,PRBC,4,0,0,32,30,0
2026-08-28,HOSP-KAR-03,Manipal Hospital Old Airport Road,A-,PRBC,4,0,1,4,3,0
2026-08-28,HOSP-KAR-03,Manipal Hospital Old Airport Road,B+,PRBC,4,0,1,80,77,0
2026-08-28,HOSP-KAR-03,Manipal Hospital Old Airport Road,B-,PRBC,4,0,1,8,7,0
2026-08-28,HOSP-KAR-03,Manipal Hospital Old Airport Road,AB+,PRBC,4,0,0,13,12,1
2026-08-28,HOSP-KAR-03,Manipal Hospital Old Airport Road,AB-,PRBC,4,0,0,1,0,0
2026-08-28,HOSP-KAR-03,Manipal Hospital Old Airport Road,O+,PRBC,4,0,0,65,58,0
2026-08-28,HOSP-KAR-03,Manipal Hospital Old Airport Road,O-,PRBC,4,0,0,6,5,0
2026-08-28,HOSP-TN-04,Apollo Hospitals Greams Road,A+,PRBC,4,0,0,43,42,0
2026-08-28,HOSP-TN-04,Apollo Hospitals Greams Road,A-,PRBC,4,0,0,3,2,0
2026-08-28,HOSP-TN-04,Apollo Hospitals Greams Road,B+,PRBC,4,0,0,61,57,0
2026-08-28,HOSP-TN-04,Apollo Hospitals Greams Road,B-,PRBC,4,0,0,7,6,0
2026-08-28,HOSP-TN-04,Apollo Hospitals Greams Road,AB+,PRBC,4,0,0,13,11,0
2026-08-28,HOSP-TN-04,Apollo Hospitals Greams Road,AB-,PRBC,4,0,0,1,0,1
2026-08-28,HOSP-TN-04,Apollo Hospitals Greams Road,O+,PRBC,4,0,0,32,30,1
2026-08-28,HOSP-TN-04,Apollo Hospitals Greams Road,O-,PRBC,4,0,0,7,6,0
2026-08-28,HOSP-WB-05,SSKM Hospital & IPGMER,A+,PRBC,4,0,0,39,33,0
2026-08-28,HOSP-WB-05,SSKM Hospital & IPGMER,A-,PRBC,4,0,0,3,2,0
2026-08-28,HOSP-WB-05,SSKM Hospital & IPGMER,B+,PRBC,4,0,0,20,18,0
2026-08-28,HOSP-WB-05,SSKM Hospital & IPGMER,B-,PRBC,4,0,0,5,4,0
2026-08-28,HOSP-WB-05,SSKM Hospital & IPGMER,AB+,PRBC,4,0,0,6,5,0
2026-08-28,HOSP-WB-05,SSKM Hospital & IPGMER,AB-,PRBC,4,0,0,2,1,0
2026-08-28,HOSP-WB-05,SSKM Hospital & IPGMER,O+,PRBC,4,0,0,64,57,0
2026-08-28,HOSP-WB-05,SSKM Hospital & IPGMER,O-,PRBC,4,0,0,3,2,0
2026-08-29,HOSP-DEL-01,Safdarjung Hospital,A+,PRBC,5,1,0,31,29,0
2026-08-29,HOSP-DEL-01,Safdarjung Hospital,A-,PRBC,5,1,0,1,0,0
2026-08-29,HOSP-DEL-01,Safdarjung Hospital,B+,PRBC,5,1,0,83,73,0
2026-08-29,HOSP-DEL-01,Safdarjung Hospital,B-,PRBC,5,1,0,8,7,0
2026-08-29,HOSP-DEL-01,Safdarjung Hospital,AB+,PRBC,5,1,0,8,7,0
2026-08-29,HOSP-DEL-01,Safdarjung Hospital,AB-,PRBC,5,1,0,1,0,0
2026-08-29,HOSP-DEL-01,Safdarjung Hospital,O+,PRBC,5,1,0,88,87,0
2026-08-29,HOSP-DEL-01,Safdarjung Hospital,O-,PRBC,5,1,1,13,12,0
2026-08-29,HOSP-MAH-02,Lilavati Hospital & Research Centre,A+,PRBC,5,1,0,21,19,0
2026-08-29,HOSP-MAH-02,Lilavati Hospital & Research Centre,A-,PRBC,5,1,0,3,2,0
2026-08-29,HOSP-MAH-02,Lilavati Hospital & Research Centre,B+,PRBC,5,1,0,60,59,0
2026-08-29,HOSP-MAH-02,Lilavati Hospital & Research Centre,B-,PRBC,5,1,0,1,0,0
2026-08-29,HOSP-MAH-02,Lilavati Hospital & Research Centre,AB+,PRBC,5,1,0,16,15,0
2026-08-29,HOSP-MAH-02,Lilavati Hospital & Research Centre,AB-,PRBC,5,1,1,9,7,0
2026-08-29,HOSP-MAH-02,Lilavati Hospital & Research Centre,O+,PRBC,5,1,0,31,29,2
2026-08-29,HOSP-MAH-02,Lilavati Hospital & Research Centre,O-,PRBC,5,1,0,8,6,0
2026-08-29,HOSP-KAR-03,Manipal Hospital Old Airport Road,A+,PRBC,5,1,1,38,36,0
2026-08-29,HOSP-KAR-03,Manipal Hospital Old Airport Road,A-,PRBC,5,1,0,4,3,0
2026-08-29,HOSP-KAR-03,Manipal Hospital Old Airport Road,B+,PRBC,5,1,0,70,65,1
2026-08-29,HOSP-KAR-03,Manipal Hospital Old Airport Road,B-,PRBC,5,1,0,4,3,0
2026-08-29,HOSP-KAR-03,Manipal Hospital Old Airport Road,AB+,PRBC,5,1,1,17,14,0
2026-08-29,HOSP-KAR-03,Manipal Hospital Old Airport Road,AB-,PRBC,5,1,0,3,2,2
2026-08-29,HOSP-KAR-03,Manipal Hospital Old Airport Road,O+,PRBC,5,1,0,57,54,1
2026-08-29,HOSP-KAR-03,Manipal Hospital Old Airport Road,O-,PRBC,5,1,0,5,4,0
2026-08-29,HOSP-TN-04,Apollo Hospitals Greams Road,A+,PRBC,5,1,0,49,48,0
2026-08-29,HOSP-TN-04,Apollo Hospitals Greams Road,A-,PRBC,5,1,0,1,0,0
2026-08-29,HOSP-TN-04,Apollo Hospitals Greams Road,B+,PRBC,5,1,0,79,72,0
2026-08-29,HOSP-TN-04,Apollo Hospitals Greams Road,B-,PRBC,5,1,0,1,0,0
2026-08-29,HOSP-TN-04,Apollo Hospitals Greams Road,AB+,PRBC,5,1,0,19,18,0
2026-08-29,HOSP-TN-04,Apollo Hospitals Greams Road,AB-,PRBC,5,1,0,2,1,0
2026-08-29,HOSP-TN-04,Apollo Hospitals Greams Road,O+,PRBC,5,1,0,78,77,0
2026-08-29,HOSP-TN-04,Apollo Hospitals Greams Road,O-,PRBC,5,1,0,2,1,0
2026-08-29,HOSP-WB-05,SSKM Hospital & IPGMER,A+,PRBC,5,1,0,25,24,0
2026-08-29,HOSP-WB-05,SSKM Hospital & IPGMER,A-,PRBC,5,1,0,4,3,0
2026-08-29,HOSP-WB-05,SSKM Hospital & IPGMER,B+,PRBC,5,1,0,69,67,0
2026-08-29,HOSP-WB-05,SSKM Hospital & IPGMER,B-,PRBC,5,1,1,6,5,0
2026-08-29,HOSP-WB-05,SSKM Hospital & IPGMER,AB+,PRBC,5,1,0,18,16,0
2026-08-29,HOSP-WB-05,SSKM Hospital & IPGMER,AB-,PRBC,5,1,1,13,11,0
2026-08-29,HOSP-WB-05,SSKM Hospital & IPGMER,O+,PRBC,5,1,0,51,45,0
2026-08-29,HOSP-WB-05,SSKM Hospital & IPGMER,O-,PRBC,5,1,0,5,4,0
2026-08-30,HOSP-DEL-01,Safdarjung Hospital,A+,PRBC,6,1,0,63,59,0
2026-08-30,HOSP-DEL-01,Safdarjung Hospital,A-,PRBC,6,1,0,4,3,0
2026-08-30,HOSP-DEL-01,Safdarjung Hospital,B+,PRBC,6,1,1,64,57,0
2026-08-30,HOSP-DEL-01,Safdarjung Hospital,B-,PRBC,6,1,0,3,2,0
2026-08-30,HOSP-DEL-01,Safdarjung Hospital,AB+,PRBC,6,1,0,9,8,0
2026-08-30,HOSP-DEL-01,Safdarjung Hospital,AB-,PRBC,6,1,0,1,0,0
2026-08-30,HOSP-DEL-01,Safdarjung Hospital,O+,PRBC,6,1,0,85,79,1
2026-08-30,HOSP-DEL-01,Safdarjung Hospital,O-,PRBC,6,1,0,1,0,0
2026-08-30,HOSP-MAH-02,Lilavati Hospital & Research Centre,A+,PRBC,6,1,0,14,12,2
2026-08-30,HOSP-MAH-02,Lilavati Hospital & Research Centre,A-,PRBC,6,1,0,4,3,0
2026-08-30,HOSP-MAH-02,Lilavati Hospital & Research Centre,B+,PRBC,6,1,0,55,53,0
2026-08-30,HOSP-MAH-02,Lilavati Hospital & Research Centre,B-,PRBC,6,1,0,2,1,0
2026-08-30,HOSP-MAH-02,Lilavati Hospital & Research Centre,AB+,PRBC,6,1,0,8,7,0
2026-08-30,HOSP-MAH-02,Lilavati Hospital & Research Centre,AB-,PRBC,6,1,0,3,2,0
2026-08-30,HOSP-MAH-02,Lilavati Hospital & Research Centre,O+,PRBC,6,1,0,71,67,0
2026-08-30,HOSP-MAH-02,Lilavati Hospital & Research Centre,O-,PRBC,6,1,0,10,9,0
2026-08-30,HOSP-KAR-03,Manipal Hospital Old Airport Road,A+,PRBC,6,1,0,28,27,0
2026-08-30,HOSP-KAR-03,Manipal Hospital Old Airport Road,A-,PRBC,6,1,0,4,3,0
2026-08-30,HOSP-KAR-03,Manipal Hospital Old Airport Road,B+,PRBC,6,1,0,23,21,0
2026-08-30,HOSP-KAR-03,Manipal Hospital Old Airport Road,B-,PRBC,6,1,1,10,8,0
2026-08-30,HOSP-KAR-03,Manipal Hospital Old Airport Road,AB+,PRBC,6,1,0,22,21,0
2026-08-30,HOSP-KAR-03,Manipal Hospital Old Airport Road,AB-,PRBC,6,1,1,8,6,0
2026-08-30,HOSP-KAR-03,Manipal Hospital Old Airport Road,O+,PRBC,6,1,0,36,35,0
2026-08-30,HOSP-KAR-03,Manipal Hospital Old Airport Road,O-,PRBC,6,1,0,5,4,0
2026-08-30,HOSP-TN-04,Apollo Hospitals Greams Road,A+,PRBC,6,1,0,61,52,0
2026-08-30,HOSP-TN-04,Apollo Hospitals Greams Road,A-,PRBC,6,1,0,3,2,0
2026-08-30,HOSP-TN-04,Apollo Hospitals Greams Road,B+,PRBC,6,1,0,80,72,0
2026-08-30,HOSP-TN-04,Apollo Hospitals Greams Road,B-,PRBC,6,1,0,1,0,0
2026-08-30,HOSP-TN-04,Apollo Hospitals Greams Road,AB+,PRBC,6,1,0,27,26,0
2026-08-30,HOSP-TN-04,Apollo Hospitals Greams Road,AB-,PRBC,6,1,0,1,0,0
2026-08-30,HOSP-TN-04,Apollo Hospitals Greams Road,O+,PRBC,6,1,1,86,80,0
2026-08-30,HOSP-TN-04,Apollo Hospitals Greams Road,O-,PRBC,6,1,0,6,5,0
2026-08-30,HOSP-WB-05,SSKM Hospital & IPGMER,A+,PRBC,6,1,0,36,33,1
2026-08-30,HOSP-WB-05,SSKM Hospital & IPGMER,A-,PRBC,6,1,0,2,1,0
2026-08-30,HOSP-WB-05,SSKM Hospital & IPGMER,B+,PRBC,6,1,0,23,21,0
2026-08-30,HOSP-WB-05,SSKM Hospital & IPGMER,B-,PRBC,6,1,0,4,3,1
2026-08-30,HOSP-WB-05,SSKM Hospital & IPGMER,AB+,PRBC,6,1,0,12,10,0
2026-08-30,HOSP-WB-05,SSKM Hospital & IPGMER,AB-,PRBC,6,1,0,1,0,0
2026-08-30,HOSP-WB-05,SSKM Hospital & IPGMER,O+,PRBC,6,1,0,52,46,1
2026-08-30,HOSP-WB-05,SSKM Hospital & IPGMER,O-,PRBC,6,1,1,23,19,0
2026-08-31,HOSP-DEL-01,Safdarjung Hospital,A+,PRBC,0,0,0,42,40,0
2026-08-31,HOSP-DEL-01,Safdarjung Hospital,A-,PRBC,0,0,1,19,17,0
2026-08-31,HOSP-DEL-01,Safdarjung Hospital,B+,PRBC,0,0,1,72,65,0
2026-08-31,HOSP-DEL-01,Safdarjung Hospital,B-,PRBC,0,0,0,5,4,0
2026-08-31,HOSP-DEL-01,Safdarjung Hospital,AB+,PRBC,0,0,0,19,17,0
2026-08-31,HOSP-DEL-01,Safdarjung Hospital,AB-,PRBC,0,0,0,1,0,0
2026-08-31,HOSP-DEL-01,Safdarjung Hospital,O+,PRBC,0,0,0,64,60,0
2026-08-31,HOSP-DEL-01,Safdarjung Hospital,O-,PRBC,0,0,0,3,2,0
2026-08-31,HOSP-MAH-02,Lilavati Hospital & Research Centre,A+,PRBC,0,0,0,37,33,0
2026-08-31,HOSP-MAH-02,Lilavati Hospital & Research Centre,A-,PRBC,0,0,0,1,0,1
2026-08-31,HOSP-MAH-02,Lilavati Hospital & Research Centre,B+,PRBC,0,0,0,63,55,0
2026-08-31,HOSP-MAH-02,Lilavati Hospital & Research Centre,B-,PRBC,0,0,0,1,0,0
2026-08-31,HOSP-MAH-02,Lilavati Hospital & Research Centre,AB+,PRBC,0,0,0,5,4,0
2026-08-31,HOSP-MAH-02,Lilavati Hospital & Research Centre,AB-,PRBC,0,0,1,6,5,0
2026-08-31,HOSP-MAH-02,Lilavati Hospital & Research Centre,O+,PRBC,0,0,0,52,51,0
2026-08-31,HOSP-MAH-02,Lilavati Hospital & Research Centre,O-,PRBC,0,0,0,3,2,1
2026-08-31,HOSP-KAR-03,Manipal Hospital Old Airport Road,A+,PRBC,0,0,0,20,19,0
2026-08-31,HOSP-KAR-03,Manipal Hospital Old Airport Road,A-,PRBC,0,0,0,6,5,1
2026-08-31,HOSP-KAR-03,Manipal Hospital Old Airport Road,B+,PRBC,0,0,0,31,29,2
2026-08-31,HOSP-KAR-03,Manipal Hospital Old Airport Road,B-,PRBC,0,0,0,1,0,0
2026-08-31,HOSP-KAR-03,Manipal Hospital Old Airport Road,AB+,PRBC,0,0,0,18,17,0
2026-08-31,HOSP-KAR-03,Manipal Hospital Old Airport Road,AB-,PRBC,0,0,0,2,1,0
2026-08-31,HOSP-KAR-03,Manipal Hospital Old Airport Road,O+,PRBC,0,0,1,35,34,0
2026-08-31,HOSP-KAR-03,Manipal Hospital Old Airport Road,O-,PRBC,0,0,0,5,4,0
2026-08-31,HOSP-TN-04,Apollo Hospitals Greams Road,A+,PRBC,0,0,0,11,10,0
2026-08-31,HOSP-TN-04,Apollo Hospitals Greams Road,A-,PRBC,0,0,0,4,3,0
2026-08-31,HOSP-TN-04,Apollo Hospitals Greams Road,B+,PRBC,0,0,0,43,37,0
2026-08-31,HOSP-TN-04,Apollo Hospitals Greams Road,B-,PRBC,0,0,0,2,1,0
2026-08-31,HOSP-TN-04,Apollo Hospitals Greams Road,AB+,PRBC,0,0,0,9,8,0
2026-08-31,HOSP-TN-04,Apollo Hospitals Greams Road,AB-,PRBC,0,0,0,1,0,1
2026-08-31,HOSP-TN-04,Apollo Hospitals Greams Road,O+,PRBC,0,0,0,66,56,0
2026-08-31,HOSP-TN-04,Apollo Hospitals Greams Road,O-,PRBC,0,0,0,5,4,1
2026-08-31,HOSP-WB-05,SSKM Hospital & IPGMER,A+,PRBC,0,0,0,14,13,0
2026-08-31,HOSP-WB-05,SSKM Hospital & IPGMER,A-,PRBC,0,0,0,2,1,0
2026-08-31,HOSP-WB-05,SSKM Hospital & IPGMER,B+,PRBC,0,0,0,51,43,0
2026-08-31,HOSP-WB-05,SSKM Hospital & IPGMER,B-,PRBC,0,0,0,4,3,0
2026-08-31,HOSP-WB-05,SSKM Hospital & IPGMER,AB+,PRBC,0,0,0,14,12,0
2026-08-31,HOSP-WB-05,SSKM Hospital & IPGMER,AB-,PRBC,0,0,0,1,0,2
2026-08-31,HOSP-WB-05,SSKM Hospital & IPGMER,O+,PRBC,0,0,0,65,64,0
2026-08-31,HOSP-WB-05,SSKM Hospital & IPGMER,O-,PRBC,0,0,0,8,7,0
2026-09-01,HOSP-DEL-01,Safdarjung Hospital,A+,PRBC,1,0,0,15,13,0
2026-09-01,HOSP-DEL-01,Safdarjung Hospital,A-,PRBC,1,0,0,6,5,0
2026-09-01,HOSP-DEL-01,Safdarjung Hospital,B+,PRBC,1,0,0,60,59,0
2026-09-01,HOSP-DEL-01,Safdarjung Hospital,B-,PRBC,1,0,1,12,10,0
2026-09-01,HOSP-DEL-01,Safdarjung Hospital,AB+,PRBC,1,0,0,19,17,0
2026-09-01,HOSP-DEL-01,Safdarjung Hospital,AB-,PRBC,1,0,0,3,2,0
2026-09-01,HOSP-DEL-01,Safdarjung Hospital,O+,PRBC,1,0,0,74,64,0
2026-09-01,HOSP-DEL-01,Safdarjung Hospital,O-,PRBC,1,0,0,5,4,0
2026-09-01,HOSP-MAH-02,Lilavati Hospital & Research Centre,A+,PRBC,1,0,0,39,38,0
2026-09-01,HOSP-MAH-02,Lilavati Hospital & Research Centre,A-,PRBC,1,0,0,4,3,2
2026-09-01,HOSP-MAH-02,Lilavati Hospital & Research Centre,B+,PRBC,1,0,0,74,69,1
2026-09-01,HOSP-MAH-02,Lilavati Hospital & Research Centre,B-,PRBC,1,0,0,2,1,0
2026-09-01,HOSP-MAH-02,Lilavati Hospital & Research Centre,AB+,PRBC,1,0,0,15,14,1
2026-09-01,HOSP-MAH-02,Lilavati Hospital & Research Centre,AB-,PRBC,1,0,0,3,2,0
2026-09-01,HOSP-MAH-02,Lilavati Hospital & Research Centre,O+,PRBC,1,0,0,30,27,0
2026-09-01,HOSP-MAH-02,Lilavati Hospital & Research Centre,O-,PRBC,1,0,0,1,0,1
2026-09-01,HOSP-KAR-03,Manipal Hospital Old Airport Road,A+,PRBC,1,0,0,14,12,0
2026-09-01,HOSP-KAR-03,Manipal Hospital Old Airport Road,A-,PRBC,1,0,0,1,0,0
2026-09-01,HOSP-KAR-03,Manipal Hospital Old Airport Road,B+,PRBC,1,0,0,68,60,0
2026-09-01,HOSP-KAR-03,Manipal Hospital Old Airport Road,B-,PRBC,1,0,0,5,4,0
2026-09-01,HOSP-KAR-03,Manipal Hospital Old Airport Road,AB+,PRBC,1,0,0,9,8,0
2026-09-01,HOSP-KAR-03,Manipal Hospital Old Airport Road,AB-,PRBC,1,0,0,1,0,0
2026-09-01,HOSP-KAR-03,Manipal Hospital Old Airport Road,O+,PRBC,1,0,0,27,25,0
2026-09-01,HOSP-KAR-03,Manipal Hospital Old Airport Road,O-,PRBC,1,0,0,9,8,1
2026-09-01,HOSP-TN-04,Apollo Hospitals Greams Road,A+,PRBC,1,0,0,47,46,0
2026-09-01,HOSP-TN-04,Apollo Hospitals Greams Road,A-,PRBC,1,0,0,2,1,0
2026-09-01,HOSP-TN-04,Apollo Hospitals Greams Road,B+,PRBC,1,0,0,26,23,0
2026-09-01,HOSP-TN-04,Apollo Hospitals Greams Road,B-,PRBC,1,0,0,2,1,0
2026-09-01,HOSP-TN-04,Apollo Hospitals Greams Road,AB+,PRBC,1,0,0,16,14,0
2026-09-01,HOSP-TN-04,Apollo Hospitals Greams Road,AB-,PRBC,1,0,0,2,1,0
2026-09-01,HOSP-TN-04,Apollo Hospitals Greams Road,O+,PRBC,1,0,0,66,60,0
2026-09-01,HOSP-TN-04,Apollo Hospitals Greams Road,O-,PRBC,1,0,0,2,1,1
2026-09-01,HOSP-WB-05,SSKM Hospital & IPGMER,A+,PRBC,1,0,0,31,26,0
2026-09-01,HOSP-WB-05,SSKM Hospital & IPGMER,A-,PRBC,1,0,0,1,0,0
2026-09-01,HOSP-WB-05,SSKM Hospital & IPGMER,B+,PRBC,1,0,0,61,56,0
2026-09-01,HOSP-WB-05,SSKM Hospital & IPGMER,B-,PRBC,1,0,0,1,0,0
2026-09-01,HOSP-WB-05,SSKM Hospital & IPGMER,AB+,PRBC,1,0,0,3,2,1
2026-09-01,HOSP-WB-05,SSKM Hospital & IPGMER,AB-,PRBC,1,0,0,1,0,0
2026-09-01,HOSP-WB-05,SSKM Hospital & IPGMER,O+,PRBC,1,0,0,75,70,0
2026-09-01,HOSP-WB-05,SSKM Hospital & IPGMER,O-,PRBC,1,0,0,6,5,1
2026-09-02,HOSP-DEL-01,Safdarjung Hospital,A+,PRBC,2,0,0,24,22,0
2026-09-02,HOSP-DEL-01,Safdarjung Hospital,A-,PRBC,2,0,1,13,11,0
2026-09-02,HOSP-DEL-01,Safdarjung Hospital,B+,PRBC,2,0,0,33,29,0
2026-09-02,HOSP-DEL-01,Safdarjung Hospital,B-,PRBC,2,0,1,5,4,1
2026-09-02,HOSP-DEL-01,Safdarjung Hospital,AB+,PRBC,2,0,0,15,14,1
2026-09-02,HOSP-DEL-01,Safdarjung Hospital,AB-,PRBC,2,0,0,3,2,0
2026-09-02,HOSP-DEL-01,Safdarjung Hospital,O+,PRBC,2,0,0,29,28,0
2026-09-02,HOSP-DEL-01,Safdarjung Hospital,O-,PRBC,2,0,0,8,7,0
2026-09-02,HOSP-MAH-02,Lilavati Hospital & Research Centre,A+,PRBC,2,0,1,55,53,0
2026-09-02,HOSP-MAH-02,Lilavati Hospital & Research Centre,A-,PRBC,2,0,0,1,0,0
2026-09-02,HOSP-MAH-02,Lilavati Hospital & Research Centre,B+,PRBC,2,0,0,54,53,0
2026-09-02,HOSP-MAH-02,Lilavati Hospital & Research Centre,B-,PRBC,2,0,1,17,16,1
2026-09-02,HOSP-MAH-02,Lilavati Hospital & Research Centre,AB+,PRBC,2,0,0,15,13,0
2026-09-02,HOSP-MAH-02,Lilavati Hospital & Research Centre,AB-,PRBC,2,0,0,3,2,0
2026-09-02,HOSP-MAH-02,Lilavati Hospital & Research Centre,O+,PRBC,2,0,0,18,17,1
2026-09-02,HOSP-MAH-02,Lilavati Hospital & Research Centre,O-,PRBC,2,0,0,3,2,0
2026-09-02,HOSP-KAR-03,Manipal Hospital Old Airport Road,A+,PRBC,2,0,0,42,37,0
2026-09-02,HOSP-KAR-03,Manipal Hospital Old Airport Road,A-,PRBC,2,0,0,1,0,0
2026-09-02,HOSP-KAR-03,Manipal Hospital Old Airport Road,B+,PRBC,2,0,0,62,59,0
2026-09-02,HOSP-KAR-03,Manipal Hospital Old Airport Road,B-,PRBC,2,0,0,1,0,1
2026-09-02,HOSP-KAR-03,Manipal Hospital Old Airport Road,AB+,PRBC,2,0,0,8,7,1
2026-09-02,HOSP-KAR-03,Manipal Hospital Old Airport Road,AB-,PRBC,2,0,1,11,9,0
2026-09-02,HOSP-KAR-03,Manipal Hospital Old Airport Road,O+,PRBC,2,0,0,63,59,0
2026-09-02,HOSP-KAR-03,Manipal Hospital Old Airport Road,O-,PRBC,2,0,0,8,7,0
2026-09-02,HOSP-TN-04,Apollo Hospitals Greams Road,A+,PRBC,2,0,0,19,17,0
2026-09-02,HOSP-TN-04,Apollo Hospitals Greams Road,A-,PRBC,2,0,0,1,0,0
2026-09-02,HOSP-TN-04,Apollo Hospitals Greams Road,B+,PRBC,2,0,0,40,34,0
2026-09-02,HOSP-TN-04,Apollo Hospitals Greams Road,B-,PRBC,2,0,0,3,2,0
2026-09-02,HOSP-TN-04,Apollo Hospitals Greams Road,AB+,PRBC,2,0,1,26,23,0
2026-09-02,HOSP-TN-04,Apollo Hospitals Greams Road,AB-,PRBC,2,0,0,1,0,1
2026-09-02,HOSP-TN-04,Apollo Hospitals Greams Road,O+,PRBC,2,0,0,76,72,0
2026-09-02,HOSP-TN-04,Apollo Hospitals Greams Road,O-,PRBC,2,0,0,8,7,0
2026-09-02,HOSP-WB-05,SSKM Hospital & IPGMER,A+,PRBC,2,0,0,17,16,1
2026-09-02,HOSP-WB-05,SSKM Hospital & IPGMER,A-,PRBC,2,0,0,4,3,0
2026-09-02,HOSP-WB-05,SSKM Hospital & IPGMER,B+,PRBC,2,0,0,70,63,0
2026-09-02,HOSP-WB-05,SSKM Hospital & IPGMER,B-,PRBC,2,0,0,2,1,0
2026-09-02,HOSP-WB-05,SSKM Hospital & IPGMER,AB+,PRBC,2,0,0,16,15,1
2026-09-02,HOSP-WB-05,SSKM Hospital & IPGMER,AB-,PRBC,2,0,0,4,3,0
2026-09-02,HOSP-WB-05,SSKM Hospital & IPGMER,O+,PRBC,2,0,0,34,31,0
2026-09-02,HOSP-WB-05,SSKM Hospital & IPGMER,O-,PRBC,2,0,0,1,0,0
2026-09-03,HOSP-DEL-01,Safdarjung Hospital,A+,PRBC,3,0,0,18,17,2
2026-09-03,HOSP-DEL-01,Safdarjung Hospital,A-,PRBC,3,0,0,5,4,0
2026-09-03,HOSP-DEL-01,Safdarjung Hospital,B+,PRBC,3,0,0,26,22,0
2026-09-03,HOSP-DEL-01,Safdarjung Hospital,B-,PRBC,3,0,0,6,5,0
2026-09-03,HOSP-DEL-01,Safdarjung Hospital,AB+,PRBC,3,0,0,20,19,0
2026-09-03,HOSP-DEL-01,Safdarjung Hospital,AB-,PRBC,3,0,0,4,3,0
2026-09-03,HOSP-DEL-01,Safdarjung Hospital,O+,PRBC,3,0,0,48,45,0
2026-09-03,HOSP-DEL-01,Safdarjung Hospital,O-,PRBC,3,0,0,1,0,0
2026-09-03,HOSP-MAH-02,Lilavati Hospital & Research Centre,A+,PRBC,3,0,0,42,41,0
2026-09-03,HOSP-MAH-02,Lilavati Hospital & Research Centre,A-,PRBC,3,0,0,3,2,0
2026-09-03,HOSP-MAH-02,Lilavati Hospital & Research Centre,B+,PRBC,3,0,0,38,35,0
2026-09-03,HOSP-MAH-02,Lilavati Hospital & Research Centre,B-,PRBC,3,0,0,2,1,0
2026-09-03,HOSP-MAH-02,Lilavati Hospital & Research Centre,AB+,PRBC,3,0,1,19,18,0
2026-09-03,HOSP-MAH-02,Lilavati Hospital & Research Centre,AB-,PRBC,3,0,0,3,2,0
2026-09-03,HOSP-MAH-02,Lilavati Hospital & Research Centre,O+,PRBC,3,0,0,63,61,0
2026-09-03,HOSP-MAH-02,Lilavati Hospital & Research Centre,O-,PRBC,3,0,1,10,9,0
2026-09-03,HOSP-KAR-03,Manipal Hospital Old Airport Road,A+,PRBC,3,0,0,34,31,0
2026-09-03,HOSP-KAR-03,Manipal Hospital Old Airport Road,A-,PRBC,3,0,0,5,4,0
2026-09-03,HOSP-KAR-03,Manipal Hospital Old Airport Road,B+,PRBC,3,0,0,66,56,1
2026-09-03,HOSP-KAR-03,Manipal Hospital Old Airport Road,B-,PRBC,3,0,0,6,5,0
2026-09-03,HOSP-KAR-03,Manipal Hospital Old Airport Road,AB+,PRBC,3,0,0,18,16,0
2026-09-03,HOSP-KAR-03,Manipal Hospital Old Airport Road,AB-,PRBC,3,0,0,2,1,0
2026-09-03,HOSP-KAR-03,Manipal Hospital Old Airport Road,O+,PRBC,3,0,0,50,48,0
2026-09-03,HOSP-KAR-03,Manipal Hospital Old Airport Road,O-,PRBC,3,0,0,5,4,0
2026-09-03,HOSP-TN-04,Apollo Hospitals Greams Road,A+,PRBC,3,0,0,42,36,2
2026-09-03,HOSP-TN-04,Apollo Hospitals Greams Road,A-,PRBC,3,0,0,1,0,1
2026-09-03,HOSP-TN-04,Apollo Hospitals Greams Road,B+,PRBC,3,0,0,16,15,0
2026-09-03,HOSP-TN-04,Apollo Hospitals Greams Road,B-,PRBC,3,0,0,4,3,0
2026-09-03,HOSP-TN-04,Apollo Hospitals Greams Road,AB+,PRBC,3,0,0,8,7,1
2026-09-03,HOSP-TN-04,Apollo Hospitals Greams Road,AB-,PRBC,3,0,0,1,0,0
2026-09-03,HOSP-TN-04,Apollo Hospitals Greams Road,O+,PRBC,3,0,0,16,15,0
2026-09-03,HOSP-TN-04,Apollo Hospitals Greams Road,O-,PRBC,3,0,0,4,3,0
2026-09-03,HOSP-WB-05,SSKM Hospital & IPGMER,A+,PRBC,3,0,0,12,11,0
2026-09-03,HOSP-WB-05,SSKM Hospital & IPGMER,A-,PRBC,3,0,0,1,0,0
2026-09-03,HOSP-WB-05,SSKM Hospital & IPGMER,B+,PRBC,3,0,0,29,27,0
2026-09-03,HOSP-WB-05,SSKM Hospital & IPGMER,B-,PRBC,3,0,0,2,1,1
2026-09-03,HOSP-WB-05,SSKM Hospital & IPGMER,AB+,PRBC,3,0,0,9,7,0
2026-09-03,HOSP-WB-05,SSKM Hospital & IPGMER,AB-,PRBC,3,0,0,1,0,0
2026-09-03,HOSP-WB-05,SSKM Hospital & IPGMER,O+,PRBC,3,0,0,47,41,0
2026-09-03,HOSP-WB-05,SSKM Hospital & IPGMER,O-,PRBC,3,0,0,5,4,0
2026-09-04,HOSP-DEL-01,Safdarjung Hospital,A+,PRBC,4,0,0,21,17,0
2026-09-04,HOSP-DEL-01,Safdarjung Hospital,A-,PRBC,4,0,0,5,4,1
2026-09-04,HOSP-DEL-01,Safdarjung Hospital,B+,PRBC,4,0,0,15,13,0
2026-09-04,HOSP-DEL-01,Safdarjung Hospital,B-,PRBC,4,0,1,14,12,0
2026-09-04,HOSP-DEL-01,Safdarjung Hospital,AB+,PRBC,4,0,0,16,15,0
2026-09-04,HOSP-DEL-01,Safdarjung Hospital,AB-,PRBC,4,0,0,1,0,0
2026-09-04,HOSP-DEL-01,Safdarjung Hospital,O+,PRBC,4,0,0,88,81,0
2026-09-04,HOSP-DEL-01,Safdarjung Hospital,O-,PRBC,4,0,0,6,5,0
2026-09-04,HOSP-MAH-02,Lilavati Hospital & Research Centre,A+,PRBC,4,0,0,42,40,0
2026-09-04,HOSP-MAH-02,Lilavati Hospital & Research Centre,A-,PRBC,4,0,0,3,2,0
2026-09-04,HOSP-MAH-02,Lilavati Hospital & Research Centre,B+,PRBC,4,0,0,69,61,0
2026-09-04,HOSP-MAH-02,Lilavati Hospital & Research Centre,B-,PRBC,4,0,0,5,4,0
2026-09-04,HOSP-MAH-02,Lilavati Hospital & Research Centre,AB+,PRBC,4,0,0,13,11,0
2026-09-04,HOSP-MAH-02,Lilavati Hospital & Research Centre,AB-,PRBC,4,0,1,11,9,0
2026-09-04,HOSP-MAH-02,Lilavati Hospital & Research Centre,O+,PRBC,4,0,0,33,30,0
2026-09-04,HOSP-MAH-02,Lilavati Hospital & Research Centre,O-,PRBC,4,0,0,4,3,0
2026-09-04,HOSP-KAR-03,Manipal Hospital Old Airport Road,A+,PRBC,4,0,0,34,31,0
2026-09-04,HOSP-KAR-03,Manipal Hospital Old Airport Road,A-,PRBC,4,0,0,5,4,1
2026-09-04,HOSP-KAR-03,Manipal Hospital Old Airport Road,B+,PRBC,4,0,0,55,46,0
2026-09-04,HOSP-KAR-03,Manipal Hospital Old Airport Road,B-,PRBC,4,0,0,5,4,0
2026-09-04,HOSP-KAR-03,Manipal Hospital Old Airport Road,AB+,PRBC,4,0,0,7,6,0
2026-09-04,HOSP-KAR-03,Manipal Hospital Old Airport Road,AB-,PRBC,4,0,1,12,11,0
2026-09-04,HOSP-KAR-03,Manipal Hospital Old Airport Road,O+,PRBC,4,0,0,52,47,0
2026-09-04,HOSP-KAR-03,Manipal Hospital Old Airport Road,O-,PRBC,4,0,0,8,6,0
2026-09-04,HOSP-TN-04,Apollo Hospitals Greams Road,A+,PRBC,4,0,0,33,29,0
2026-09-04,HOSP-TN-04,Apollo Hospitals Greams Road,A-,PRBC,4,0,0,4,3,0
2026-09-04,HOSP-TN-04,Apollo Hospitals Greams Road,B+,PRBC,4,0,0,27,24,0
2026-09-04,HOSP-TN-04,Apollo Hospitals Greams Road,B-,PRBC,4,0,0,3,2,0
2026-09-04,HOSP-TN-04,Apollo Hospitals Greams Road,AB+,PRBC,4,0,0,9,7,0
2026-09-04,HOSP-TN-04,Apollo Hospitals Greams Road,AB-,PRBC,4,0,0,1,0,0
2026-09-04,HOSP-TN-04,Apollo Hospitals Greams Road,O+,PRBC,4,0,0,41,37,0
2026-09-04,HOSP-TN-04,Apollo Hospitals Greams Road,O-,PRBC,4,0,0,3,2,0
2026-09-04,HOSP-WB-05,SSKM Hospital & IPGMER,A+,PRBC,4,0,1,22,20,0
2026-09-04,HOSP-WB-05,SSKM Hospital & IPGMER,A-,PRBC,4,0,0,4,3,0
2026-09-04,HOSP-WB-05,SSKM Hospital & IPGMER,B+,PRBC,4,0,0,62,56,0
2026-09-04,HOSP-WB-05,SSKM Hospital & IPGMER,B-,PRBC,4,0,0,1,0,0
2026-09-04,HOSP-WB-05,SSKM Hospital & IPGMER,AB+,PRBC,4,0,0,8,7,0
2026-09-04,HOSP-WB-05,SSKM Hospital & IPGMER,AB-,PRBC,4,0,0,1,0,0
2026-09-04,HOSP-WB-05,SSKM Hospital & IPGMER,O+,PRBC,4,0,1,34,31,0
2026-09-04,HOSP-WB-05,SSKM Hospital & IPGMER,O-,PRBC,4,0,0,4,3,0
2026-09-05,HOSP-DEL-01,Safdarjung Hospital,A+,PRBC,5,1,0,34,32,0
2026-09-05,HOSP-DEL-01,Safdarjung Hospital,A-,PRBC,5,1,0,5,4,0
2026-09-05,HOSP-DEL-01,Safdarjung Hospital,B+,PRBC,5,1,0,44,40,0
2026-09-05,HOSP-DEL-01,Safdarjung Hospital,B-,PRBC,5,1,0,4,3,0
2026-09-05,HOSP-DEL-01,Safdarjung Hospital,AB+,PRBC,5,1,0,9,8,0
2026-09-05,HOSP-DEL-01,Safdarjung Hospital,AB-,PRBC,5,1,0,1,0,0
2026-09-05,HOSP-DEL-01,Safdarjung Hospital,O+,PRBC,5,1,0,45,44,0
2026-09-05,HOSP-DEL-01,Safdarjung Hospital,O-,PRBC,5,1,0,2,1,1
2026-09-05,HOSP-MAH-02,Lilavati Hospital & Research Centre,A+,PRBC,5,1,0,38,36,0
2026-09-05,HOSP-MAH-02,Lilavati Hospital & Research Centre,A-,PRBC,5,1,0,5,4,0
2026-09-05,HOSP-MAH-02,Lilavati Hospital & Research Centre,B+,PRBC,5,1,0,42,39,0
2026-09-05,HOSP-MAH-02,Lilavati Hospital & Research Centre,B-,PRBC,5,1,0,6,5,0
2026-09-05,HOSP-MAH-02,Lilavati Hospital & Research Centre,AB+,PRBC,5,1,0,22,21,0
2026-09-05,HOSP-MAH-02,Lilavati Hospital & Research Centre,AB-,PRBC,5,1,0,3,2,0
2026-09-05,HOSP-MAH-02,Lilavati Hospital & Research Centre,O+,PRBC,5,1,0,79,69,0
2026-09-05,HOSP-MAH-02,Lilavati Hospital & Research Centre,O-,PRBC,5,1,1,19,17,0
2026-09-05,HOSP-KAR-03,Manipal Hospital Old Airport Road,A+,PRBC,5,1,0,30,26,1
2026-09-05,HOSP-KAR-03,Manipal Hospital Old Airport Road,A-,PRBC,5,1,0,1,0,0
2026-09-05,HOSP-KAR-03,Manipal Hospital Old Airport Road,B+,PRBC,5,1,0,43,41,0
2026-09-05,HOSP-KAR-03,Manipal Hospital Old Airport Road,B-,PRBC,5,1,0,4,3,0
2026-09-05,HOSP-KAR-03,Manipal Hospital Old Airport Road,AB+,PRBC,5,1,0,15,13,0
2026-09-05,HOSP-KAR-03,Manipal Hospital Old Airport Road,AB-,PRBC,5,1,0,2,1,0
2026-09-05,HOSP-KAR-03,Manipal Hospital Old Airport Road,O+,PRBC,5,1,0,59,53,1
2026-09-05,HOSP-KAR-03,Manipal Hospital Old Airport Road,O-,PRBC,5,1,0,1,0,0
2026-09-05,HOSP-TN-04,Apollo Hospitals Greams Road,A+,PRBC,5,1,0,17,16,0
2026-09-05,HOSP-TN-04,Apollo Hospitals Greams Road,A-,PRBC,5,1,0,1,0,0
2026-09-05,HOSP-TN-04,Apollo Hospitals Greams Road,B+,PRBC,5,1,0,56,52,1
2026-09-05,HOSP-TN-04,Apollo Hospitals Greams Road,B-,PRBC,5,1,0,1,0,0
2026-09-05,HOSP-TN-04,Apollo Hospitals Greams Road,AB+,PRBC,5,1,0,8,7,0
2026-09-05,HOSP-TN-04,Apollo Hospitals Greams Road,AB-,PRBC,5,1,0,1,0,0
2026-09-05,HOSP-TN-04,Apollo Hospitals Greams Road,O+,PRBC,5,1,1,54,50,0
2026-09-05,HOSP-TN-04,Apollo Hospitals Greams Road,O-,PRBC,5,1,0,3,2,1
2026-09-05,HOSP-WB-05,SSKM Hospital & IPGMER,A+,PRBC,5,1,0,14,13,1
2026-09-05,HOSP-WB-05,SSKM Hospital & IPGMER,A-,PRBC,5,1,0,1,0,0
2026-09-05,HOSP-WB-05,SSKM Hospital & IPGMER,B+,PRBC,5,1,0,91,81,0
2026-09-05,HOSP-WB-05,SSKM Hospital & IPGMER,B-,PRBC,5,1,0,4,3,0
2026-09-05,HOSP-WB-05,SSKM Hospital & IPGMER,AB+,PRBC,5,1,0,3,2,0
2026-09-05,HOSP-WB-05,SSKM Hospital & IPGMER,AB-,PRBC,5,1,0,2,1,0
2026-09-05,HOSP-WB-05,SSKM Hospital & IPGMER,O+,PRBC,5,1,0,68,58,0
2026-09-05,HOSP-WB-05,SSKM Hospital & IPGMER,O-,PRBC,5,1,0,1,0,0
2026-09-06,HOSP-DEL-01,Safdarjung Hospital,A+,PRBC,6,1,0,22,21,1
2026-09-06,HOSP-DEL-01,Safdarjung Hospital,A-,PRBC,6,1,0,1,0,1
2026-09-06,HOSP-DEL-01,Safdarjung Hospital,B+,PRBC,6,1,0,26,25,0
2026-09-06,HOSP-DEL-01,Safdarjung Hospital,B-,PRBC,6,1,1,13,12,0
2026-09-06,HOSP-DEL-01,Safdarjung Hospital,AB+,PRBC,6,1,0,7,5,0
2026-09-06,HOSP-DEL-01,Safdarjung Hospital,AB-,PRBC,6,1,0,4,3,1
2026-09-06,HOSP-DEL-01,Safdarjung Hospital,O+,PRBC,6,1,0,67,60,0
2026-09-06,HOSP-DEL-01,Safdarjung Hospital,O-,PRBC,6,1,1,12,10,1
2026-09-06,HOSP-MAH-02,Lilavati Hospital & Research Centre,A+,PRBC,6,1,0,62,60,0
2026-09-06,HOSP-MAH-02,Lilavati Hospital & Research Centre,A-,PRBC,6,1,0,1,0,0
2026-09-06,HOSP-MAH-02,Lilavati Hospital & Research Centre,B+,PRBC,6,1,0,84,75,0
2026-09-06,HOSP-MAH-02,Lilavati Hospital & Research Centre,B-,PRBC,6,1,0,2,1,0
2026-09-06,HOSP-MAH-02,Lilavati Hospital & Research Centre,AB+,PRBC,6,1,0,18,17,1
2026-09-06,HOSP-MAH-02,Lilavati Hospital & Research Centre,AB-,PRBC,6,1,0,3,2,0
2026-09-06,HOSP-MAH-02,Lilavati Hospital & Research Centre,O+,PRBC,6,1,1,52,48,0
2026-09-06,HOSP-MAH-02,Lilavati Hospital & Research Centre,O-,PRBC,6,1,0,6,5,0
2026-09-06,HOSP-KAR-03,Manipal Hospital Old Airport Road,A+,PRBC,6,1,0,26,23,0
2026-09-06,HOSP-KAR-03,Manipal Hospital Old Airport Road,A-,PRBC,6,1,0,4,3,0
2026-09-06,HOSP-KAR-03,Manipal Hospital Old Airport Road,B+,PRBC,6,1,0,87,78,0
2026-09-06,HOSP-KAR-03,Manipal Hospital Old Airport Road,B-,PRBC,6,1,0,3,2,0
2026-09-06,HOSP-KAR-03,Manipal Hospital Old Airport Road,AB+,PRBC,6,1,0,10,9,0
2026-09-06,HOSP-KAR-03,Manipal Hospital Old Airport Road,AB-,PRBC,6,1,1,8,7,0
2026-09-06,HOSP-KAR-03,Manipal Hospital Old Airport Road,O+,PRBC,6,1,0,105,93,0
2026-09-06,HOSP-KAR-03,Manipal Hospital Old Airport Road,O-,PRBC,6,1,0,9,8,0
2026-09-06,HOSP-TN-04,Apollo Hospitals Greams Road,A+,PRBC,6,1,0,35,33,0
2026-09-06,HOSP-TN-04,Apollo Hospitals Greams Road,A-,PRBC,6,1,0,1,0,0
2026-09-06,HOSP-TN-04,Apollo Hospitals Greams Road,B+,PRBC,6,1,0,44,41,0
2026-09-06,HOSP-TN-04,Apollo Hospitals Greams Road,B-,PRBC,6,1,0,5,4,0
2026-09-06,HOSP-TN-04,Apollo Hospitals Greams Road,AB+,PRBC,6,1,0,19,17,0
2026-09-06,HOSP-TN-04,Apollo Hospitals Greams Road,AB-,PRBC,6,1,0,2,1,0
2026-09-06,HOSP-TN-04,Apollo Hospitals Greams Road,O+,PRBC,6,1,0,80,75,0
2026-09-06,HOSP-TN-04,Apollo Hospitals Greams Road,O-,PRBC,6,1,0,6,5,0
2026-09-06,HOSP-WB-05,SSKM Hospital & IPGMER,A+,PRBC,6,1,0,39,35,0
2026-09-06,HOSP-WB-05,SSKM Hospital & IPGMER,A-,PRBC,6,1,0,4,3,0
2026-09-06,HOSP-WB-05,SSKM Hospital & IPGMER,B+,PRBC,6,1,0,80,77,0
2026-09-06,HOSP-WB-05,SSKM Hospital & IPGMER,B-,PRBC,6,1,0,1,0,0
2026-09-06,HOSP-WB-05,SSKM Hospital & IPGMER,AB+,PRBC,6,1,0,18,17,0
2026-09-06,HOSP-WB-05,SSKM Hospital & IPGMER,AB-,PRBC,6,1,0,1,0,0
2026-09-06,HOSP-WB-05,SSKM Hospital & IPGMER,O+,PRBC,6,1,0,85,84,0
2026-09-06,HOSP-WB-05,SSKM Hospital & IPGMER,O-,PRBC,6,1,0,10,9,0
2026-09-07,HOSP-DEL-01,Safdarjung Hospital,A+,PRBC,0,0,0,42,36,0
2026-09-07,HOSP-DEL-01,Safdarjung Hospital,A-,PRBC,0,0,0,4,3,0
2026-09-07,HOSP-DEL-01,Safdarjung Hospital,B+,PRBC,0,0,1,54,48,0
2026-09-07,HOSP-DEL-01,Safdarjung Hospital,B-,PRBC,0,0,0,3,2,0
2026-09-07,HOSP-DEL-01,Safdarjung Hospital,AB+,PRBC,0,0,0,8,7,0
2026-09-07,HOSP-DEL-01,Safdarjung Hospital,AB-,PRBC,0,0,0,1,0,0
2026-09-07,HOSP-DEL-01,Safdarjung Hospital,O+,PRBC,0,0,0,39,33,0
2026-09-07,HOSP-DEL-01,Safdarjung Hospital,O-,PRBC,0,0,0,6,5,1
2026-09-07,HOSP-MAH-02,Lilavati Hospital & Research Centre,A+,PRBC,0,0,0,26,23,0
2026-09-07,HOSP-MAH-02,Lilavati Hospital & Research Centre,A-,PRBC,0,0,0,1,0,0
2026-09-07,HOSP-MAH-02,Lilavati Hospital & Research Centre,B+,PRBC,0,0,0,26,23,0
2026-09-07,HOSP-MAH-02,Lilavati Hospital & Research Centre,B-,PRBC,0,0,0,4,3,0
2026-09-07,HOSP-MAH-02,Lilavati Hospital & Research Centre,AB+,PRBC,0,0,0,10,9,0
2026-09-07,HOSP-MAH-02,Lilavati Hospital & Research Centre,AB-,PRBC,0,0,0,2,1,0
2026-09-07,HOSP-MAH-02,Lilavati Hospital & Research Centre,O+,PRBC,0,0,0,69,68,0
2026-09-07,HOSP-MAH-02,Lilavati Hospital & Research Centre,O-,PRBC,0,0,0,3,2,0
2026-09-07,HOSP-KAR-03,Manipal Hospital Old Airport Road,A+,PRBC,0,0,0,17,16,0
2026-09-07,HOSP-KAR-03,Manipal Hospital Old Airport Road,A-,PRBC,0,0,0,5,4,1
2026-09-07,HOSP-KAR-03,Manipal Hospital Old Airport Road,B+,PRBC,0,0,0,15,13,0
2026-09-07,HOSP-KAR-03,Manipal Hospital Old Airport Road,B-,PRBC,0,0,0,3,2,1
2026-09-07,HOSP-KAR-03,Manipal Hospital Old Airport Road,AB+,PRBC,0,0,0,20,17,0
2026-09-07,HOSP-KAR-03,Manipal Hospital Old Airport Road,AB-,PRBC,0,0,0,1,0,0
2026-09-07,HOSP-KAR-03,Manipal Hospital Old Airport Road,O+,PRBC,0,0,0,86,79,0
2026-09-07,HOSP-KAR-03,Manipal Hospital Old Airport Road,O-,PRBC,0,0,0,9,8,0
2026-09-07,HOSP-TN-04,Apollo Hospitals Greams Road,A+,PRBC,0,0,0,28,27,0
2026-09-07,HOSP-TN-04,Apollo Hospitals Greams Road,A-,PRBC,0,0,0,5,4,0
2026-09-07,HOSP-TN-04,Apollo Hospitals Greams Road,B+,PRBC,0,0,0,62,54,0
2026-09-07,HOSP-TN-04,Apollo Hospitals Greams Road,B-,PRBC,0,0,0,3,2,0
2026-09-07,HOSP-TN-04,Apollo Hospitals Greams Road,AB+,PRBC,0,0,0,21,19,0
2026-09-07,HOSP-TN-04,Apollo Hospitals Greams Road,AB-,PRBC,0,0,1,8,7,0
2026-09-07,HOSP-TN-04,Apollo Hospitals Greams Road,O+,PRBC,0,0,0,70,61,2
2026-09-07,HOSP-TN-04,Apollo Hospitals Greams Road,O-,PRBC,0,0,0,5,4,0
2026-09-07,HOSP-WB-05,SSKM Hospital & IPGMER,A+,PRBC,0,0,0,32,28,0
2026-09-07,HOSP-WB-05,SSKM Hospital & IPGMER,A-,PRBC,0,0,0,6,5,0
2026-09-07,HOSP-WB-05,SSKM Hospital & IPGMER,B+,PRBC,0,0,0,46,44,0
2026-09-07,HOSP-WB-05,SSKM Hospital & IPGMER,B-,PRBC,0,0,0,6,5,0
2026-09-07,HOSP-WB-05,SSKM Hospital & IPGMER,AB+,PRBC,0,0,0,15,12,0
2026-09-07,HOSP-WB-05,SSKM Hospital & IPGMER,AB-,PRBC,0,0,0,1,0,1
2026-09-07,HOSP-WB-05,SSKM Hospital & IPGMER,O+,PRBC,0,0,0,30,25,0
2026-09-07,HOSP-WB-05,SSKM Hospital & IPGMER,O-,PRBC,0,0,0,2,1,1
2026-09-08,HOSP-DEL-01,Safdarjung Hospital,A+,PRBC,1,0,0,28,25,0
2026-09-08,HOSP-DEL-01,Safdarjung Hospital,A-,PRBC,1,0,1,16,13,0
2026-09-08,HOSP-DEL-01,Safdarjung Hospital,B+,PRBC,1,0,0,65,63,0
2026-09-08,HOSP-DEL-01,Safdarjung Hospital,B-,PRBC,1,0,0,5,4,0
2026-09-08,HOSP-DEL-01,Safdarjung Hospital,AB+,PRBC,1,0,0,8,7,0
2026-09-08,HOSP-DEL-01,Safdarjung Hospital,AB-,PRBC,1,0,0,2,1,0
2026-09-08,HOSP-DEL-01,Safdarjung Hospital,O+,PRBC,1,0,0,57,54,0
2026-09-08,HOSP-DEL-01,Safdarjung Hospital,O-,PRBC,1,0,0,3,2,0
2026-09-08,HOSP-MAH-02,Lilavati Hospital & Research Centre,A+,PRBC,1,0,0,25,21,0
2026-09-08,HOSP-MAH-02,Lilavati Hospital & Research Centre,A-,PRBC,1,0,0,1,0,2
2026-09-08,HOSP-MAH-02,Lilavati Hospital & Research Centre,B+,PRBC,1,0,0,28,26,0
2026-09-08,HOSP-MAH-02,Lilavati Hospital & Research Centre,B-,PRBC,1,0,0,3,2,0
2026-09-08,HOSP-MAH-02,Lilavati Hospital & Research Centre,AB+,PRBC,1,0,0,11,10,0
2026-09-08,HOSP-MAH-02,Lilavati Hospital & Research Centre,AB-,PRBC,1,0,0,1,0,0
2026-09-08,HOSP-MAH-02,Lilavati Hospital & Research Centre,O+,PRBC,1,0,0,80,70,0
2026-09-08,HOSP-MAH-02,Lilavati Hospital & Research Centre,O-,PRBC,1,0,0,7,6,0
2026-09-08,HOSP-KAR-03,Manipal Hospital Old Airport Road,A+,PRBC,1,0,0,29,26,2
2026-09-08,HOSP-KAR-03,Manipal Hospital Old Airport Road,A-,PRBC,1,0,0,1,0,0
2026-09-08,HOSP-KAR-03,Manipal Hospital Old Airport Road,B+,PRBC,1,0,0,74,72,0
2026-09-08,HOSP-KAR-03,Manipal Hospital Old Airport Road,B-,PRBC,1,0,0,7,6,0
2026-09-08,HOSP-KAR-03,Manipal Hospital Old Airport Road,AB+,PRBC,1,0,0,19,17,1
2026-09-08,HOSP-KAR-03,Manipal Hospital Old Airport Road,AB-,PRBC,1,0,0,1,0,0
2026-09-08,HOSP-KAR-03,Manipal Hospital Old Airport Road,O+,PRBC,1,0,0,37,32,1
2026-09-08,HOSP-KAR-03,Manipal Hospital Old Airport Road,O-,PRBC,1,0,0,6,5,2
2026-09-08,HOSP-TN-04,Apollo Hospitals Greams Road,A+,PRBC,1,0,0,25,24,0
2026-09-08,HOSP-TN-04,Apollo Hospitals Greams Road,A-,PRBC,1,0,1,14,12,0
2026-09-08,HOSP-TN-04,Apollo Hospitals Greams Road,B+,PRBC,1,0,0,25,22,0
2026-09-08,HOSP-TN-04,Apollo Hospitals Greams Road,B-,PRBC,1,0,0,6,5,1
2026-09-08,HOSP-TN-04,Apollo Hospitals Greams Road,AB+,PRBC,1,0,0,15,13,0
2026-09-08,HOSP-TN-04,Apollo Hospitals Greams Road,AB-,PRBC,1,0,0,1,0,0
2026-09-08,HOSP-TN-04,Apollo Hospitals Greams Road,O+,PRBC,1,0,0,68,57,0
2026-09-08,HOSP-TN-04,Apollo Hospitals Greams Road,O-,PRBC,1,0,0,6,5,1
2026-09-08,HOSP-WB-05,SSKM Hospital & IPGMER,A+,PRBC,1,0,0,16,14,0
2026-09-08,HOSP-WB-05,SSKM Hospital & IPGMER,A-,PRBC,1,0,0,3,2,0
2026-09-08,HOSP-WB-05,SSKM Hospital & IPGMER,B+,PRBC,1,0,0,47,44,0
2026-09-08,HOSP-WB-05,SSKM Hospital & IPGMER,B-,PRBC,1,0,0,3,2,0
2026-09-08,HOSP-WB-05,SSKM Hospital & IPGMER,AB+,PRBC,1,0,0,20,18,0
2026-09-08,HOSP-WB-05,SSKM Hospital & IPGMER,AB-,PRBC,1,0,0,1,0,0
2026-09-08,HOSP-WB-05,SSKM Hospital & IPGMER,O+,PRBC,1,0,0,40,35,0
2026-09-08,HOSP-WB-05,SSKM Hospital & IPGMER,O-,PRBC,1,0,0,4,3,0
2026-09-09,HOSP-DEL-01,Safdarjung Hospital,A+,PRBC,2,0,0,38,37,0
2026-09-09,HOSP-DEL-01,Safdarjung Hospital,A-,PRBC,2,0,0,4,3,0
2026-09-09,HOSP-DEL-01,Safdarjung Hospital,B+,PRBC,2,0,1,64,55,1
2026-09-09,HOSP-DEL-01,Safdarjung Hospital,B-,PRBC,2,0,1,11,9,0
2026-09-09,HOSP-DEL-01,Safdarjung Hospital,AB+,PRBC,2,0,0,18,17,0
2026-09-09,HOSP-DEL-01,Safdarjung Hospital,AB-,PRBC,2,0,0,1,0,0
2026-09-09,HOSP-DEL-01,Safdarjung Hospital,O+,PRBC,2,0,1,32,27,1
2026-09-09,HOSP-DEL-01,Safdarjung Hospital,O-,PRBC,2,0,0,6,5,0
2026-09-09,HOSP-MAH-02,Lilavati Hospital & Research Centre,A+,PRBC,2,0,0,13,12,1
2026-09-09,HOSP-MAH-02,Lilavati Hospital & Research Centre,A-,PRBC,2,0,0,1,0,1
2026-09-09,HOSP-MAH-02,Lilavati Hospital & Research Centre,B+,PRBC,2,0,0,39,35,0
2026-09-09,HOSP-MAH-02,Lilavati Hospital & Research Centre,B-,PRBC,2,0,0,1,0,0
2026-09-09,HOSP-MAH-02,Lilavati Hospital & Research Centre,AB+,PRBC,2,0,0,3,2,0
2026-09-09,HOSP-MAH-02,Lilavati Hospital & Research Centre,AB-,PRBC,2,0,0,1,0,0
2026-09-09,HOSP-MAH-02,Lilavati Hospital & Research Centre,O+,PRBC,2,0,0,57,56,0
2026-09-09,HOSP-MAH-02,Lilavati Hospital & Research Centre,O-,PRBC,2,0,0,7,6,1
2026-09-09,HOSP-KAR-03,Manipal Hospital Old Airport Road,A+,PRBC,2,0,0,28,25,0
2026-09-09,HOSP-KAR-03,Manipal Hospital Old Airport Road,A-,PRBC,2,0,0,4,3,1
2026-09-09,HOSP-KAR-03,Manipal Hospital Old Airport Road,B+,PRBC,2,0,0,54,51,1
2026-09-09,HOSP-KAR-03,Manipal Hospital Old Airport Road,B-,PRBC,2,0,0,2,1,0
2026-09-09,HOSP-KAR-03,Manipal Hospital Old Airport Road,AB+,PRBC,2,0,0,15,14,0
2026-09-09,HOSP-KAR-03,Manipal Hospital Old Airport Road,AB-,PRBC,2,0,0,2,1,0
2026-09-09,HOSP-KAR-03,Manipal Hospital Old Airport Road,O+,PRBC,2,0,0,32,31,0
2026-09-09,HOSP-KAR-03,Manipal Hospital Old Airport Road,O-,PRBC,2,0,0,8,7,0
2026-09-09,HOSP-TN-04,Apollo Hospitals Greams Road,A+,PRBC,2,0,0,38,33,1
2026-09-09,HOSP-TN-04,Apollo Hospitals Greams Road,A-,PRBC,2,0,0,1,0,0
2026-09-09,HOSP-TN-04,Apollo Hospitals Greams Road,B+,PRBC,2,0,0,54,50,0
2026-09-09,HOSP-TN-04,Apollo Hospitals Greams Road,B-,PRBC,2,0,0,6,5,0
2026-09-09,HOSP-TN-04,Apollo Hospitals Greams Road,AB+,PRBC,2,0,0,12,11,2
2026-09-09,HOSP-TN-04,Apollo Hospitals Greams Road,AB-,PRBC,2,0,0,3,2,0
2026-09-09,HOSP-TN-04,Apollo Hospitals Greams Road,O+,PRBC,2,0,0,77,72,0
2026-09-09,HOSP-TN-04,Apollo Hospitals Greams Road,O-,PRBC,2,0,1,11,10,0
2026-09-09,HOSP-WB-05,SSKM Hospital & IPGMER,A+,PRBC,2,0,0,35,33,0
2026-09-09,HOSP-WB-05,SSKM Hospital & IPGMER,A-,PRBC,2,0,0,1,0,0
2026-09-09,HOSP-WB-05,SSKM Hospital & IPGMER,B+,PRBC,2,0,0,67,59,1
2026-09-09,HOSP-WB-05,SSKM Hospital & IPGMER,B-,PRBC,2,0,0,3,2,0
2026-09-09,HOSP-WB-05,SSKM Hospital & IPGMER,AB+,PRBC,2,0,0,7,6,0
2026-09-09,HOSP-WB-05,SSKM Hospital & IPGMER,AB-,PRBC,2,0,0,1,0,0
2026-09-09,HOSP-WB-05,SSKM Hospital & IPGMER,O+,PRBC,2,0,0,88,86,0
2026-09-09,HOSP-WB-05,SSKM Hospital & IPGMER,O-,PRBC,2,0,0,1,0,0
2026-09-10,HOSP-DEL-01,Safdarjung Hospital,A+,PRBC,3,0,0,23,22,0
2026-09-10,HOSP-DEL-01,Safdarjung Hospital,A-,PRBC,3,0,0,1,0,0
2026-09-10,HOSP-DEL-01,Safdarjung Hospital,B+,PRBC,3,0,0,59,54,1
2026-09-10,HOSP-DEL-01,Safdarjung Hospital,B-,PRBC,3,0,0,1,0,0
2026-09-10,HOSP-DEL-01,Safdarjung Hospital,AB+,PRBC,3,0,0,11,9,2
2026-09-10,HOSP-DEL-01,Safdarjung Hospital,AB-,PRBC,3,0,0,2,1,0
2026-09-10,HOSP-DEL-01,Safdarjung Hospital,O+,PRBC,3,0,0,78,68,0
2026-09-10,HOSP-DEL-01,Safdarjung Hospital,O-,PRBC,3,0,0,5,4,0
2026-09-10,HOSP-MAH-02,Lilavati Hospital & Research Centre,A+,PRBC,3,0,0,38,36,0
2026-09-10,HOSP-MAH-02,Lilavati Hospital & Research Centre,A-,PRBC,3,0,1,19,17,0
2026-09-10,HOSP-MAH-02,Lilavati Hospital & Research Centre,B+,PRBC,3,0,0,48,43,0
2026-09-10,HOSP-MAH-02,Lilavati Hospital & Research Centre,B-,PRBC,3,0,0,5,4,0
2026-09-10,HOSP-MAH-02,Lilavati Hospital & Research Centre,AB+,PRBC,3,0,0,6,5,0
2026-09-10,HOSP-MAH-02,Lilavati Hospital & Research Centre,AB-,PRBC,3,0,0,1,0,0
2026-09-10,HOSP-MAH-02,Lilavati Hospital & Research Centre,O+,PRBC,3,0,0,38,35,1
2026-09-10,HOSP-MAH-02,Lilavati Hospital & Research Centre,O-,PRBC,3,0,0,1,0,0
2026-09-10,HOSP-KAR-03,Manipal Hospital Old Airport Road,A+,PRBC,3,0,0,36,34,0
2026-09-10,HOSP-KAR-03,Manipal Hospital Old Airport Road,A-,PRBC,3,0,0,1,0,0
2026-09-10,HOSP-KAR-03,Manipal Hospital Old Airport Road,B+,PRBC,3,0,0,46,42,1
2026-09-10,HOSP-KAR-03,Manipal Hospital Old Airport Road,B-,PRBC,3,0,0,3,2,0
2026-09-10,HOSP-KAR-03,Manipal Hospital Old Airport Road,AB+,PRBC,3,0,0,3,2,0
2026-09-10,HOSP-KAR-03,Manipal Hospital Old Airport Road,AB-,PRBC,3,0,0,2,1,0
2026-09-10,HOSP-KAR-03,Manipal Hospital Old Airport Road,O+,PRBC,3,0,0,63,62,0
2026-09-10,HOSP-KAR-03,Manipal Hospital Old Airport Road,O-,PRBC,3,0,0,1,0,0
2026-09-10,HOSP-TN-04,Apollo Hospitals Greams Road,A+,PRBC,3,0,1,53,51,0
2026-09-10,HOSP-TN-04,Apollo Hospitals Greams Road,A-,PRBC,3,0,0,3,2,0
2026-09-10,HOSP-TN-04,Apollo Hospitals Greams Road,B+,PRBC,3,0,1,46,42,0
2026-09-10,HOSP-TN-04,Apollo Hospitals Greams Road,B-,PRBC,3,0,0,5,4,0
2026-09-10,HOSP-TN-04,Apollo Hospitals Greams Road,AB+,PRBC,3,0,1,18,17,0
2026-09-10,HOSP-TN-04,Apollo Hospitals Greams Road,AB-,PRBC,3,0,0,1,0,0
2026-09-10,HOSP-TN-04,Apollo Hospitals Greams Road,O+,PRBC,3,0,0,18,16,0
2026-09-10,HOSP-TN-04,Apollo Hospitals Greams Road,O-,PRBC,3,0,0,3,2,0
2026-09-10,HOSP-WB-05,SSKM Hospital & IPGMER,A+,PRBC,3,0,0,47,45,0
2026-09-10,HOSP-WB-05,SSKM Hospital & IPGMER,A-,PRBC,3,0,0,1,0,0
2026-09-10,HOSP-WB-05,SSKM Hospital & IPGMER,B+,PRBC,3,0,0,34,33,2
2026-09-10,HOSP-WB-05,SSKM Hospital & IPGMER,B-,PRBC,3,0,0,7,6,0
2026-09-10,HOSP-WB-05,SSKM Hospital & IPGMER,AB+,PRBC,3,0,0,14,13,2
2026-09-10,HOSP-WB-05,SSKM Hospital & IPGMER,AB-,PRBC,3,0,0,1,0,0
2026-09-10,HOSP-WB-05,SSKM Hospital & IPGMER,O+,PRBC,3,0,0,77,72,0
2026-09-10,HOSP-WB-05,SSKM Hospital & IPGMER,O-,PRBC,3,0,0,8,6,0
2026-09-11,HOSP-DEL-01,Safdarjung Hospital,A+,PRBC,4,0,0,48,43,0
2026-09-11,HOSP-DEL-01,Safdarjung Hospital,A-,PRBC,4,0,0,2,1,0
2026-09-11,HOSP-DEL-01,Safdarjung Hospital,B+,PRBC,4,0,0,70,69,0
2026-09-11,HOSP-DEL-01,Safdarjung Hospital,B-,PRBC,4,0,0,3,2,0
2026-09-11,HOSP-DEL-01,Safdarjung Hospital,AB+,PRBC,4,0,0,5,4,0
2026-09-11,HOSP-DEL-01,Safdarjung Hospital,AB-,PRBC,4,0,0,3,2,0
2026-09-11,HOSP-DEL-01,Safdarjung Hospital,O+,PRBC,4,0,0,54,46,0
2026-09-11,HOSP-DEL-01,Safdarjung Hospital,O-,PRBC,4,0,0,1,0,0
2026-09-11,HOSP-MAH-02,Lilavati Hospital & Research Centre,A+,PRBC,4,0,0,39,33,1
2026-09-11,HOSP-MAH-02,Lilavati Hospital & Research Centre,A-,PRBC,4,0,0,4,3,0
2026-09-11,HOSP-MAH-02,Lilavati Hospital & Research Centre,B+,PRBC,4,0,0,73,65,0
2026-09-11,HOSP-MAH-02,Lilavati Hospital & Research Centre,B-,PRBC,4,0,0,2,1,0
2026-09-11,HOSP-MAH-02,Lilavati Hospital & Research Centre,AB+,PRBC,4,0,0,15,14,1
2026-09-11,HOSP-MAH-02,Lilavati Hospital & Research Centre,AB-,PRBC,4,0,0,1,0,0
2026-09-11,HOSP-MAH-02,Lilavati Hospital & Research Centre,O+,PRBC,4,0,0,52,48,0
2026-09-11,HOSP-MAH-02,Lilavati Hospital & Research Centre,O-,PRBC,4,0,0,8,7,0
2026-09-11,HOSP-KAR-03,Manipal Hospital Old Airport Road,A+,PRBC,4,0,0,20,19,0
2026-09-11,HOSP-KAR-03,Manipal Hospital Old Airport Road,A-,PRBC,4,0,0,1,0,0
2026-09-11,HOSP-KAR-03,Manipal Hospital Old Airport Road,B+,PRBC,4,0,0,64,61,0
2026-09-11,HOSP-KAR-03,Manipal Hospital Old Airport Road,B-,PRBC,4,0,1,9,7,0
2026-09-11,HOSP-KAR-03,Manipal Hospital Old Airport Road,AB+,PRBC,4,0,0,15,14,0
2026-09-11,HOSP-KAR-03,Manipal Hospital Old Airport Road,AB-,PRBC,4,0,0,3,2,0
2026-09-11,HOSP-KAR-03,Manipal Hospital Old Airport Road,O+,PRBC,4,0,0,69,61,0
2026-09-11,HOSP-KAR-03,Manipal Hospital Old Airport Road,O-,PRBC,4,0,0,9,7,0
2026-09-11,HOSP-TN-04,Apollo Hospitals Greams Road,A+,PRBC,4,0,0,39,34,0
2026-09-11,HOSP-TN-04,Apollo Hospitals Greams Road,A-,PRBC,4,0,0,2,1,0
2026-09-11,HOSP-TN-04,Apollo Hospitals Greams Road,B+,PRBC,4,0,0,61,55,0
2026-09-11,HOSP-TN-04,Apollo Hospitals Greams Road,B-,PRBC,4,0,0,5,4,0
2026-09-11,HOSP-TN-04,Apollo Hospitals Greams Road,AB+,PRBC,4,0,0,6,5,0
2026-09-11,HOSP-TN-04,Apollo Hospitals Greams Road,AB-,PRBC,4,0,0,1,0,0
2026-09-11,HOSP-TN-04,Apollo Hospitals Greams Road,O+,PRBC,4,0,0,33,28,0
2026-09-11,HOSP-TN-04,Apollo Hospitals Greams Road,O-,PRBC,4,0,0,7,6,0
2026-09-11,HOSP-WB-05,SSKM Hospital & IPGMER,A+,PRBC,4,0,0,27,23,0
2026-09-11,HOSP-WB-05,SSKM Hospital & IPGMER,A-,PRBC,4,0,0,1,0,0
2026-09-11,HOSP-WB-05,SSKM Hospital & IPGMER,B+,PRBC,4,0,0,67,61,1
2026-09-11,HOSP-WB-05,SSKM Hospital & IPGMER,B-,PRBC,4,0,0,2,1,0
2026-09-11,HOSP-WB-05,SSKM Hospital & IPGMER,AB+,PRBC,4,0,0,15,14,0
2026-09-11,HOSP-WB-05,SSKM Hospital & IPGMER,AB-,PRBC,4,0,0,1,0,0
2026-09-11,HOSP-WB-05,SSKM Hospital & IPGMER,O+,PRBC,4,0,0,30,26,0
2026-09-11,HOSP-WB-05,SSKM Hospital & IPGMER,O-,PRBC,4,0,0,1,0,2
2026-09-12,HOSP-DEL-01,Safdarjung Hospital,A+,PRBC,5,1,0,38,34,0
2026-09-12,HOSP-DEL-01,Safdarjung Hospital,A-,PRBC,5,1,0,1,0,0
2026-09-12,HOSP-DEL-01,Safdarjung Hospital,B+,PRBC,5,1,0,30,29,0
2026-09-12,HOSP-DEL-01,Safdarjung Hospital,B-,PRBC,5,1,0,4,3,0
2026-09-12,HOSP-DEL-01,Safdarjung Hospital,AB+,PRBC,5,1,0,11,10,0
2026-09-12,HOSP-DEL-01,Safdarjung Hospital,AB-,PRBC,5,1,0,3,2,0
2026-09-12,HOSP-DEL-01,Safdarjung Hospital,O+,PRBC,5,1,0,43,39,2
2026-09-12,HOSP-DEL-01,Safdarjung Hospital,O-,PRBC,5,1,0,5,4,0
2026-09-12,HOSP-MAH-02,Lilavati Hospital & Research Centre,A+,PRBC,5,1,1,43,36,0
2026-09-12,HOSP-MAH-02,Lilavati Hospital & Research Centre,A-,PRBC,5,1,0,1,0,0
2026-09-12,HOSP-MAH-02,Lilavati Hospital & Research Centre,B+,PRBC,5,1,0,44,42,0
2026-09-12,HOSP-MAH-02,Lilavati Hospital & Research Centre,B-,PRBC,5,1,0,2,1,0
2026-09-12,HOSP-MAH-02,Lilavati Hospital & Research Centre,AB+,PRBC,5,1,0,25,23,0
2026-09-12,HOSP-MAH-02,Lilavati Hospital & Research Centre,AB-,PRBC,5,1,0,1,0,1
2026-09-12,HOSP-MAH-02,Lilavati Hospital & Research Centre,O+,PRBC,5,1,0,104,93,0
2026-09-12,HOSP-MAH-02,Lilavati Hospital & Research Centre,O-,PRBC,5,1,1,21,18,0
2026-09-12,HOSP-KAR-03,Manipal Hospital Old Airport Road,A+,PRBC,5,1,0,17,14,0
2026-09-12,HOSP-KAR-03,Manipal Hospital Old Airport Road,A-,PRBC,5,1,0,1,0,0
2026-09-12,HOSP-KAR-03,Manipal Hospital Old Airport Road,B+,PRBC,5,1,0,75,66,0
2026-09-12,HOSP-KAR-03,Manipal Hospital Old Airport Road,B-,PRBC,5,1,1,15,13,0
2026-09-12,HOSP-KAR-03,Manipal Hospital Old Airport Road,AB+,PRBC,5,1,0,13,12,0
2026-09-12,HOSP-KAR-03,Manipal Hospital Old Airport Road,AB-,PRBC,5,1,0,1,0,0
2026-09-12,HOSP-KAR-03,Manipal Hospital Old Airport Road,O+,PRBC,5,1,0,60,53,1
2026-09-12,HOSP-KAR-03,Manipal Hospital Old Airport Road,O-,PRBC,5,1,0,10,8,0
2026-09-12,HOSP-TN-04,Apollo Hospitals Greams Road,A+,PRBC,5,1,0,39,34,0
2026-09-12,HOSP-TN-04,Apollo Hospitals Greams Road,A-,PRBC,5,1,0,1,0,0
2026-09-12,HOSP-TN-04,Apollo Hospitals Greams Road,B+,PRBC,5,1,1,55,51,0
2026-09-12,HOSP-TN-04,Apollo Hospitals Greams Road,B-,PRBC,5,1,0,7,6,0
2026-09-12,HOSP-TN-04,Apollo Hospitals Greams Road,AB+,PRBC,5,1,0,14,12,0
2026-09-12,HOSP-TN-04,Apollo Hospitals Greams Road,AB-,PRBC,5,1,0,1,0,0
2026-09-12,HOSP-TN-04,Apollo Hospitals Greams Road,O+,PRBC,5,1,0,53,45,1
2026-09-12,HOSP-TN-04,Apollo Hospitals Greams Road,O-,PRBC,5,1,0,2,1,0
2026-09-12,HOSP-WB-05,SSKM Hospital & IPGMER,A+,PRBC,5,1,0,49,44,0
2026-09-12,HOSP-WB-05,SSKM Hospital & IPGMER,A-,PRBC,5,1,0,3,2,1
2026-09-12,HOSP-WB-05,SSKM Hospital & IPGMER,B+,PRBC,5,1,0,69,66,0
2026-09-12,HOSP-WB-05,SSKM Hospital & IPGMER,B-,PRBC,5,1,0,5,4,0
2026-09-12,HOSP-WB-05,SSKM Hospital & IPGMER,AB+,PRBC,5,1,0,15,12,1
2026-09-12,HOSP-WB-05,SSKM Hospital & IPGMER,AB-,PRBC,5,1,0,1,0,0
2026-09-12,HOSP-WB-05,SSKM Hospital & IPGMER,O+,PRBC,5,1,0,47,46,0
2026-09-12,HOSP-WB-05,SSKM Hospital & IPGMER,O-,PRBC,5,1,0,2,1,0
2026-09-13,HOSP-DEL-01,Safdarjung Hospital,A+,PRBC,6,1,0,39,36,0
2026-09-13,HOSP-DEL-01,Safdarjung Hospital,A-,PRBC,6,1,0,1,0,0
2026-09-13,HOSP-DEL-01,Safdarjung Hospital,B+,PRBC,6,1,0,93,92,0
2026-09-13,HOSP-DEL-01,Safdarjung Hospital,B-,PRBC,6,1,0,1,0,0
2026-09-13,HOSP-DEL-01,Safdarjung Hospital,AB+,PRBC,6,1,0,23,22,0
2026-09-13,HOSP-DEL-01,Safdarjung Hospital,AB-,PRBC,6,1,0,1,0,0
2026-09-13,HOSP-DEL-01,Safdarjung Hospital,O+,PRBC,6,1,0,55,54,0
2026-09-13,HOSP-DEL-01,Safdarjung Hospital,O-,PRBC,6,1,0,8,7,0
2026-09-13,HOSP-MAH-02,Lilavati Hospital & Research Centre,A+,PRBC,6,1,0,35,31,1
2026-09-13,HOSP-MAH-02,Lilavati Hospital & Research Centre,A-,PRBC,6,1,0,1,0,0
2026-09-13,HOSP-MAH-02,Lilavati Hospital & Research Centre,B+,PRBC,6,1,0,93,90,0
2026-09-13,HOSP-MAH-02,Lilavati Hospital & Research Centre,B-,PRBC,6,1,0,4,3,0
2026-09-13,HOSP-MAH-02,Lilavati Hospital & Research Centre,AB+,PRBC,6,1,0,14,12,0
2026-09-13,HOSP-MAH-02,Lilavati Hospital & Research Centre,AB-,PRBC,6,1,0,2,1,0
2026-09-13,HOSP-MAH-02,Lilavati Hospital & Research Centre,O+,PRBC,6,1,1,118,106,0
2026-09-13,HOSP-MAH-02,Lilavati Hospital & Research Centre,O-,PRBC,6,1,0,4,3,0
2026-09-13,HOSP-KAR-03,Manipal Hospital Old Airport Road,A+,PRBC,6,1,0,44,42,0
2026-09-13,HOSP-KAR-03,Manipal Hospital Old Airport Road,A-,PRBC,6,1,0,3,2,2
2026-09-13,HOSP-KAR-03,Manipal Hospital Old Airport Road,B+,PRBC,6,1,0,35,33,0
2026-09-13,HOSP-KAR-03,Manipal Hospital Old Airport Road,B-,PRBC,6,1,0,4,3,0
2026-09-13,HOSP-KAR-03,Manipal Hospital Old Airport Road,AB+,PRBC,6,1,0,25,23,0
2026-09-13,HOSP-KAR-03,Manipal Hospital Old Airport Road,AB-,PRBC,6,1,1,10,8,0
2026-09-13,HOSP-KAR-03,Manipal Hospital Old Airport Road,O+,PRBC,6,1,0,49,47,1
2026-09-13,HOSP-KAR-03,Manipal Hospital Old Airport Road,O-,PRBC,6,1,0,5,4,0
2026-09-13,HOSP-TN-04,Apollo Hospitals Greams Road,A+,PRBC,6,1,0,58,50,0
2026-09-13,HOSP-TN-04,Apollo Hospitals Greams Road,A-,PRBC,6,1,0,2,1,1
2026-09-13,HOSP-TN-04,Apollo Hospitals Greams Road,B+,PRBC,6,1,0,58,57,0
2026-09-13,HOSP-TN-04,Apollo Hospitals Greams Road,B-,PRBC,6,1,0,5,4,0
2026-09-13,HOSP-TN-04,Apollo Hospitals Greams Road,AB+,PRBC,6,1,1,18,17,2
2026-09-13,HOSP-TN-04,Apollo Hospitals Greams Road,AB-,PRBC,6,1,0,1,0,0
2026-09-13,HOSP-TN-04,Apollo Hospitals Greams Road,O+,PRBC,6,1,0,40,39,0
2026-09-13,HOSP-TN-04,Apollo Hospitals Greams Road,O-,PRBC,6,1,1,13,12,0
2026-09-13,HOSP-WB-05,SSKM Hospital & IPGMER,A+,PRBC,6,1,0,25,22,0
2026-09-13,HOSP-WB-05,SSKM Hospital & IPGMER,A-,PRBC,6,1,0,2,1,1
2026-09-13,HOSP-WB-05,SSKM Hospital & IPGMER,B+,PRBC,6,1,0,92,83,0
2026-09-13,HOSP-WB-05,SSKM Hospital & IPGMER,B-,PRBC,6,1,0,1,0,1
2026-09-13,HOSP-WB-05,SSKM Hospital & IPGMER,AB+,PRBC,6,1,0,24,22,0
2026-09-13,HOSP-WB-05,SSKM Hospital & IPGMER,AB-,PRBC,6,1,0,1,0,0
2026-09-13,HOSP-WB-05,SSKM Hospital & IPGMER,O+,PRBC,6,1,0,112,110,0
2026-09-13,HOSP-WB-05,SSKM Hospital & IPGMER,O-,PRBC,6,1,0,1,0,0
2026-09-14,HOSP-DEL-01,Safdarjung Hospital,A+,PRBC,0,0,0,15,13,0
2026-09-14,HOSP-DEL-01,Safdarjung Hospital,A-,PRBC,0,0,0,1,0,2
2026-09-14,HOSP-DEL-01,Safdarjung Hospital,B+,PRBC,0,0,0,38,36,0
2026-09-14,HOSP-DEL-01,Safdarjung Hospital,B-,PRBC,0,0,1,14,13,0
2026-09-14,HOSP-DEL-01,Safdarjung Hospital,AB+,PRBC,0,0,0,16,14,0
2026-09-14,HOSP-DEL-01,Safdarjung Hospital,AB-,PRBC,0,0,0,1,0,0
2026-09-14,HOSP-DEL-01,Safdarjung Hospital,O+,PRBC,0,0,1,62,56,0
2026-09-14,HOSP-DEL-01,Safdarjung Hospital,O-,PRBC,0,0,0,8,7,0
2026-09-14,HOSP-MAH-02,Lilavati Hospital & Research Centre,A+,PRBC,0,0,1,19,16,0
2026-09-14,HOSP-MAH-02,Lilavati Hospital & Research Centre,A-,PRBC,0,0,0,3,2,0
2026-09-14,HOSP-MAH-02,Lilavati Hospital & Research Centre,B+,PRBC,0,0,1,40,35,0
2026-09-14,HOSP-MAH-02,Lilavati Hospital & Research Centre,B-,PRBC,0,0,0,4,3,0
2026-09-14,HOSP-MAH-02,Lilavati Hospital & Research Centre,AB+,PRBC,0,0,0,9,8,0
2026-09-14,HOSP-MAH-02,Lilavati Hospital & Research Centre,AB-,PRBC,0,0,1,16,15,0
2026-09-14,HOSP-MAH-02,Lilavati Hospital & Research Centre,O+,PRBC,0,0,0,72,71,0
2026-09-14,HOSP-MAH-02,Lilavati Hospital & Research Centre,O-,PRBC,0,0,0,6,5,1
2026-09-14,HOSP-KAR-03,Manipal Hospital Old Airport Road,A+,PRBC,0,0,1,27,25,1
2026-09-14,HOSP-KAR-03,Manipal Hospital Old Airport Road,A-,PRBC,0,0,0,1,0,1
2026-09-14,HOSP-KAR-03,Manipal Hospital Old Airport Road,B+,PRBC,0,0,0,53,45,0
2026-09-14,HOSP-KAR-03,Manipal Hospital Old Airport Road,B-,PRBC,0,0,0,6,5,0
2026-09-14,HOSP-KAR-03,Manipal Hospital Old Airport Road,AB+,PRBC,0,0,1,23,21,0
2026-09-14,HOSP-KAR-03,Manipal Hospital Old Airport Road,AB-,PRBC,0,0,0,1,0,0
2026-09-14,HOSP-KAR-03,Manipal Hospital Old Airport Road,O+,PRBC,0,0,0,89,80,0
2026-09-14,HOSP-KAR-03,Manipal Hospital Old Airport Road,O-,PRBC,0,0,0,4,3,0
2026-09-14,HOSP-TN-04,Apollo Hospitals Greams Road,A+,PRBC,0,0,0,13,11,0
2026-09-14,HOSP-TN-04,Apollo Hospitals Greams Road,A-,PRBC,0,0,0,2,1,0
2026-09-14,HOSP-TN-04,Apollo Hospitals Greams Road,B+,PRBC,0,0,0,39,34,2
2026-09-14,HOSP-TN-04,Apollo Hospitals Greams Road,B-,PRBC,0,0,0,5,4,0
2026-09-14,HOSP-TN-04,Apollo Hospitals Greams Road,AB+,PRBC,0,0,0,20,18,1
2026-09-14,HOSP-TN-04,Apollo Hospitals Greams Road,AB-,PRBC,0,0,0,2,1,0
2026-09-14,HOSP-TN-04,Apollo Hospitals Greams Road,O+,PRBC,0,0,0,21,18,0
2026-09-14,HOSP-TN-04,Apollo Hospitals Greams Road,O-,PRBC,0,0,0,5,4,0
2026-09-14,HOSP-WB-05,SSKM Hospital & IPGMER,A+,PRBC,0,0,0,29,27,0
2026-09-14,HOSP-WB-05,SSKM Hospital & IPGMER,A-,PRBC,0,0,1,17,15,1
2026-09-14,HOSP-WB-05,SSKM Hospital & IPGMER,B+,PRBC,0,0,1,72,65,0
2026-09-14,HOSP-WB-05,SSKM Hospital & IPGMER,B-,PRBC,0,0,0,5,4,0
2026-09-14,HOSP-WB-05,SSKM Hospital & IPGMER,AB+,PRBC,0,0,1,21,19,0
2026-09-14,HOSP-WB-05,SSKM Hospital & IPGMER,AB-,PRBC,0,0,1,18,17,0
2026-09-14,HOSP-WB-05,SSKM Hospital & IPGMER,O+,PRBC,0,0,0,73,62,0
2026-09-14,HOSP-WB-05,SSKM Hospital & IPGMER,O-,PRBC,0,0,0,6,5,1
2026-09-15,HOSP-DEL-01,Safdarjung Hospital,A+,PRBC,1,0,0,17,16,0
2026-09-15,HOSP-DEL-01,Safdarjung Hospital,A-,PRBC,1,0,0,1,0,0
2026-09-15,HOSP-DEL-01,Safdarjung Hospital,B+,PRBC,1,0,0,53,48,0
2026-09-15,HOSP-DEL-01,Safdarjung Hospital,B-,PRBC,1,0,0,2,1,0
2026-09-15,HOSP-DEL-01,Safdarjung Hospital,AB+,PRBC,1,0,0,16,14,0
2026-09-15,HOSP-DEL-01,Safdarjung Hospital,AB-,PRBC,1,0,0,4,3,0
2026-09-15,HOSP-DEL-01,Safdarjung Hospital,O+,PRBC,1,0,0,70,61,0
2026-09-15,HOSP-DEL-01,Safdarjung Hospital,O-,PRBC,1,0,0,5,4,1
2026-09-15,HOSP-MAH-02,Lilavati Hospital & Research Centre,A+,PRBC,1,0,0,39,34,0
2026-09-15,HOSP-MAH-02,Lilavati Hospital & Research Centre,A-,PRBC,1,0,0,3,2,0
2026-09-15,HOSP-MAH-02,Lilavati Hospital & Research Centre,B+,PRBC,1,0,0,42,38,0
2026-09-15,HOSP-MAH-02,Lilavati Hospital & Research Centre,B-,PRBC,1,0,0,6,5,1
2026-09-15,HOSP-MAH-02,Lilavati Hospital & Research Centre,AB+,PRBC,1,0,0,16,14,0
2026-09-15,HOSP-MAH-02,Lilavati Hospital & Research Centre,AB-,PRBC,1,0,0,1,0,0
2026-09-15,HOSP-MAH-02,Lilavati Hospital & Research Centre,O+,PRBC,1,0,0,19,16,0
2026-09-15,HOSP-MAH-02,Lilavati Hospital & Research Centre,O-,PRBC,1,0,0,1,0,0
2026-09-15,HOSP-KAR-03,Manipal Hospital Old Airport Road,A+,PRBC,1,0,0,15,14,0
2026-09-15,HOSP-KAR-03,Manipal Hospital Old Airport Road,A-,PRBC,1,0,0,1,0,0
2026-09-15,HOSP-KAR-03,Manipal Hospital Old Airport Road,B+,PRBC,1,0,0,59,50,0
2026-09-15,HOSP-KAR-03,Manipal Hospital Old Airport Road,B-,PRBC,1,0,0,6,5,0
2026-09-15,HOSP-KAR-03,Manipal Hospital Old Airport Road,AB+,PRBC,1,0,0,7,6,0
2026-09-15,HOSP-KAR-03,Manipal Hospital Old Airport Road,AB-,PRBC,1,0,0,1,0,1
2026-09-15,HOSP-KAR-03,Manipal Hospital Old Airport Road,O+,PRBC,1,0,0,33,28,0
2026-09-15,HOSP-KAR-03,Manipal Hospital Old Airport Road,O-,PRBC,1,0,0,4,3,0
2026-09-15,HOSP-TN-04,Apollo Hospitals Greams Road,A+,PRBC,1,0,0,27,26,0
2026-09-15,HOSP-TN-04,Apollo Hospitals Greams Road,A-,PRBC,1,0,0,2,1,0
2026-09-15,HOSP-TN-04,Apollo Hospitals Greams Road,B+,PRBC,1,0,0,72,68,0
2026-09-15,HOSP-TN-04,Apollo Hospitals Greams Road,B-,PRBC,1,0,0,7,6,0
2026-09-15,HOSP-TN-04,Apollo Hospitals Greams Road,AB+,PRBC,1,0,0,20,19,0
2026-09-15,HOSP-TN-04,Apollo Hospitals Greams Road,AB-,PRBC,1,0,0,1,0,0
2026-09-15,HOSP-TN-04,Apollo Hospitals Greams Road,O+,PRBC,1,0,0,38,33,0
2026-09-15,HOSP-TN-04,Apollo Hospitals Greams Road,O-,PRBC,1,0,1,18,16,1
2026-09-15,HOSP-WB-05,SSKM Hospital & IPGMER,A+,PRBC,1,0,0,14,12,0
2026-09-15,HOSP-WB-05,SSKM Hospital & IPGMER,A-,PRBC,1,0,0,1,0,1
2026-09-15,HOSP-WB-05,SSKM Hospital & IPGMER,B+,PRBC,1,0,0,43,37,0
2026-09-15,HOSP-WB-05,SSKM Hospital & IPGMER,B-,PRBC,1,0,0,2,1,1
2026-09-15,HOSP-WB-05,SSKM Hospital & IPGMER,AB+,PRBC,1,0,0,18,16,0
2026-09-15,HOSP-WB-05,SSKM Hospital & IPGMER,AB-,PRBC,1,0,0,1,0,0
2026-09-15,HOSP-WB-05,SSKM Hospital & IPGMER,O+,PRBC,1,0,0,79,67,0
2026-09-15,HOSP-WB-05,SSKM Hospital & IPGMER,O-,PRBC,1,0,0,2,1,0
2026-09-16,HOSP-DEL-01,Safdarjung Hospital,A+,PRBC,2,0,0,20,19,0
2026-09-16,HOSP-DEL-01,Safdarjung Hospital,A-,PRBC,2,0,1,14,12,1
2026-09-16,HOSP-DEL-01,Safdarjung Hospital,B+,PRBC,2,0,0,53,50,0
2026-09-16,HOSP-DEL-01,Safdarjung Hospital,B-,PRBC,2,0,0,4,3,0
2026-09-16,HOSP-DEL-01,Safdarjung Hospital,AB+,PRBC,2,0,0,21,18,0
2026-09-16,HOSP-DEL-01,Safdarjung Hospital,AB-,PRBC,2,0,0,1,0,0
2026-09-16,HOSP-DEL-01,Safdarjung Hospital,O+,PRBC,2,0,0,31,26,0
2026-09-16,HOSP-DEL-01,Safdarjung Hospital,O-,PRBC,2,0,0,10,8,0
2026-09-16,HOSP-MAH-02,Lilavati Hospital & Research Centre,A+,PRBC,2,0,0,43,38,2
2026-09-16,HOSP-MAH-02,Lilavati Hospital & Research Centre,A-,PRBC,2,0,0,1,0,0
2026-09-16,HOSP-MAH-02,Lilavati Hospital & Research Centre,B+,PRBC,2,0,0,33,31,0
2026-09-16,HOSP-MAH-02,Lilavati Hospital & Research Centre,B-,PRBC,2,0,0,2,1,0
2026-09-16,HOSP-MAH-02,Lilavati Hospital & Research Centre,AB+,PRBC,2,0,0,10,8,0
2026-09-16,HOSP-MAH-02,Lilavati Hospital & Research Centre,AB-,PRBC,2,0,0,2,1,0
2026-09-16,HOSP-MAH-02,Lilavati Hospital & Research Centre,O+,PRBC,2,0,0,38,36,0
2026-09-16,HOSP-MAH-02,Lilavati Hospital & Research Centre,O-,PRBC,2,0,0,8,7,2
2026-09-16,HOSP-KAR-03,Manipal Hospital Old Airport Road,A+,PRBC,2,0,0,12,10,0
2026-09-16,HOSP-KAR-03,Manipal Hospital Old Airport Road,A-,PRBC,2,0,0,4,3,0
2026-09-16,HOSP-KAR-03,Manipal Hospital Old Airport Road,B+,PRBC,2,0,0,72,62,0
2026-09-16,HOSP-KAR-03,Manipal Hospital Old Airport Road,B-,PRBC,2,0,0,3,2,0
2026-09-16,HOSP-KAR-03,Manipal Hospital Old Airport Road,AB+,PRBC,2,0,0,17,15,0
2026-09-16,HOSP-KAR-03,Manipal Hospital Old Airport Road,AB-,PRBC,2,0,0,1,0,0
2026-09-16,HOSP-KAR-03,Manipal Hospital Old Airport Road,O+,PRBC,2,0,0,55,53,0
2026-09-16,HOSP-KAR-03,Manipal Hospital Old Airport Road,O-,PRBC,2,0,0,6,5,0
2026-09-16,HOSP-TN-04,Apollo Hospitals Greams Road,A+,PRBC,2,0,0,37,34,0
2026-09-16,HOSP-TN-04,Apollo Hospitals Greams Road,A-,PRBC,2,0,0,3,2,0
2026-09-16,HOSP-TN-04,Apollo Hospitals Greams Road,B+,PRBC,2,0,0,23,21,0
2026-09-16,HOSP-TN-04,Apollo Hospitals Greams Road,B-,PRBC,2,0,0,4,3,0
2026-09-16,HOSP-TN-04,Apollo Hospitals Greams Road,AB+,PRBC,2,0,1,10,9,1
2026-09-16,HOSP-TN-04,Apollo Hospitals Greams Road,AB-,PRBC,2,0,0,2,1,0
2026-09-16,HOSP-TN-04,Apollo Hospitals Greams Road,O+,PRBC,2,0,0,37,32,1
2026-09-16,HOSP-TN-04,Apollo Hospitals Greams Road,O-,PRBC,2,0,0,4,3,0
2026-09-16,HOSP-WB-05,SSKM Hospital & IPGMER,A+,PRBC,2,0,1,27,24,0
2026-09-16,HOSP-WB-05,SSKM Hospital & IPGMER,A-,PRBC,2,0,0,4,3,0
2026-09-16,HOSP-WB-05,SSKM Hospital & IPGMER,B+,PRBC,2,0,1,44,40,1
2026-09-16,HOSP-WB-05,SSKM Hospital & IPGMER,B-,PRBC,2,0,0,4,3,0
2026-09-16,HOSP-WB-05,SSKM Hospital & IPGMER,AB+,PRBC,2,0,0,20,17,0
2026-09-16,HOSP-WB-05,SSKM Hospital & IPGMER,AB-,PRBC,2,0,0,1,0,0
2026-09-16,HOSP-WB-05,SSKM Hospital & IPGMER,O+,PRBC,2,0,0,23,19,0
2026-09-16,HOSP-WB-05,SSKM Hospital & IPGMER,O-,PRBC,2,0,0,1,0,0
2026-09-17,HOSP-DEL-01,Safdarjung Hospital,A+,PRBC,3,0,0,30,26,0
2026-09-17,HOSP-DEL-01,Safdarjung Hospital,A-,PRBC,3,0,0,6,5,1
2026-09-17,HOSP-DEL-01,Safdarjung Hospital,B+,PRBC,3,0,0,68,59,0
2026-09-17,HOSP-DEL-01,Safdarjung Hospital,B-,PRBC,3,0,0,3,2,0
2026-09-17,HOSP-DEL-01,Safdarjung Hospital,AB+,PRBC,3,0,0,7,6,0
2026-09-17,HOSP-DEL-01,Safdarjung Hospital,AB-,PRBC,3,0,1,13,11,0
2026-09-17,HOSP-DEL-01,Safdarjung Hospital,O+,PRBC,3,0,0,25,23,0
2026-09-17,HOSP-DEL-01,Safdarjung Hospital,O-,PRBC,3,0,0,7,6,0
2026-09-17,HOSP-MAH-02,Lilavati Hospital & Research Centre,A+,PRBC,3,0,0,46,41,2
2026-09-17,HOSP-MAH-02,Lilavati Hospital & Research Centre,A-,PRBC,3,0,0,3,2,0
2026-09-17,HOSP-MAH-02,Lilavati Hospital & Research Centre,B+,PRBC,3,0,0,16,15,0
2026-09-17,HOSP-MAH-02,Lilavati Hospital & Research Centre,B-,PRBC,3,0,0,1,0,1
2026-09-17,HOSP-MAH-02,Lilavati Hospital & Research Centre,AB+,PRBC,3,0,1,26,24,0
2026-09-17,HOSP-MAH-02,Lilavati Hospital & Research Centre,AB-,PRBC,3,0,0,2,1,0
2026-09-17,HOSP-MAH-02,Lilavati Hospital & Research Centre,O+,PRBC,3,0,0,36,35,0
2026-09-17,HOSP-MAH-02,Lilavati Hospital & Research Centre,O-,PRBC,3,0,0,8,7,0
2026-09-17,HOSP-KAR-03,Manipal Hospital Old Airport Road,A+,PRBC,3,0,0,32,31,0
2026-09-17,HOSP-KAR-03,Manipal Hospital Old Airport Road,A-,PRBC,3,0,0,4,3,0
2026-09-17,HOSP-KAR-03,Manipal Hospital Old Airport Road,B+,PRBC,3,0,0,23,21,1
2026-09-17,HOSP-KAR-03,Manipal Hospital Old Airport Road,B-,PRBC,3,0,0,6,5,0
2026-09-17,HOSP-KAR-03,Manipal Hospital Old Airport Road,AB+,PRBC,3,0,0,10,9,2
2026-09-17,HOSP-KAR-03,Manipal Hospital Old Airport Road,AB-,PRBC,3,0,0,4,3,0
2026-09-17,HOSP-KAR-03,Manipal Hospital Old Airport Road,O+,PRBC,3,0,0,80,68,0
2026-09-17,HOSP-KAR-03,Manipal Hospital Old Airport Road,O-,PRBC,3,0,0,1,0,0
2026-09-17,HOSP-TN-04,Apollo Hospitals Greams Road,A+,PRBC,3,0,0,36,31,0
2026-09-17,HOSP-TN-04,Apollo Hospitals Greams Road,A-,PRBC,3,0,0,2,1,0
2026-09-17,HOSP-TN-04,Apollo Hospitals Greams Road,B+,PRBC,3,0,0,67,61,0
2026-09-17,HOSP-TN-04,Apollo Hospitals Greams Road,B-,PRBC,3,0,0,3,2,0
2026-09-17,HOSP-TN-04,Apollo Hospitals Greams Road,AB+,PRBC,3,0,0,14,12,0
2026-09-17,HOSP-TN-04,Apollo Hospitals Greams Road,AB-,PRBC,3,0,0,1,0,0
2026-09-17,HOSP-TN-04,Apollo Hospitals Greams Road,O+,PRBC,3,0,1,67,60,0
2026-09-17,HOSP-TN-04,Apollo Hospitals Greams Road,O-,PRBC,3,0,0,9,8,0
2026-09-17,HOSP-WB-05,SSKM Hospital & IPGMER,A+,PRBC,3,0,0,16,14,0
2026-09-17,HOSP-WB-05,SSKM Hospital & IPGMER,A-,PRBC,3,0,0,1,0,0
2026-09-17,HOSP-WB-05,SSKM Hospital & IPGMER,B+,PRBC,3,0,0,37,32,0
2026-09-17,HOSP-WB-05,SSKM Hospital & IPGMER,B-,PRBC,3,0,0,1,0,0
2026-09-17,HOSP-WB-05,SSKM Hospital & IPGMER,AB+,PRBC,3,0,0,7,6,0
2026-09-17,HOSP-WB-05,SSKM Hospital & IPGMER,AB-,PRBC,3,0,0,1,0,0
2026-09-17,HOSP-WB-05,SSKM Hospital & IPGMER,O+,PRBC,3,0,0,77,66,0
2026-09-17,HOSP-WB-05,SSKM Hospital & IPGMER,O-,PRBC,3,0,0,5,4,0
2026-09-18,HOSP-DEL-01,Safdarjung Hospital,A+,PRBC,4,0,0,46,44,0
2026-09-18,HOSP-DEL-01,Safdarjung Hospital,A-,PRBC,4,0,1,14,12,0
2026-09-18,HOSP-DEL-01,Safdarjung Hospital,B+,PRBC,4,0,0,45,41,1
2026-09-18,HOSP-DEL-01,Safdarjung Hospital,B-,PRBC,4,0,0,7,6,0
2026-09-18,HOSP-DEL-01,Safdarjung Hospital,AB+,PRBC,4,0,0,12,10,0
2026-09-18,HOSP-DEL-01,Safdarjung Hospital,AB-,PRBC,4,0,0,1,0,0
2026-09-18,HOSP-DEL-01,Safdarjung Hospital,O+,PRBC,4,0,0,70,62,1
2026-09-18,HOSP-DEL-01,Safdarjung Hospital,O-,PRBC,4,0,0,4,3,0
2026-09-18,HOSP-MAH-02,Lilavati Hospital & Research Centre,A+,PRBC,4,0,0,16,15,2
2026-09-18,HOSP-MAH-02,Lilavati Hospital & Research Centre,A-,PRBC,4,0,0,1,0,0
2026-09-18,HOSP-MAH-02,Lilavati Hospital & Research Centre,B+,PRBC,4,0,0,63,61,0
2026-09-18,HOSP-MAH-02,Lilavati Hospital & Research Centre,B-,PRBC,4,0,0,3,2,0
2026-09-18,HOSP-MAH-02,Lilavati Hospital & Research Centre,AB+,PRBC,4,0,0,9,8,0
2026-09-18,HOSP-MAH-02,Lilavati Hospital & Research Centre,AB-,PRBC,4,0,0,1,0,0
2026-09-18,HOSP-MAH-02,Lilavati Hospital & Research Centre,O+,PRBC,4,0,0,24,20,0
2026-09-18,HOSP-MAH-02,Lilavati Hospital & Research Centre,O-,PRBC,4,0,0,2,1,0
2026-09-18,HOSP-KAR-03,Manipal Hospital Old Airport Road,A+,PRBC,4,0,0,34,29,0
2026-09-18,HOSP-KAR-03,Manipal Hospital Old Airport Road,A-,PRBC,4,0,0,2,1,1
2026-09-18,HOSP-KAR-03,Manipal Hospital Old Airport Road,B+,PRBC,4,0,0,25,22,0
2026-09-18,HOSP-KAR-03,Manipal Hospital Old Airport Road,B-,PRBC,4,0,0,6,5,0
2026-09-18,HOSP-KAR-03,Manipal Hospital Old Airport Road,AB+,PRBC,4,0,0,3,2,0
2026-09-18,HOSP-KAR-03,Manipal Hospital Old Airport Road,AB-,PRBC,4,0,0,1,0,0
2026-09-18,HOSP-KAR-03,Manipal Hospital Old Airport Road,O+,PRBC,4,0,0,31,27,0
2026-09-18,HOSP-KAR-03,Manipal Hospital Old Airport Road,O-,PRBC,4,0,0,7,6,2
2026-09-18,HOSP-TN-04,Apollo Hospitals Greams Road,A+,PRBC,4,0,0,18,15,1
2026-09-18,HOSP-TN-04,Apollo Hospitals Greams Road,A-,PRBC,4,0,0,5,4,0
2026-09-18,HOSP-TN-04,Apollo Hospitals Greams Road,B+,PRBC,4,0,0,42,40,0
2026-09-18,HOSP-TN-04,Apollo Hospitals Greams Road,B-,PRBC,4,0,0,5,4,0
2026-09-18,HOSP-TN-04,Apollo Hospitals Greams Road,AB+,PRBC,4,0,0,19,17,0
2026-09-18,HOSP-TN-04,Apollo Hospitals Greams Road,AB-,PRBC,4,0,0,1,0,0
2026-09-18,HOSP-TN-04,Apollo Hospitals Greams Road,O+,PRBC,4,0,0,24,22,0
2026-09-18,HOSP-TN-04,Apollo Hospitals Greams Road,O-,PRBC,4,0,0,7,6,0
2026-09-18,HOSP-WB-05,SSKM Hospital & IPGMER,A+,PRBC,4,0,0,19,16,0
2026-09-18,HOSP-WB-05,SSKM Hospital & IPGMER,A-,PRBC,4,0,0,3,2,0
2026-09-18,HOSP-WB-05,SSKM Hospital & IPGMER,B+,PRBC,4,0,0,65,63,0
2026-09-18,HOSP-WB-05,SSKM Hospital & IPGMER,B-,PRBC,4,0,0,4,3,1
2026-09-18,HOSP-WB-05,SSKM Hospital & IPGMER,AB+,PRBC,4,0,0,13,12,0
2026-09-18,HOSP-WB-05,SSKM Hospital & IPGMER,AB-,PRBC,4,0,0,1,0,0
2026-09-18,HOSP-WB-05,SSKM Hospital & IPGMER,O+,PRBC,4,0,0,55,47,2
2026-09-18,HOSP-WB-05,SSKM Hospital & IPGMER,O-,PRBC,4,0,0,6,5,0
2026-09-19,HOSP-DEL-01,Safdarjung Hospital,A+,PRBC,5,1,0,61,53,0
2026-09-19,HOSP-DEL-01,Safdarjung Hospital,A-,PRBC,5,1,0,3,2,0
2026-09-19,HOSP-DEL-01,Safdarjung Hospital,B+,PRBC,5,1,0,51,50,0
2026-09-19,HOSP-DEL-01,Safdarjung Hospital,B-,PRBC,5,1,0,8,6,0
2026-09-19,HOSP-DEL-01,Safdarjung Hospital,AB+,PRBC,5,1,0,13,11,1
2026-09-19,HOSP-DEL-01,Safdarjung Hospital,AB-,PRBC,5,1,0,3,2,0
2026-09-19,HOSP-DEL-01,Safdarjung Hospital,O+,PRBC,5,1,0,48,44,1
2026-09-19,HOSP-DEL-01,Safdarjung Hospital,O-,PRBC,5,1,0,6,5,0
2026-09-19,HOSP-MAH-02,Lilavati Hospital & Research Centre,A+,PRBC,5,1,0,41,40,0
2026-09-19,HOSP-MAH-02,Lilavati Hospital & Research Centre,A-,PRBC,5,1,0,1,0,0
2026-09-19,HOSP-MAH-02,Lilavati Hospital & Research Centre,B+,PRBC,5,1,0,25,23,1
2026-09-19,HOSP-MAH-02,Lilavati Hospital & Research Centre,B-,PRBC,5,1,0,1,0,1
2026-09-19,HOSP-MAH-02,Lilavati Hospital & Research Centre,AB+,PRBC,5,1,0,24,21,0
2026-09-19,HOSP-MAH-02,Lilavati Hospital & Research Centre,AB-,PRBC,5,1,0,3,2,1
2026-09-19,HOSP-MAH-02,Lilavati Hospital & Research Centre,O+,PRBC,5,1,0,34,33,0
2026-09-19,HOSP-MAH-02,Lilavati Hospital & Research Centre,O-,PRBC,5,1,0,4,3,0
2026-09-19,HOSP-KAR-03,Manipal Hospital Old Airport Road,A+,PRBC,5,1,0,62,55,1
2026-09-19,HOSP-KAR-03,Manipal Hospital Old Airport Road,A-,PRBC,5,1,0,4,3,0
2026-09-19,HOSP-KAR-03,Manipal Hospital Old Airport Road,B+,PRBC,5,1,1,35,32,0
2026-09-19,HOSP-KAR-03,Manipal Hospital Old Airport Road,B-,PRBC,5,1,0,2,1,0
2026-09-19,HOSP-KAR-03,Manipal Hospital Old Airport Road,AB+,PRBC,5,1,0,16,14,0
2026-09-19,HOSP-KAR-03,Manipal Hospital Old Airport Road,AB-,PRBC,5,1,0,3,2,0
2026-09-19,HOSP-KAR-03,Manipal Hospital Old Airport Road,O+,PRBC,5,1,0,68,66,0
2026-09-19,HOSP-KAR-03,Manipal Hospital Old Airport Road,O-,PRBC,5,1,0,5,4,1
2026-09-19,HOSP-TN-04,Apollo Hospitals Greams Road,A+,PRBC,5,1,0,40,36,0
2026-09-19,HOSP-TN-04,Apollo Hospitals Greams Road,A-,PRBC,5,1,0,4,3,0
2026-09-19,HOSP-TN-04,Apollo Hospitals Greams Road,B+,PRBC,5,1,0,61,54,0
2026-09-19,HOSP-TN-04,Apollo Hospitals Greams Road,B-,PRBC,5,1,0,1,0,0
2026-09-19,HOSP-TN-04,Apollo Hospitals Greams Road,AB+,PRBC,5,1,0,19,16,0
2026-09-19,HOSP-TN-04,Apollo Hospitals Greams Road,AB-,PRBC,5,1,0,1,0,0
2026-09-19,HOSP-TN-04,Apollo Hospitals Greams Road,O+,PRBC,5,1,0,35,34,0
2026-09-19,HOSP-TN-04,Apollo Hospitals Greams Road,O-,PRBC,5,1,0,2,1,0
2026-09-19,HOSP-WB-05,SSKM Hospital & IPGMER,A+,PRBC,5,1,0,23,21,0
2026-09-19,HOSP-WB-05,SSKM Hospital & IPGMER,A-,PRBC,5,1,0,6,5,0
2026-09-19,HOSP-WB-05,SSKM Hospital & IPGMER,B+,PRBC,5,1,0,45,39,0
2026-09-19,HOSP-WB-05,SSKM Hospital & IPGMER,B-,PRBC,5,1,0,8,6,0
2026-09-19,HOSP-WB-05,SSKM Hospital & IPGMER,AB+,PRBC,5,1,1,28,25,0
2026-09-19,HOSP-WB-05,SSKM Hospital & IPGMER,AB-,PRBC,5,1,0,2,1,0
2026-09-19,HOSP-WB-05,SSKM Hospital & IPGMER,O+,PRBC,5,1,0,52,51,0
2026-09-19,HOSP-WB-05,SSKM Hospital & IPGMER,O-,PRBC,5,1,0,3,2,1
2026-09-20,HOSP-DEL-01,Safdarjung Hospital,A+,PRBC,6,1,0,49,45,0
2026-09-20,HOSP-DEL-01,Safdarjung Hospital,A-,PRBC,6,1,0,1,0,0
2026-09-20,HOSP-DEL-01,Safdarjung Hospital,B+,PRBC,6,1,0,74,69,0
2026-09-20,HOSP-DEL-01,Safdarjung Hospital,B-,PRBC,6,1,0,5,4,0
2026-09-20,HOSP-DEL-01,Safdarjung Hospital,AB+,PRBC,6,1,0,23,22,2
2026-09-20,HOSP-DEL-01,Safdarjung Hospital,AB-,PRBC,6,1,0,1,0,0
2026-09-20,HOSP-DEL-01,Safdarjung Hospital,O+,PRBC,6,1,1,85,83,0
2026-09-20,HOSP-DEL-01,Safdarjung Hospital,O-,PRBC,6,1,0,5,4,0
2026-09-20,HOSP-MAH-02,Lilavati Hospital & Research Centre,A+,PRBC,6,1,0,24,21,0
2026-09-20,HOSP-MAH-02,Lilavati Hospital & Research Centre,A-,PRBC,6,1,0,3,2,0
2026-09-20,HOSP-MAH-02,Lilavati Hospital & Research Centre,B+,PRBC,6,1,0,89,76,0
2026-09-20,HOSP-MAH-02,Lilavati Hospital & Research Centre,B-,PRBC,6,1,0,6,5,0
2026-09-20,HOSP-MAH-02,Lilavati Hospital & Research Centre,AB+,PRBC,6,1,0,19,18,0
2026-09-20,HOSP-MAH-02,Lilavati Hospital & Research Centre,AB-,PRBC,6,1,0,1,0,0
2026-09-20,HOSP-MAH-02,Lilavati Hospital & Research Centre,O+,PRBC,6,1,0,49,45,0
2026-09-20,HOSP-MAH-02,Lilavati Hospital & Research Centre,O-,PRBC,6,1,0,8,7,0
2026-09-20,HOSP-KAR-03,Manipal Hospital Old Airport Road,A+,PRBC,6,1,0,12,10,0
2026-09-20,HOSP-KAR-03,Manipal Hospital Old Airport Road,A-,PRBC,6,1,0,1,0,0
2026-09-20,HOSP-KAR-03,Manipal Hospital Old Airport Road,B+,PRBC,6,1,0,29,26,0
2026-09-20,HOSP-KAR-03,Manipal Hospital Old Airport Road,B-,PRBC,6,1,0,1,0,0
2026-09-20,HOSP-KAR-03,Manipal Hospital Old Airport Road,AB+,PRBC,6,1,0,15,14,0
2026-09-20,HOSP-KAR-03,Manipal Hospital Old Airport Road,AB-,PRBC,6,1,0,1,0,0
2026-09-20,HOSP-KAR-03,Manipal Hospital Old Airport Road,O+,PRBC,6,1,0,65,63,0
2026-09-20,HOSP-KAR-03,Manipal Hospital Old Airport Road,O-,PRBC,6,1,0,1,0,0
2026-09-20,HOSP-TN-04,Apollo Hospitals Greams Road,A+,PRBC,6,1,0,54,47,0
2026-09-20,HOSP-TN-04,Apollo Hospitals Greams Road,A-,PRBC,6,1,1,14,12,0
2026-09-20,HOSP-TN-04,Apollo Hospitals Greams Road,B+,PRBC,6,1,0,69,65,0
2026-09-20,HOSP-TN-04,Apollo Hospitals Greams Road,B-,PRBC,6,1,0,1,0,0
2026-09-20,HOSP-TN-04,Apollo Hospitals Greams Road,AB+,PRBC,6,1,0,21,20,0
2026-09-20,HOSP-TN-04,Apollo Hospitals Greams Road,AB-,PRBC,6,1,0,2,1,0
2026-09-20,HOSP-TN-04,Apollo Hospitals Greams Road,O+,PRBC,6,1,0,108,100,0
2026-09-20,HOSP-TN-04,Apollo Hospitals Greams Road,O-,PRBC,6,1,0,4,3,0
2026-09-20,HOSP-WB-05,SSKM Hospital & IPGMER,A+,PRBC,6,1,0,62,55,1
2026-09-20,HOSP-WB-05,SSKM Hospital & IPGMER,A-,PRBC,6,1,0,1,0,0
2026-09-20,HOSP-WB-05,SSKM Hospital & IPGMER,B+,PRBC,6,1,0,52,45,0
2026-09-20,HOSP-WB-05,SSKM Hospital & IPGMER,B-,PRBC,6,1,0,3,2,1
2026-09-20,HOSP-WB-05,SSKM Hospital & IPGMER,AB+,PRBC,6,1,0,18,16,0
2026-09-20,HOSP-WB-05,SSKM Hospital & IPGMER,AB-,PRBC,6,1,0,1,0,0
2026-09-20,HOSP-WB-05,SSKM Hospital & IPGMER,O+,PRBC,6,1,0,40,36,0
2026-09-20,HOSP-WB-05,SSKM Hospital & IPGMER,O-,PRBC,6,1,0,6,5,0
2026-09-21,HOSP-DEL-01,Safdarjung Hospital,A+,PRBC,0,0,0,50,45,0
2026-09-21,HOSP-DEL-01,Safdarjung Hospital,A-,PRBC,0,0,0,1,0,1
2026-09-21,HOSP-DEL-01,Safdarjung Hospital,B+,PRBC,0,0,0,71,67,0
2026-09-21,HOSP-DEL-01,Safdarjung Hospital,B-,PRBC,0,0,0,1,0,0
2026-09-21,HOSP-DEL-01,Safdarjung Hospital,AB+,PRBC,0,0,0,14,12,1
2026-09-21,HOSP-DEL-01,Safdarjung Hospital,AB-,PRBC,0,0,0,1,0,1
2026-09-21,HOSP-DEL-01,Safdarjung Hospital,O+,PRBC,0,0,0,46,40,0
2026-09-21,HOSP-DEL-01,Safdarjung Hospital,O-,PRBC,0,0,0,2,1,2
2026-09-21,HOSP-MAH-02,Lilavati Hospital & Research Centre,A+,PRBC,0,0,0,27,25,0
2026-09-21,HOSP-MAH-02,Lilavati Hospital & Research Centre,A-,PRBC,0,0,0,4,3,0
2026-09-21,HOSP-MAH-02,Lilavati Hospital & Research Centre,B+,PRBC,0,0,0,70,60,0
2026-09-21,HOSP-MAH-02,Lilavati Hospital & Research Centre,B-,PRBC,0,0,0,2,1,0
2026-09-21,HOSP-MAH-02,Lilavati Hospital & Research Centre,AB+,PRBC,0,0,0,10,9,1
2026-09-21,HOSP-MAH-02,Lilavati Hospital & Research Centre,AB-,PRBC,0,0,0,1,0,0
2026-09-21,HOSP-MAH-02,Lilavati Hospital & Research Centre,O+,PRBC,0,0,0,41,35,0
2026-09-21,HOSP-MAH-02,Lilavati Hospital & Research Centre,O-,PRBC,0,0,0,4,3,0
2026-09-21,HOSP-KAR-03,Manipal Hospital Old Airport Road,A+,PRBC,0,0,0,20,19,0
2026-09-21,HOSP-KAR-03,Manipal Hospital Old Airport Road,A-,PRBC,0,0,0,3,2,0
2026-09-21,HOSP-KAR-03,Manipal Hospital Old Airport Road,B+,PRBC,0,0,0,30,27,0
2026-09-21,HOSP-KAR-03,Manipal Hospital Old Airport Road,B-,PRBC,0,0,0,7,6,0
2026-09-21,HOSP-KAR-03,Manipal Hospital Old Airport Road,AB+,PRBC,0,0,0,21,20,0
2026-09-21,HOSP-KAR-03,Manipal Hospital Old Airport Road,AB-,PRBC,0,0,0,4,3,0
2026-09-21,HOSP-KAR-03,Manipal Hospital Old Airport Road,O+,PRBC,0,0,1,67,61,0
2026-09-21,HOSP-KAR-03,Manipal Hospital Old Airport Road,O-,PRBC,0,0,0,2,1,1
2026-09-21,HOSP-TN-04,Apollo Hospitals Greams Road,A+,PRBC,0,0,0,14,12,0
2026-09-21,HOSP-TN-04,Apollo Hospitals Greams Road,A-,PRBC,0,0,0,5,4,0
2026-09-21,HOSP-TN-04,Apollo Hospitals Greams Road,B+,PRBC,0,0,1,41,40,1
2026-09-21,HOSP-TN-04,Apollo Hospitals Greams Road,B-,PRBC,0,0,0,3,2,0
2026-09-21,HOSP-TN-04,Apollo Hospitals Greams Road,AB+,PRBC,0,0,1,22,18,1
2026-09-21,HOSP-TN-04,Apollo Hospitals Greams Road,AB-,PRBC,0,0,1,9,8,0
2026-09-21,HOSP-TN-04,Apollo Hospitals Greams Road,O+,PRBC,0,0,0,21,20,0
2026-09-21,HOSP-TN-04,Apollo Hospitals Greams Road,O-,PRBC,0,0,0,1,0,0
2026-09-21,HOSP-WB-05,SSKM Hospital & IPGMER,A+,PRBC,0,0,0,31,28,0
2026-09-21,HOSP-WB-05,SSKM Hospital & IPGMER,A-,PRBC,0,0,0,1,0,0
2026-09-21,HOSP-WB-05,SSKM Hospital & IPGMER,B+,PRBC,0,0,0,35,31,0
2026-09-21,HOSP-WB-05,SSKM Hospital & IPGMER,B-,PRBC,0,0,0,3,2,0
2026-09-21,HOSP-WB-05,SSKM Hospital & IPGMER,AB+,PRBC,0,0,0,13,12,1
2026-09-21,HOSP-WB-05,SSKM Hospital & IPGMER,AB-,PRBC,0,0,0,1,0,0
2026-09-21,HOSP-WB-05,SSKM Hospital & IPGMER,O+,PRBC,0,0,0,38,36,0
2026-09-21,HOSP-WB-05,SSKM Hospital & IPGMER,O-,PRBC,0,0,0,8,7,0
2026-09-22,HOSP-DEL-01,Safdarjung Hospital,A+,PRBC,1,0,0,27,24,0
2026-09-22,HOSP-DEL-01,Safdarjung Hospital,A-,PRBC,1,0,0,3,2,0
2026-09-22,HOSP-DEL-01,Safdarjung Hospital,B+,PRBC,1,0,0,65,62,0
2026-09-22,HOSP-DEL-01,Safdarjung Hospital,B-,PRBC,1,0,1,18,16,1
2026-09-22,HOSP-DEL-01,Safdarjung Hospital,AB+,PRBC,1,0,0,13,12,1
2026-09-22,HOSP-DEL-01,Safdarjung Hospital,AB-,PRBC,1,0,0,2,1,0
2026-09-22,HOSP-DEL-01,Safdarjung Hospital,O+,PRBC,1,0,0,22,20,0
2026-09-22,HOSP-DEL-01,Safdarjung Hospital,O-,PRBC,1,0,0,6,5,0
2026-09-22,HOSP-MAH-02,Lilavati Hospital & Research Centre,A+,PRBC,1,0,0,33,29,0
2026-09-22,HOSP-MAH-02,Lilavati Hospital & Research Centre,A-,PRBC,1,0,0,2,1,0
2026-09-22,HOSP-MAH-02,Lilavati Hospital & Research Centre,B+,PRBC,1,0,0,43,40,0
2026-09-22,HOSP-MAH-02,Lilavati Hospital & Research Centre,B-,PRBC,1,0,0,1,0,0
2026-09-22,HOSP-MAH-02,Lilavati Hospital & Research Centre,AB+,PRBC,1,0,0,4,3,0
2026-09-22,HOSP-MAH-02,Lilavati Hospital & Research Centre,AB-,PRBC,1,0,0,2,1,0
2026-09-22,HOSP-MAH-02,Lilavati Hospital & Research Centre,O+,PRBC,1,0,0,73,71,1
2026-09-22,HOSP-MAH-02,Lilavati Hospital & Research Centre,O-,PRBC,1,0,1,13,12,0
2026-09-22,HOSP-KAR-03,Manipal Hospital Old Airport Road,A+,PRBC,1,0,0,28,27,0
2026-09-22,HOSP-KAR-03,Manipal Hospital Old Airport Road,A-,PRBC,1,0,0,1,0,0
2026-09-22,HOSP-KAR-03,Manipal Hospital Old Airport Road,B+,PRBC,1,0,1,40,37,1
2026-09-22,HOSP-KAR-03,Manipal Hospital Old Airport Road,B-,PRBC,1,0,0,2,1,0
2026-09-22,HOSP-KAR-03,Manipal Hospital Old Airport Road,AB+,PRBC,1,0,0,7,5,0
2026-09-22,HOSP-KAR-03,Manipal Hospital Old Airport Road,AB-,PRBC,1,0,0,1,0,0
2026-09-22,HOSP-KAR-03,Manipal Hospital Old Airport Road,O+,PRBC,1,0,0,30,28,0
2026-09-22,HOSP-KAR-03,Manipal Hospital Old Airport Road,O-,PRBC,1,0,0,1,0,2
2026-09-22,HOSP-TN-04,Apollo Hospitals Greams Road,A+,PRBC,1,0,0,45,39,0
2026-09-22,HOSP-TN-04,Apollo Hospitals Greams Road,A-,PRBC,1,0,0,3,2,1
2026-09-22,HOSP-TN-04,Apollo Hospitals Greams Road,B+,PRBC,1,0,0,54,52,0
2026-09-22,HOSP-TN-04,Apollo Hospitals Greams Road,B-,PRBC,1,0,0,1,0,0
2026-09-22,HOSP-TN-04,Apollo Hospitals Greams Road,AB+,PRBC,1,0,0,8,7,0
2026-09-22,HOSP-TN-04,Apollo Hospitals Greams Road,AB-,PRBC,1,0,0,1,0,0
2026-09-22,HOSP-TN-04,Apollo Hospitals Greams Road,O+,PRBC,1,0,0,78,76,0
2026-09-22,HOSP-TN-04,Apollo Hospitals Greams Road,O-,PRBC,1,0,0,6,5,0
2026-09-22,HOSP-WB-05,SSKM Hospital & IPGMER,A+,PRBC,1,0,0,49,45,0
2026-09-22,HOSP-WB-05,SSKM Hospital & IPGMER,A-,PRBC,1,0,0,1,0,0
2026-09-22,HOSP-WB-05,SSKM Hospital & IPGMER,B+,PRBC,1,0,0,64,63,0
2026-09-22,HOSP-WB-05,SSKM Hospital & IPGMER,B-,PRBC,1,0,0,1,0,0
2026-09-22,HOSP-WB-05,SSKM Hospital & IPGMER,AB+,PRBC,1,0,1,19,17,1
2026-09-22,HOSP-WB-05,SSKM Hospital & IPGMER,AB-,PRBC,1,0,0,3,2,0
2026-09-22,HOSP-WB-05,SSKM Hospital & IPGMER,O+,PRBC,1,0,0,53,47,0
2026-09-22,HOSP-WB-05,SSKM Hospital & IPGMER,O-,PRBC,1,0,0,1,0,0
2026-09-23,HOSP-DEL-01,Safdarjung Hospital,A+,PRBC,2,0,0,32,27,0
2026-09-23,HOSP-DEL-01,Safdarjung Hospital,A-,PRBC,2,0,0,1,0,1
2026-09-23,HOSP-DEL-01,Safdarjung Hospital,B+,PRBC,2,0,1,65,57,0
2026-09-23,HOSP-DEL-01,Safdarjung Hospital,B-,PRBC,2,0,0,3,2,0
2026-09-23,HOSP-DEL-01,Safdarjung Hospital,AB+,PRBC,2,0,0,15,14,0
2026-09-23,HOSP-DEL-01,Safdarjung Hospital,AB-,PRBC,2,0,0,2,1,0
2026-09-23,HOSP-DEL-01,Safdarjung Hospital,O+,PRBC,2,0,0,26,25,0
2026-09-23,HOSP-DEL-01,Safdarjung Hospital,O-,PRBC,2,0,0,7,6,0
2026-09-23,HOSP-MAH-02,Lilavati Hospital & Research Centre,A+,PRBC,2,0,0,26,24,0
2026-09-23,HOSP-MAH-02,Lilavati Hospital & Research Centre,A-,PRBC,2,0,0,4,3,0
2026-09-23,HOSP-MAH-02,Lilavati Hospital & Research Centre,B+,PRBC,2,0,0,15,14,0
2026-09-23,HOSP-MAH-02,Lilavati Hospital & Research Centre,B-,PRBC,2,0,0,2,1,0
2026-09-23,HOSP-MAH-02,Lilavati Hospital & Research Centre,AB+,PRBC,2,0,0,11,10,0
2026-09-23,HOSP-MAH-02,Lilavati Hospital & Research Centre,AB-,PRBC,2,0,0,1,0,0
2026-09-23,HOSP-MAH-02,Lilavati Hospital & Research Centre,O+,PRBC,2,0,0,37,31,0
2026-09-23,HOSP-MAH-02,Lilavati Hospital & Research Centre,O-,PRBC,2,0,0,3,2,0
2026-09-23,HOSP-KAR-03,Manipal Hospital Old Airport Road,A+,PRBC,2,0,0,36,31,0
2026-09-23,HOSP-KAR-03,Manipal Hospital Old Airport Road,A-,PRBC,2,0,0,1,0,0
2026-09-23,HOSP-KAR-03,Manipal Hospital Old Airport Road,B+,PRBC,2,0,0,34,29,0
2026-09-23,HOSP-KAR-03,Manipal Hospital Old Airport Road,B-,PRBC,2,0,0,1,0,0
2026-09-23,HOSP-KAR-03,Manipal Hospital Old Airport Road,AB+,PRBC,2,0,0,14,13,0
2026-09-23,HOSP-KAR-03,Manipal Hospital Old Airport Road,AB-,PRBC,2,0,0,1,0,0
2026-09-23,HOSP-KAR-03,Manipal Hospital Old Airport Road,O+,PRBC,2,0,0,54,48,0
2026-09-23,HOSP-KAR-03,Manipal Hospital Old Airport Road,O-,PRBC,2,0,0,3,2,0
2026-09-23,HOSP-TN-04,Apollo Hospitals Greams Road,A+,PRBC,2,0,0,22,19,0
2026-09-23,HOSP-TN-04,Apollo Hospitals Greams Road,A-,PRBC,2,0,0,1,0,0
2026-09-23,HOSP-TN-04,Apollo Hospitals Greams Road,B+,PRBC,2,0,0,47,46,1
2026-09-23,HOSP-TN-04,Apollo Hospitals Greams Road,B-,PRBC,2,0,0,4,3,0
2026-09-23,HOSP-TN-04,Apollo Hospitals Greams Road,AB+,PRBC,2,0,0,10,9,0
2026-09-23,HOSP-TN-04,Apollo Hospitals Greams Road,AB-,PRBC,2,0,0,1,0,0
2026-09-23,HOSP-TN-04,Apollo Hospitals Greams Road,O+,PRBC,2,0,0,76,70,0
2026-09-23,HOSP-TN-04,Apollo Hospitals Greams Road,O-,PRBC,2,0,0,1,0,0
2026-09-23,HOSP-WB-05,SSKM Hospital & IPGMER,A+,PRBC,2,0,0,48,45,0
2026-09-23,HOSP-WB-05,SSKM Hospital & IPGMER,A-,PRBC,2,0,0,4,3,0
2026-09-23,HOSP-WB-05,SSKM Hospital & IPGMER,B+,PRBC,2,0,0,43,39,0
2026-09-23,HOSP-WB-05,SSKM Hospital & IPGMER,B-,PRBC,2,0,0,4,3,0
2026-09-23,HOSP-WB-05,SSKM Hospital & IPGMER,AB+,PRBC,2,0,0,8,7,0
2026-09-23,HOSP-WB-05,SSKM Hospital & IPGMER,AB-,PRBC,2,0,0,3,2,1
2026-09-23,HOSP-WB-05,SSKM Hospital & IPGMER,O+,PRBC,2,0,0,18,15,2
2026-09-23,HOSP-WB-05,SSKM Hospital & IPGMER,O-,PRBC,2,0,0,4,3,0
2026-09-24,HOSP-DEL-01,Safdarjung Hospital,A+,PRBC,3,0,0,44,42,1
2026-09-24,HOSP-DEL-01,Safdarjung Hospital,A-,PRBC,3,0,0,6,5,0
2026-09-24,HOSP-DEL-01,Safdarjung Hospital,B+,PRBC,3,0,0,22,20,0
2026-09-24,HOSP-DEL-01,Safdarjung Hospital,B-,PRBC,3,0,0,6,5,0
2026-09-24,HOSP-DEL-01,Safdarjung Hospital,AB+,PRBC,3,0,0,8,7,0
2026-09-24,HOSP-DEL-01,Safdarjung Hospital,AB-,PRBC,3,0,0,1,0,0
2026-09-24,HOSP-DEL-01,Safdarjung Hospital,O+,PRBC,3,0,0,37,33,0
2026-09-24,HOSP-DEL-01,Safdarjung Hospital,O-,PRBC,3,0,0,4,3,0
2026-09-24,HOSP-MAH-02,Lilavati Hospital & Research Centre,A+,PRBC,3,0,0,29,25,0
2026-09-24,HOSP-MAH-02,Lilavati Hospital & Research Centre,A-,PRBC,3,0,0,3,2,0
2026-09-24,HOSP-MAH-02,Lilavati Hospital & Research Centre,B+,PRBC,3,0,0,17,14,1
2026-09-24,HOSP-MAH-02,Lilavati Hospital & Research Centre,B-,PRBC,3,0,0,3,2,0
2026-09-24,HOSP-MAH-02,Lilavati Hospital & Research Centre,AB+,PRBC,3,0,0,6,5,1
2026-09-24,HOSP-MAH-02,Lilavati Hospital & Research Centre,AB-,PRBC,3,0,0,3,2,1
2026-09-24,HOSP-MAH-02,Lilavati Hospital & Research Centre,O+,PRBC,3,0,0,59,52,0
2026-09-24,HOSP-MAH-02,Lilavati Hospital & Research Centre,O-,PRBC,3,0,0,5,4,0
2026-09-24,HOSP-KAR-03,Manipal Hospital Old Airport Road,A+,PRBC,3,0,0,28,24,0
2026-09-24,HOSP-KAR-03,Manipal Hospital Old Airport Road,A-,PRBC,3,0,0,1,0,0
2026-09-24,HOSP-KAR-03,Manipal Hospital Old Airport Road,B+,PRBC,3,0,0,53,47,0
2026-09-24,HOSP-KAR-03,Manipal Hospital Old Airport Road,B-,PRBC,3,0,0,3,2,1
2026-09-24,HOSP-KAR-03,Manipal Hospital Old Airport Road,AB+,PRBC,3,0,0,7,6,1
2026-09-24,HOSP-KAR-03,Manipal Hospital Old Airport Road,AB-,PRBC,3,0,0,1,0,1
2026-09-24,HOSP-KAR-03,Manipal Hospital Old Airport Road,O+,PRBC,3,0,0,36,34,0
2026-09-24,HOSP-KAR-03,Manipal Hospital Old Airport Road,O-,PRBC,3,0,0,1,0,1
2026-09-24,HOSP-TN-04,Apollo Hospitals Greams Road,A+,PRBC,3,0,0,21,18,0
2026-09-24,HOSP-TN-04,Apollo Hospitals Greams Road,A-,PRBC,3,0,0,5,4,0
2026-09-24,HOSP-TN-04,Apollo Hospitals Greams Road,B+,PRBC,3,0,0,54,51,0
2026-09-24,HOSP-TN-04,Apollo Hospitals Greams Road,B-,PRBC,3,0,0,2,1,0
2026-09-24,HOSP-TN-04,Apollo Hospitals Greams Road,AB+,PRBC,3,0,0,17,15,0
2026-09-24,HOSP-TN-04,Apollo Hospitals Greams Road,AB-,PRBC,3,0,0,1,0,0
2026-09-24,HOSP-TN-04,Apollo Hospitals Greams Road,O+,PRBC,3,0,0,85,79,0
2026-09-24,HOSP-TN-04,Apollo Hospitals Greams Road,O-,PRBC,3,0,0,1,0,0
2026-09-24,HOSP-WB-05,SSKM Hospital & IPGMER,A+,PRBC,3,0,0,14,13,0
2026-09-24,HOSP-WB-05,SSKM Hospital & IPGMER,A-,PRBC,3,0,0,4,3,0
2026-09-24,HOSP-WB-05,SSKM Hospital & IPGMER,B+,PRBC,3,0,0,53,45,0
2026-09-24,HOSP-WB-05,SSKM Hospital & IPGMER,B-,PRBC,3,0,0,1,0,0
2026-09-24,HOSP-WB-05,SSKM Hospital & IPGMER,AB+,PRBC,3,0,0,9,8,0
2026-09-24,HOSP-WB-05,SSKM Hospital & IPGMER,AB-,PRBC,3,0,0,3,2,1
2026-09-24,HOSP-WB-05,SSKM Hospital & IPGMER,O+,PRBC,3,0,1,32,27,1
2026-09-24,HOSP-WB-05,SSKM Hospital & IPGMER,O-,PRBC,3,0,0,3,2,0
2026-09-25,HOSP-DEL-01,Safdarjung Hospital,A+,PRBC,4,0,0,12,11,0
2026-09-25,HOSP-DEL-01,Safdarjung Hospital,A-,PRBC,4,0,1,9,8,0
2026-09-25,HOSP-DEL-01,Safdarjung Hospital,B+,PRBC,4,0,1,20,18,0
2026-09-25,HOSP-DEL-01,Safdarjung Hospital,B-,PRBC,4,0,0,7,6,0
2026-09-25,HOSP-DEL-01,Safdarjung Hospital,AB+,PRBC,4,0,0,11,9,0
2026-09-25,HOSP-DEL-01,Safdarjung Hospital,AB-,PRBC,4,0,0,2,1,1
2026-09-25,HOSP-DEL-01,Safdarjung Hospital,O+,PRBC,4,0,0,63,61,0
2026-09-25,HOSP-DEL-01,Safdarjung Hospital,O-,PRBC,4,0,0,3,2,0
2026-09-25,HOSP-MAH-02,Lilavati Hospital & Research Centre,A+,PRBC,4,0,0,42,37,0
2026-09-25,HOSP-MAH-02,Lilavati Hospital & Research Centre,A-,PRBC,4,0,0,1,0,0
2026-09-25,HOSP-MAH-02,Lilavati Hospital & Research Centre,B+,PRBC,4,0,0,42,41,0
2026-09-25,HOSP-MAH-02,Lilavati Hospital & Research Centre,B-,PRBC,4,0,0,2,1,0
2026-09-25,HOSP-MAH-02,Lilavati Hospital & Research Centre,AB+,PRBC,4,0,0,12,10,0
2026-09-25,HOSP-MAH-02,Lilavati Hospital & Research Centre,AB-,PRBC,4,0,0,1,0,0
2026-09-25,HOSP-MAH-02,Lilavati Hospital & Research Centre,O+,PRBC,4,0,0,71,67,0
2026-09-25,HOSP-MAH-02,Lilavati Hospital & Research Centre,O-,PRBC,4,0,0,4,3,0
2026-09-25,HOSP-KAR-03,Manipal Hospital Old Airport Road,A+,PRBC,4,0,0,37,32,2
2026-09-25,HOSP-KAR-03,Manipal Hospital Old Airport Road,A-,PRBC,4,0,0,1,0,0
2026-09-25,HOSP-KAR-03,Manipal Hospital Old Airport Road,B+,PRBC,4,0,0,53,46,0
2026-09-25,HOSP-KAR-03,Manipal Hospital Old Airport Road,B-,PRBC,4,0,0,1,0,0
2026-09-25,HOSP-KAR-03,Manipal Hospital Old Airport Road,AB+,PRBC,4,0,0,16,14,0
2026-09-25,HOSP-KAR-03,Manipal Hospital Old Airport Road,AB-,PRBC,4,0,1,11,9,0
2026-09-25,HOSP-KAR-03,Manipal Hospital Old Airport Road,O+,PRBC,4,0,0,25,22,0
2026-09-25,HOSP-KAR-03,Manipal Hospital Old Airport Road,O-,PRBC,4,0,0,2,1,0
2026-09-25,HOSP-TN-04,Apollo Hospitals Greams Road,A+,PRBC,4,0,1,53,52,0
2026-09-25,HOSP-TN-04,Apollo Hospitals Greams Road,A-,PRBC,4,0,0,1,0,0
2026-09-25,HOSP-TN-04,Apollo Hospitals Greams Road,B+,PRBC,4,0,0,55,48,0
2026-09-25,HOSP-TN-04,Apollo Hospitals Greams Road,B-,PRBC,4,0,0,2,1,0
2026-09-25,HOSP-TN-04,Apollo Hospitals Greams Road,AB+,PRBC,4,0,0,19,17,0
2026-09-25,HOSP-TN-04,Apollo Hospitals Greams Road,AB-,PRBC,4,0,0,1,0,0
2026-09-25,HOSP-TN-04,Apollo Hospitals Greams Road,O+,PRBC,4,0,0,47,43,0
2026-09-25,HOSP-TN-04,Apollo Hospitals Greams Road,O-,PRBC,4,0,1,22,19,0
2026-09-25,HOSP-WB-05,SSKM Hospital & IPGMER,A+,PRBC,4,0,0,33,29,0
2026-09-25,HOSP-WB-05,SSKM Hospital & IPGMER,A-,PRBC,4,0,0,1,0,0
2026-09-25,HOSP-WB-05,SSKM Hospital & IPGMER,B+,PRBC,4,0,0,23,20,0
2026-09-25,HOSP-WB-05,SSKM Hospital & IPGMER,B-,PRBC,4,0,0,3,2,0
2026-09-25,HOSP-WB-05,SSKM Hospital & IPGMER,AB+,PRBC,4,0,0,6,5,1
2026-09-25,HOSP-WB-05,SSKM Hospital & IPGMER,AB-,PRBC,4,0,0,3,2,0
2026-09-25,HOSP-WB-05,SSKM Hospital & IPGMER,O+,PRBC,4,0,0,22,19,0
2026-09-25,HOSP-WB-05,SSKM Hospital & IPGMER,O-,PRBC,4,0,0,5,4,2
2026-09-26,HOSP-DEL-01,Safdarjung Hospital,A+,PRBC,5,1,0,33,28,1
2026-09-26,HOSP-DEL-01,Safdarjung Hospital,A-,PRBC,5,1,0,1,0,2
2026-09-26,HOSP-DEL-01,Safdarjung Hospital,B+,PRBC,5,1,0,89,86,0
2026-09-26,HOSP-DEL-01,Safdarjung Hospital,B-,PRBC,5,1,0,5,4,1
2026-09-26,HOSP-DEL-01,Safdarjung Hospital,AB+,PRBC,5,1,0,16,15,2
2026-09-26,HOSP-DEL-01,Safdarjung Hospital,AB-,PRBC,5,1,0,4,3,0
2026-09-26,HOSP-DEL-01,Safdarjung Hospital,O+,PRBC,5,1,0,81,75,0
2026-09-26,HOSP-DEL-01,Safdarjung Hospital,O-,PRBC,5,1,0,4,3,0
2026-09-26,HOSP-MAH-02,Lilavati Hospital & Research Centre,A+,PRBC,5,1,0,16,14,0
2026-09-26,HOSP-MAH-02,Lilavati Hospital & Research Centre,A-,PRBC,5,1,0,5,4,0
2026-09-26,HOSP-MAH-02,Lilavati Hospital & Research Centre,B+,PRBC,5,1,0,77,72,0
2026-09-26,HOSP-MAH-02,Lilavati Hospital & Research Centre,B-,PRBC,5,1,0,2,1,0
2026-09-26,HOSP-MAH-02,Lilavati Hospital & Research Centre,AB+,PRBC,5,1,0,26,24,0
2026-09-26,HOSP-MAH-02,Lilavati Hospital & Research Centre,AB-,PRBC,5,1,0,1,0,0
2026-09-26,HOSP-MAH-02,Lilavati Hospital & Research Centre,O+,PRBC,5,1,0,57,49,0
2026-09-26,HOSP-MAH-02,Lilavati Hospital & Research Centre,O-,PRBC,5,1,0,2,1,0
2026-09-26,HOSP-KAR-03,Manipal Hospital Old Airport Road,A+,PRBC,5,1,0,23,21,0
2026-09-26,HOSP-KAR-03,Manipal Hospital Old Airport Road,A-,PRBC,5,1,0,1,0,0
2026-09-26,HOSP-KAR-03,Manipal Hospital Old Airport Road,B+,PRBC,5,1,1,38,35,1
2026-09-26,HOSP-KAR-03,Manipal Hospital Old Airport Road,B-,PRBC,5,1,1,7,6,0
2026-09-26,HOSP-KAR-03,Manipal Hospital Old Airport Road,AB+,PRBC,5,1,0,21,19,0
2026-09-26,HOSP-KAR-03,Manipal Hospital Old Airport Road,AB-,PRBC,5,1,0,2,1,0
2026-09-26,HOSP-KAR-03,Manipal Hospital Old Airport Road,O+,PRBC,5,1,0,88,82,2
2026-09-26,HOSP-KAR-03,Manipal Hospital Old Airport Road,O-,PRBC,5,1,0,7,6,0
2026-09-26,HOSP-TN-04,Apollo Hospitals Greams Road,A+,PRBC,5,1,0,57,56,0
2026-09-26,HOSP-TN-04,Apollo Hospitals Greams Road,A-,PRBC,5,1,0,1,0,0
2026-09-26,HOSP-TN-04,Apollo Hospitals Greams Road,B+,PRBC,5,1,0,77,69,0
2026-09-26,HOSP-TN-04,Apollo Hospitals Greams Road,B-,PRBC,5,1,0,1,0,0
2026-09-26,HOSP-TN-04,Apollo Hospitals Greams Road,AB+,PRBC,5,1,0,24,20,0
2026-09-26,HOSP-TN-04,Apollo Hospitals Greams Road,AB-,PRBC,5,1,0,1,0,0
2026-09-26,HOSP-TN-04,Apollo Hospitals Greams Road,O+,PRBC,5,1,0,82,78,0
2026-09-26,HOSP-TN-04,Apollo Hospitals Greams Road,O-,PRBC,5,1,0,6,5,0
2026-09-26,HOSP-WB-05,SSKM Hospital & IPGMER,A+,PRBC,5,1,0,44,38,0
2026-09-26,HOSP-WB-05,SSKM Hospital & IPGMER,A-,PRBC,5,1,1,19,16,0
2026-09-26,HOSP-WB-05,SSKM Hospital & IPGMER,B+,PRBC,5,1,0,27,25,0
2026-09-26,HOSP-WB-05,SSKM Hospital & IPGMER,B-,PRBC,5,1,0,3,2,1
2026-09-26,HOSP-WB-05,SSKM Hospital & IPGMER,AB+,PRBC,5,1,0,21,18,0
2026-09-26,HOSP-WB-05,SSKM Hospital & IPGMER,AB-,PRBC,5,1,0,2,1,0
2026-09-26,HOSP-WB-05,SSKM Hospital & IPGMER,O+,PRBC,5,1,0,40,34,0
2026-09-26,HOSP-WB-05,SSKM Hospital & IPGMER,O-,PRBC,5,1,0,1,0,0
2026-09-27,HOSP-DEL-01,Safdarjung Hospital,A+,PRBC,6,1,0,62,57,0
2026-09-27,HOSP-DEL-01,Safdarjung Hospital,A-,PRBC,6,1,1,11,9,0
2026-09-27,HOSP-DEL-01,Safdarjung Hospital,B+,PRBC,6,1,0,88,80,0
2026-09-27,HOSP-DEL-01,Safdarjung Hospital,B-,PRBC,6,1,1,15,12,0
2026-09-27,HOSP-DEL-01,Safdarjung Hospital,AB+,PRBC,6,1,0,26,25,0
2026-09-27,HOSP-DEL-01,Safdarjung Hospital,AB-,PRBC,6,1,0,1,0,0
2026-09-27,HOSP-DEL-01,Safdarjung Hospital,O+,PRBC,6,1,1,101,92,0
2026-09-27,HOSP-DEL-01,Safdarjung Hospital,O-,PRBC,6,1,0,1,0,0
2026-09-27,HOSP-MAH-02,Lilavati Hospital & Research Centre,A+,PRBC,6,1,0,60,58,0
2026-09-27,HOSP-MAH-02,Lilavati Hospital & Research Centre,A-,PRBC,6,1,0,1,0,0
2026-09-27,HOSP-MAH-02,Lilavati Hospital & Research Centre,B+,PRBC,6,1,0,78,71,0
2026-09-27,HOSP-MAH-02,Lilavati Hospital & Research Centre,B-,PRBC,6,1,1,14,12,0
2026-09-27,HOSP-MAH-02,Lilavati Hospital & Research Centre,AB+,PRBC,6,1,0,4,3,0
2026-09-27,HOSP-MAH-02,Lilavati Hospital & Research Centre,AB-,PRBC,6,1,0,3,2,0
2026-09-27,HOSP-MAH-02,Lilavati Hospital & Research Centre,O+,PRBC,6,1,0,26,25,0
2026-09-27,HOSP-MAH-02,Lilavati Hospital & Research Centre,O-,PRBC,6,1,0,2,1,0
2026-09-27,HOSP-KAR-03,Manipal Hospital Old Airport Road,A+,PRBC,6,1,0,15,13,0
2026-09-27,HOSP-KAR-03,Manipal Hospital Old Airport Road,A-,PRBC,6,1,1,6,5,0
2026-09-27,HOSP-KAR-03,Manipal Hospital Old Airport Road,B+,PRBC,6,1,0,26,24,0
2026-09-27,HOSP-KAR-03,Manipal Hospital Old Airport Road,B-,PRBC,6,1,0,8,6,0
2026-09-27,HOSP-KAR-03,Manipal Hospital Old Airport Road,AB+,PRBC,6,1,0,14,13,1
2026-09-27,HOSP-KAR-03,Manipal Hospital Old Airport Road,AB-,PRBC,6,1,0,3,2,0
2026-09-27,HOSP-KAR-03,Manipal Hospital Old Airport Road,O+,PRBC,6,1,0,107,98,0
2026-09-27,HOSP-KAR-03,Manipal Hospital Old Airport Road,O-,PRBC,6,1,0,3,2,1
2026-09-27,HOSP-TN-04,Apollo Hospitals Greams Road,A+,PRBC,6,1,0,38,35,1
2026-09-27,HOSP-TN-04,Apollo Hospitals Greams Road,A-,PRBC,6,1,0,1,0,0
2026-09-27,HOSP-TN-04,Apollo Hospitals Greams Road,B+,PRBC,6,1,0,51,46,0
2026-09-27,HOSP-TN-04,Apollo Hospitals Greams Road,B-,PRBC,6,1,0,1,0,0
2026-09-27,HOSP-TN-04,Apollo Hospitals Greams Road,AB+,PRBC,6,1,0,7,6,0
2026-09-27,HOSP-TN-04,Apollo Hospitals Greams Road,AB-,PRBC,6,1,0,1,0,0
2026-09-27,HOSP-TN-04,Apollo Hospitals Greams Road,O+,PRBC,6,1,0,93,88,0
2026-09-27,HOSP-TN-04,Apollo Hospitals Greams Road,O-,PRBC,6,1,0,2,1,0
2026-09-27,HOSP-WB-05,SSKM Hospital & IPGMER,A+,PRBC,6,1,0,19,17,0
2026-09-27,HOSP-WB-05,SSKM Hospital & IPGMER,A-,PRBC,6,1,0,1,0,0
2026-09-27,HOSP-WB-05,SSKM Hospital & IPGMER,B+,PRBC,6,1,0,34,31,0
2026-09-27,HOSP-WB-05,SSKM Hospital & IPGMER,B-,PRBC,6,1,0,1,0,1
2026-09-27,HOSP-WB-05,SSKM Hospital & IPGMER,AB+,PRBC,6,1,0,15,13,0
2026-09-27,HOSP-WB-05,SSKM Hospital & IPGMER,AB-,PRBC,6,1,0,3,2,0
2026-09-27,HOSP-WB-05,SSKM Hospital & IPGMER,O+,PRBC,6,1,0,47,41,0
2026-09-27,HOSP-WB-05,SSKM Hospital & IPGMER,O-,PRBC,6,1,0,8,7,0
